
simpleserial-kyberprobe-decoder-CWLITEARM.elf:     file format elf32-littlearm


Disassembly of section .text:

08000188 <deregister_tm_clones>:
 8000188:	4803      	ldr	r0, [pc, #12]	@ (8000198 <deregister_tm_clones+0x10>)
 800018a:	4b04      	ldr	r3, [pc, #16]	@ (800019c <deregister_tm_clones+0x14>)
 800018c:	4283      	cmp	r3, r0
 800018e:	d002      	beq.n	8000196 <deregister_tm_clones+0xe>
 8000190:	4b03      	ldr	r3, [pc, #12]	@ (80001a0 <deregister_tm_clones+0x18>)
 8000192:	b103      	cbz	r3, 8000196 <deregister_tm_clones+0xe>
 8000194:	4718      	bx	r3
 8000196:	4770      	bx	lr
 8000198:	20000400 	.word	0x20000400
 800019c:	20000400 	.word	0x20000400
 80001a0:	00000000 	.word	0x00000000

080001a4 <register_tm_clones>:
 80001a4:	4805      	ldr	r0, [pc, #20]	@ (80001bc <register_tm_clones+0x18>)
 80001a6:	4b06      	ldr	r3, [pc, #24]	@ (80001c0 <register_tm_clones+0x1c>)
 80001a8:	1a1b      	subs	r3, r3, r0
 80001aa:	0fd9      	lsrs	r1, r3, #31
 80001ac:	eb01 01a3 	add.w	r1, r1, r3, asr #2
 80001b0:	1049      	asrs	r1, r1, #1
 80001b2:	d002      	beq.n	80001ba <register_tm_clones+0x16>
 80001b4:	4b03      	ldr	r3, [pc, #12]	@ (80001c4 <register_tm_clones+0x20>)
 80001b6:	b103      	cbz	r3, 80001ba <register_tm_clones+0x16>
 80001b8:	4718      	bx	r3
 80001ba:	4770      	bx	lr
 80001bc:	20000400 	.word	0x20000400
 80001c0:	20000400 	.word	0x20000400
 80001c4:	00000000 	.word	0x00000000

080001c8 <__do_global_dtors_aux>:
 80001c8:	b510      	push	{r4, lr}
 80001ca:	4c06      	ldr	r4, [pc, #24]	@ (80001e4 <__do_global_dtors_aux+0x1c>)
 80001cc:	7823      	ldrb	r3, [r4, #0]
 80001ce:	b943      	cbnz	r3, 80001e2 <__do_global_dtors_aux+0x1a>
 80001d0:	f7ff ffda 	bl	8000188 <deregister_tm_clones>
 80001d4:	4b04      	ldr	r3, [pc, #16]	@ (80001e8 <__do_global_dtors_aux+0x20>)
 80001d6:	b113      	cbz	r3, 80001de <__do_global_dtors_aux+0x16>
 80001d8:	4804      	ldr	r0, [pc, #16]	@ (80001ec <__do_global_dtors_aux+0x24>)
 80001da:	f3af 8000 	nop.w
 80001de:	2301      	movs	r3, #1
 80001e0:	7023      	strb	r3, [r4, #0]
 80001e2:	bd10      	pop	{r4, pc}
 80001e4:	20000400 	.word	0x20000400
 80001e8:	00000000 	.word	0x00000000
 80001ec:	0800bc7c 	.word	0x0800bc7c

080001f0 <frame_dummy>:
 80001f0:	b508      	push	{r3, lr}
 80001f2:	4b04      	ldr	r3, [pc, #16]	@ (8000204 <frame_dummy+0x14>)
 80001f4:	b11b      	cbz	r3, 80001fe <frame_dummy+0xe>
 80001f6:	4904      	ldr	r1, [pc, #16]	@ (8000208 <frame_dummy+0x18>)
 80001f8:	4804      	ldr	r0, [pc, #16]	@ (800020c <frame_dummy+0x1c>)
 80001fa:	f3af 8000 	nop.w
 80001fe:	e8bd 4008 	ldmia.w	sp!, {r3, lr}
 8000202:	e7cf      	b.n	80001a4 <register_tm_clones>
 8000204:	00000000 	.word	0x00000000
 8000208:	20000404 	.word	0x20000404
 800020c:	0800bc7c 	.word	0x0800bc7c

08000210 <frombytes_mul_asm_16_32>:
 8000210:	e92d 4ff0 	stmdb	sp!, {r4, r5, r6, r7, r8, r9, sl, fp, lr}
 8000214:	f640 5c01 	movw	ip, #3329	@ 0xd01
 8000218:	f6c0 4cff 	movt	ip, #3327	@ 0xcff
 800021c:	f500 6e80 	add.w	lr, r0, #1024	@ 0x400
 8000220:	f833 bb02 	ldrh.w	fp, [r3], #2
 8000224:	f892 6002 	ldrb.w	r6, [r2, #2]
 8000228:	f8b2 7003 	ldrh.w	r7, [r2, #3]
 800022c:	f892 9005 	ldrb.w	r9, [r2, #5]
 8000230:	f832 ab06 	ldrh.w	sl, [r2], #6
 8000234:	f3ca 3503 	ubfx	r5, sl, #12, #4
 8000238:	f3ca 040b 	ubfx	r4, sl, #0, #12
 800023c:	ea45 1506 	orr.w	r5, r5, r6, lsl #4
 8000240:	ea44 4405 	orr.w	r4, r4, r5, lsl #16
 8000244:	f3c7 3503 	ubfx	r5, r7, #12, #4
 8000248:	f3c7 080b 	ubfx	r8, r7, #0, #12
 800024c:	ea45 1509 	orr.w	r5, r5, r9, lsl #4
 8000250:	ea48 4505 	orr.w	r5, r8, r5, lsl #16
 8000254:	f851 6b04 	ldr.w	r6, [r1], #4
 8000258:	f851 7b04 	ldr.w	r7, [r1], #4
 800025c:	fb16 f834 	smultt	r8, r6, r4
 8000260:	fb18 fa1c 	smulbt	sl, r8, ip
 8000264:	fb1c 8a0a 	smlabb	sl, ip, sl, r8
 8000268:	fb1a fa2b 	smultb	sl, sl, fp
 800026c:	fb16 aa04 	smlabb	sl, r6, r4, sl
 8000270:	f840 ab04 	str.w	sl, [r0], #4
 8000274:	fb26 f814 	smuadx	r8, r6, r4
 8000278:	f840 8b04 	str.w	r8, [r0], #4
 800027c:	f1cb 0b00 	rsb	fp, fp, #0
 8000280:	fb17 f835 	smultt	r8, r7, r5
 8000284:	fb18 fa1c 	smulbt	sl, r8, ip
 8000288:	fb1c 8a0a 	smlabb	sl, ip, sl, r8
 800028c:	fb1a fa2b 	smultb	sl, sl, fp
 8000290:	fb17 aa05 	smlabb	sl, r7, r5, sl
 8000294:	f840 ab04 	str.w	sl, [r0], #4
 8000298:	fb27 fa15 	smuadx	sl, r7, r5
 800029c:	f840 ab04 	str.w	sl, [r0], #4
 80002a0:	ebb0 0f0e 	cmp.w	r0, lr
 80002a4:	f47f afbc 	bne.w	8000220 <frombytes_mul_asm_16_32+0x10>
 80002a8:	e8bd 8ff0 	ldmia.w	sp!, {r4, r5, r6, r7, r8, r9, sl, fp, pc}

080002ac <frombytes_mul_asm_acc_32_32>:
 80002ac:	e92d 4ff0 	stmdb	sp!, {r4, r5, r6, r7, r8, r9, sl, fp, lr}
 80002b0:	f640 5c01 	movw	ip, #3329	@ 0xd01
 80002b4:	f6c0 4cff 	movt	ip, #3327	@ 0xcff
 80002b8:	f500 6e80 	add.w	lr, r0, #1024	@ 0x400
 80002bc:	f833 bb02 	ldrh.w	fp, [r3], #2
 80002c0:	f892 6002 	ldrb.w	r6, [r2, #2]
 80002c4:	f8b2 7003 	ldrh.w	r7, [r2, #3]
 80002c8:	f892 9005 	ldrb.w	r9, [r2, #5]
 80002cc:	f832 ab06 	ldrh.w	sl, [r2], #6
 80002d0:	f3ca 3503 	ubfx	r5, sl, #12, #4
 80002d4:	f3ca 040b 	ubfx	r4, sl, #0, #12
 80002d8:	ea45 1506 	orr.w	r5, r5, r6, lsl #4
 80002dc:	ea44 4405 	orr.w	r4, r4, r5, lsl #16
 80002e0:	f3c7 3503 	ubfx	r5, r7, #12, #4
 80002e4:	f3c7 080b 	ubfx	r8, r7, #0, #12
 80002e8:	ea45 1509 	orr.w	r5, r5, r9, lsl #4
 80002ec:	ea48 4505 	orr.w	r5, r8, r5, lsl #16
 80002f0:	f851 6b04 	ldr.w	r6, [r1], #4
 80002f4:	6807      	ldr	r7, [r0, #0]
 80002f6:	f8d0 9004 	ldr.w	r9, [r0, #4]
 80002fa:	fb16 f834 	smultt	r8, r6, r4
 80002fe:	fb18 fa1c 	smulbt	sl, r8, ip
 8000302:	fb1c 8a0a 	smlabb	sl, ip, sl, r8
 8000306:	fb1a 7a2b 	smlatb	sl, sl, fp, r7
 800030a:	fb16 aa04 	smlabb	sl, r6, r4, sl
 800030e:	f840 ab04 	str.w	sl, [r0], #4
 8000312:	fb26 9814 	smladx	r8, r6, r4, r9
 8000316:	f840 8b04 	str.w	r8, [r0], #4
 800031a:	f1cb 0b00 	rsb	fp, fp, #0
 800031e:	f851 6b04 	ldr.w	r6, [r1], #4
 8000322:	6807      	ldr	r7, [r0, #0]
 8000324:	f8d0 9004 	ldr.w	r9, [r0, #4]
 8000328:	fb16 f835 	smultt	r8, r6, r5
 800032c:	fb18 fa1c 	smulbt	sl, r8, ip
 8000330:	fb1c 8a0a 	smlabb	sl, ip, sl, r8
 8000334:	fb1a 7a2b 	smlatb	sl, sl, fp, r7
 8000338:	fb16 aa05 	smlabb	sl, r6, r5, sl
 800033c:	f840 ab04 	str.w	sl, [r0], #4
 8000340:	fb26 9a15 	smladx	sl, r6, r5, r9
 8000344:	f840 ab04 	str.w	sl, [r0], #4
 8000348:	ebb0 0f0e 	cmp.w	r0, lr
 800034c:	f47f afb6 	bne.w	80002bc <frombytes_mul_asm_acc_32_32+0x10>
 8000350:	e8bd 8ff0 	ldmia.w	sp!, {r4, r5, r6, r7, r8, r9, sl, fp, pc}

08000354 <frombytes_mul_asm_acc_32_16>:
 8000354:	e92d 4ff0 	stmdb	sp!, {r4, r5, r6, r7, r8, r9, sl, fp, lr}
 8000358:	f640 5c01 	movw	ip, #3329	@ 0xd01
 800035c:	f6c0 4cff 	movt	ip, #3327	@ 0xcff
 8000360:	f8dd e024 	ldr.w	lr, [sp, #36]	@ 0x24
 8000364:	f50e 6b80 	add.w	fp, lr, #1024	@ 0x400
 8000368:	ee00 ba10 	vmov	s0, fp
 800036c:	f833 bb02 	ldrh.w	fp, [r3], #2
 8000370:	f892 6002 	ldrb.w	r6, [r2, #2]
 8000374:	f8b2 7003 	ldrh.w	r7, [r2, #3]
 8000378:	f892 9005 	ldrb.w	r9, [r2, #5]
 800037c:	f832 ab06 	ldrh.w	sl, [r2], #6
 8000380:	f3ca 3503 	ubfx	r5, sl, #12, #4
 8000384:	f3ca 040b 	ubfx	r4, sl, #0, #12
 8000388:	ea45 1506 	orr.w	r5, r5, r6, lsl #4
 800038c:	ea44 4405 	orr.w	r4, r4, r5, lsl #16
 8000390:	f3c7 3503 	ubfx	r5, r7, #12, #4
 8000394:	f3c7 080b 	ubfx	r8, r7, #0, #12
 8000398:	ea45 1509 	orr.w	r5, r5, r9, lsl #4
 800039c:	ea48 4505 	orr.w	r5, r8, r5, lsl #16
 80003a0:	f851 6b04 	ldr.w	r6, [r1], #4
 80003a4:	f85e 7b04 	ldr.w	r7, [lr], #4
 80003a8:	f85e 9b04 	ldr.w	r9, [lr], #4
 80003ac:	fb16 f834 	smultt	r8, r6, r4
 80003b0:	fb18 fa1c 	smulbt	sl, r8, ip
 80003b4:	fb1c 8a0a 	smlabb	sl, ip, sl, r8
 80003b8:	fb1a 7a2b 	smlatb	sl, sl, fp, r7
 80003bc:	fb16 aa04 	smlabb	sl, r6, r4, sl
 80003c0:	fb1a f71c 	smulbt	r7, sl, ip
 80003c4:	fb1c a707 	smlabb	r7, ip, r7, sl
 80003c8:	fb26 9814 	smladx	r8, r6, r4, r9
 80003cc:	fb18 f91c 	smulbt	r9, r8, ip
 80003d0:	fb1c 8909 	smlabb	r9, ip, r9, r8
 80003d4:	eac9 4727 	pkhtb	r7, r9, r7, asr #16
 80003d8:	f840 7b04 	str.w	r7, [r0], #4
 80003dc:	f1cb 0b00 	rsb	fp, fp, #0
 80003e0:	f851 6b04 	ldr.w	r6, [r1], #4
 80003e4:	f85e 7b04 	ldr.w	r7, [lr], #4
 80003e8:	f85e 9b04 	ldr.w	r9, [lr], #4
 80003ec:	fb16 f835 	smultt	r8, r6, r5
 80003f0:	fb18 fa1c 	smulbt	sl, r8, ip
 80003f4:	fb1c 8a0a 	smlabb	sl, ip, sl, r8
 80003f8:	fb1a 7a2b 	smlatb	sl, sl, fp, r7
 80003fc:	fb16 aa05 	smlabb	sl, r6, r5, sl
 8000400:	fb1a f71c 	smulbt	r7, sl, ip
 8000404:	fb1c a707 	smlabb	r7, ip, r7, sl
 8000408:	fb26 9a15 	smladx	sl, r6, r5, r9
 800040c:	fb1a f91c 	smulbt	r9, sl, ip
 8000410:	fb1c a909 	smlabb	r9, ip, r9, sl
 8000414:	eac9 4727 	pkhtb	r7, r9, r7, asr #16
 8000418:	f840 7b04 	str.w	r7, [r0], #4
 800041c:	ee10 ba10 	vmov	fp, s0
 8000420:	ebbe 0f0b 	cmp.w	lr, fp
 8000424:	f47f afa2 	bne.w	800036c <frombytes_mul_asm_acc_32_16+0x18>
 8000428:	e8bd 8ff0 	ldmia.w	sp!, {r4, r5, r6, r7, r8, r9, sl, fp, pc}

0800042c <asm_barrett_reduce>:
 800042c:	e92d 4ff0 	stmdb	sp!, {r4, r5, r6, r7, r8, r9, sl, fp, lr}
 8000430:	f644 6abf 	movw	sl, #20159	@ 0x4ebf
 8000434:	f640 5b01 	movw	fp, #3329	@ 0xd01
 8000438:	f240 0910 	movw	r9, #16
 800043c:	e890 01fe 	ldmia.w	r0, {r1, r2, r3, r4, r5, r6, r7, r8}
 8000440:	fb11 fc0a 	smulbb	ip, r1, sl
 8000444:	fb11 fe2a 	smultb	lr, r1, sl
 8000448:	ea4f 6cac 	mov.w	ip, ip, asr #26
 800044c:	ea4f 6eae 	mov.w	lr, lr, asr #26
 8000450:	fb1c fc0b 	smulbb	ip, ip, fp
 8000454:	fb1e fe0b 	smulbb	lr, lr, fp
 8000458:	eacc 4c0e 	pkhbt	ip, ip, lr, lsl #16
 800045c:	fad1 f14c 	usub16	r1, r1, ip
 8000460:	fb12 fc0a 	smulbb	ip, r2, sl
 8000464:	fb12 fe2a 	smultb	lr, r2, sl
 8000468:	ea4f 6cac 	mov.w	ip, ip, asr #26
 800046c:	ea4f 6eae 	mov.w	lr, lr, asr #26
 8000470:	fb1c fc0b 	smulbb	ip, ip, fp
 8000474:	fb1e fe0b 	smulbb	lr, lr, fp
 8000478:	eacc 4c0e 	pkhbt	ip, ip, lr, lsl #16
 800047c:	fad2 f24c 	usub16	r2, r2, ip
 8000480:	fb13 fc0a 	smulbb	ip, r3, sl
 8000484:	fb13 fe2a 	smultb	lr, r3, sl
 8000488:	ea4f 6cac 	mov.w	ip, ip, asr #26
 800048c:	ea4f 6eae 	mov.w	lr, lr, asr #26
 8000490:	fb1c fc0b 	smulbb	ip, ip, fp
 8000494:	fb1e fe0b 	smulbb	lr, lr, fp
 8000498:	eacc 4c0e 	pkhbt	ip, ip, lr, lsl #16
 800049c:	fad3 f34c 	usub16	r3, r3, ip
 80004a0:	fb14 fc0a 	smulbb	ip, r4, sl
 80004a4:	fb14 fe2a 	smultb	lr, r4, sl
 80004a8:	ea4f 6cac 	mov.w	ip, ip, asr #26
 80004ac:	ea4f 6eae 	mov.w	lr, lr, asr #26
 80004b0:	fb1c fc0b 	smulbb	ip, ip, fp
 80004b4:	fb1e fe0b 	smulbb	lr, lr, fp
 80004b8:	eacc 4c0e 	pkhbt	ip, ip, lr, lsl #16
 80004bc:	fad4 f44c 	usub16	r4, r4, ip
 80004c0:	fb15 fc0a 	smulbb	ip, r5, sl
 80004c4:	fb15 fe2a 	smultb	lr, r5, sl
 80004c8:	ea4f 6cac 	mov.w	ip, ip, asr #26
 80004cc:	ea4f 6eae 	mov.w	lr, lr, asr #26
 80004d0:	fb1c fc0b 	smulbb	ip, ip, fp
 80004d4:	fb1e fe0b 	smulbb	lr, lr, fp
 80004d8:	eacc 4c0e 	pkhbt	ip, ip, lr, lsl #16
 80004dc:	fad5 f54c 	usub16	r5, r5, ip
 80004e0:	fb16 fc0a 	smulbb	ip, r6, sl
 80004e4:	fb16 fe2a 	smultb	lr, r6, sl
 80004e8:	ea4f 6cac 	mov.w	ip, ip, asr #26
 80004ec:	ea4f 6eae 	mov.w	lr, lr, asr #26
 80004f0:	fb1c fc0b 	smulbb	ip, ip, fp
 80004f4:	fb1e fe0b 	smulbb	lr, lr, fp
 80004f8:	eacc 4c0e 	pkhbt	ip, ip, lr, lsl #16
 80004fc:	fad6 f64c 	usub16	r6, r6, ip
 8000500:	fb17 fc0a 	smulbb	ip, r7, sl
 8000504:	fb17 fe2a 	smultb	lr, r7, sl
 8000508:	ea4f 6cac 	mov.w	ip, ip, asr #26
 800050c:	ea4f 6eae 	mov.w	lr, lr, asr #26
 8000510:	fb1c fc0b 	smulbb	ip, ip, fp
 8000514:	fb1e fe0b 	smulbb	lr, lr, fp
 8000518:	eacc 4c0e 	pkhbt	ip, ip, lr, lsl #16
 800051c:	fad7 f74c 	usub16	r7, r7, ip
 8000520:	fb18 fc0a 	smulbb	ip, r8, sl
 8000524:	fb18 fe2a 	smultb	lr, r8, sl
 8000528:	ea4f 6cac 	mov.w	ip, ip, asr #26
 800052c:	ea4f 6eae 	mov.w	lr, lr, asr #26
 8000530:	fb1c fc0b 	smulbb	ip, ip, fp
 8000534:	fb1e fe0b 	smulbb	lr, lr, fp
 8000538:	eacc 4c0e 	pkhbt	ip, ip, lr, lsl #16
 800053c:	fad8 f84c 	usub16	r8, r8, ip
 8000540:	e8a0 01fe 	stmia.w	r0!, {r1, r2, r3, r4, r5, r6, r7, r8}
 8000544:	f1b9 0901 	subs.w	r9, r9, #1
 8000548:	f47f af78 	bne.w	800043c <asm_barrett_reduce+0x10>
 800054c:	e8bd 8ff0 	ldmia.w	sp!, {r4, r5, r6, r7, r8, r9, sl, fp, pc}

08000550 <asm_frommont>:
 8000550:	e92d 4ff0 	stmdb	sp!, {r4, r5, r6, r7, r8, r9, sl, fp, lr}
 8000554:	f640 5b01 	movw	fp, #3329	@ 0xd01
 8000558:	f6c0 4bff 	movt	fp, #3327	@ 0xcff
 800055c:	f240 5a49 	movw	sl, #1353	@ 0x549
 8000560:	f240 0910 	movw	r9, #16
 8000564:	e890 01fe 	ldmia.w	r0, {r1, r2, r3, r4, r5, r6, r7, r8}
 8000568:	fb11 fc0a 	smulbb	ip, r1, sl
 800056c:	fb1c fe1b 	smulbt	lr, ip, fp
 8000570:	fb1b ce0e 	smlabb	lr, fp, lr, ip
 8000574:	fb11 f12a 	smultb	r1, r1, sl
 8000578:	fb11 fc1b 	smulbt	ip, r1, fp
 800057c:	fb1b 1c0c 	smlabb	ip, fp, ip, r1
 8000580:	eacc 412e 	pkhtb	r1, ip, lr, asr #16
 8000584:	fb12 fc0a 	smulbb	ip, r2, sl
 8000588:	fb1c fe1b 	smulbt	lr, ip, fp
 800058c:	fb1b ce0e 	smlabb	lr, fp, lr, ip
 8000590:	fb12 f22a 	smultb	r2, r2, sl
 8000594:	fb12 fc1b 	smulbt	ip, r2, fp
 8000598:	fb1b 2c0c 	smlabb	ip, fp, ip, r2
 800059c:	eacc 422e 	pkhtb	r2, ip, lr, asr #16
 80005a0:	fb13 fc0a 	smulbb	ip, r3, sl
 80005a4:	fb1c fe1b 	smulbt	lr, ip, fp
 80005a8:	fb1b ce0e 	smlabb	lr, fp, lr, ip
 80005ac:	fb13 f32a 	smultb	r3, r3, sl
 80005b0:	fb13 fc1b 	smulbt	ip, r3, fp
 80005b4:	fb1b 3c0c 	smlabb	ip, fp, ip, r3
 80005b8:	eacc 432e 	pkhtb	r3, ip, lr, asr #16
 80005bc:	fb14 fc0a 	smulbb	ip, r4, sl
 80005c0:	fb1c fe1b 	smulbt	lr, ip, fp
 80005c4:	fb1b ce0e 	smlabb	lr, fp, lr, ip
 80005c8:	fb14 f42a 	smultb	r4, r4, sl
 80005cc:	fb14 fc1b 	smulbt	ip, r4, fp
 80005d0:	fb1b 4c0c 	smlabb	ip, fp, ip, r4
 80005d4:	eacc 442e 	pkhtb	r4, ip, lr, asr #16
 80005d8:	fb15 fc0a 	smulbb	ip, r5, sl
 80005dc:	fb1c fe1b 	smulbt	lr, ip, fp
 80005e0:	fb1b ce0e 	smlabb	lr, fp, lr, ip
 80005e4:	fb15 f52a 	smultb	r5, r5, sl
 80005e8:	fb15 fc1b 	smulbt	ip, r5, fp
 80005ec:	fb1b 5c0c 	smlabb	ip, fp, ip, r5
 80005f0:	eacc 452e 	pkhtb	r5, ip, lr, asr #16
 80005f4:	fb16 fc0a 	smulbb	ip, r6, sl
 80005f8:	fb1c fe1b 	smulbt	lr, ip, fp
 80005fc:	fb1b ce0e 	smlabb	lr, fp, lr, ip
 8000600:	fb16 f62a 	smultb	r6, r6, sl
 8000604:	fb16 fc1b 	smulbt	ip, r6, fp
 8000608:	fb1b 6c0c 	smlabb	ip, fp, ip, r6
 800060c:	eacc 462e 	pkhtb	r6, ip, lr, asr #16
 8000610:	fb17 fc0a 	smulbb	ip, r7, sl
 8000614:	fb1c fe1b 	smulbt	lr, ip, fp
 8000618:	fb1b ce0e 	smlabb	lr, fp, lr, ip
 800061c:	fb17 f72a 	smultb	r7, r7, sl
 8000620:	fb17 fc1b 	smulbt	ip, r7, fp
 8000624:	fb1b 7c0c 	smlabb	ip, fp, ip, r7
 8000628:	eacc 472e 	pkhtb	r7, ip, lr, asr #16
 800062c:	fb18 fc0a 	smulbb	ip, r8, sl
 8000630:	fb1c fe1b 	smulbt	lr, ip, fp
 8000634:	fb1b ce0e 	smlabb	lr, fp, lr, ip
 8000638:	fb18 f82a 	smultb	r8, r8, sl
 800063c:	fb18 fc1b 	smulbt	ip, r8, fp
 8000640:	fb1b 8c0c 	smlabb	ip, fp, ip, r8
 8000644:	eacc 482e 	pkhtb	r8, ip, lr, asr #16
 8000648:	e8a0 01fe 	stmia.w	r0!, {r1, r2, r3, r4, r5, r6, r7, r8}
 800064c:	f1b9 0901 	subs.w	r9, r9, #1
 8000650:	f47f af88 	bne.w	8000564 <asm_frommont+0x14>
 8000654:	e8bd 8ff0 	ldmia.w	sp!, {r4, r5, r6, r7, r8, r9, sl, fp, pc}

08000658 <invntt_fast>:
 8000658:	e92d 4ff0 	stmdb	sp!, {r4, r5, r6, r7, r8, r9, sl, fp, lr}
 800065c:	f640 5b01 	movw	fp, #3329	@ 0xd01
 8000660:	f6c0 4bff 	movt	fp, #3327	@ 0xcff
 8000664:	ecb1 4a08 	vldmia	r1!, {s8-s15}
 8000668:	f500 7c00 	add.w	ip, r0, #512	@ 0x200
 800066c:	ee04 ca10 	vmov	s8, ip
 8000670:	f8d0 2020 	ldr.w	r2, [r0, #32]
 8000674:	f8d0 3024 	ldr.w	r3, [r0, #36]	@ 0x24
 8000678:	f8d0 4028 	ldr.w	r4, [r0, #40]	@ 0x28
 800067c:	f8d0 502c 	ldr.w	r5, [r0, #44]	@ 0x2c
 8000680:	f8d0 6030 	ldr.w	r6, [r0, #48]	@ 0x30
 8000684:	f8d0 7034 	ldr.w	r7, [r0, #52]	@ 0x34
 8000688:	f8d0 8038 	ldr.w	r8, [r0, #56]	@ 0x38
 800068c:	f8d0 903c 	ldr.w	r9, [r0, #60]	@ 0x3c
 8000690:	fa92 fc03 	sadd16	ip, r2, r3
 8000694:	fad2 f303 	ssub16	r3, r2, r3
 8000698:	fa94 fe05 	sadd16	lr, r4, r5
 800069c:	fad4 f505 	ssub16	r5, r4, r5
 80006a0:	fa96 f207 	sadd16	r2, r6, r7
 80006a4:	fad6 f707 	ssub16	r7, r6, r7
 80006a8:	fa98 f409 	sadd16	r4, r8, r9
 80006ac:	fad8 f909 	ssub16	r9, r8, r9
 80006b0:	fa9c f80e 	sadd16	r8, ip, lr
 80006b4:	fadc fe0e 	ssub16	lr, ip, lr
 80006b8:	fa92 f604 	sadd16	r6, r2, r4
 80006bc:	fad2 f404 	ssub16	r4, r2, r4
 80006c0:	ee14 aa90 	vmov	sl, s9
 80006c4:	fb15 fc1a 	smulbt	ip, r5, sl
 80006c8:	fb15 f53a 	smultt	r5, r5, sl
 80006cc:	fb1c f21b 	smulbt	r2, ip, fp
 80006d0:	fb1b c202 	smlabb	r2, fp, r2, ip
 80006d4:	fb15 fc1b 	smulbt	ip, r5, fp
 80006d8:	fb1b 5c0c 	smlabb	ip, fp, ip, r5
 80006dc:	eacc 4222 	pkhtb	r2, ip, r2, asr #16
 80006e0:	fad3 f542 	usub16	r5, r3, r2
 80006e4:	fa93 f342 	uadd16	r3, r3, r2
 80006e8:	fb19 fc1a 	smulbt	ip, r9, sl
 80006ec:	fb19 f93a 	smultt	r9, r9, sl
 80006f0:	fb1c f21b 	smulbt	r2, ip, fp
 80006f4:	fb1b c202 	smlabb	r2, fp, r2, ip
 80006f8:	fb19 fc1b 	smulbt	ip, r9, fp
 80006fc:	fb1b 9c0c 	smlabb	ip, fp, ip, r9
 8000700:	eacc 4222 	pkhtb	r2, ip, r2, asr #16
 8000704:	fad7 f942 	usub16	r9, r7, r2
 8000708:	fa97 f742 	uadd16	r7, r7, r2
 800070c:	fa98 f206 	sadd16	r2, r8, r6
 8000710:	fad8 f606 	ssub16	r6, r8, r6
 8000714:	ee15 aa10 	vmov	sl, s10
 8000718:	fb17 fc1a 	smulbt	ip, r7, sl
 800071c:	fb17 f73a 	smultt	r7, r7, sl
 8000720:	fb1c f81b 	smulbt	r8, ip, fp
 8000724:	fb1b c808 	smlabb	r8, fp, r8, ip
 8000728:	fb17 fc1b 	smulbt	ip, r7, fp
 800072c:	fb1b 7c0c 	smlabb	ip, fp, ip, r7
 8000730:	eacc 4828 	pkhtb	r8, ip, r8, asr #16
 8000734:	fad3 f748 	usub16	r7, r3, r8
 8000738:	fa93 f348 	uadd16	r3, r3, r8
 800073c:	ee15 aa90 	vmov	sl, s11
 8000740:	fb14 fc0a 	smulbb	ip, r4, sl
 8000744:	fb14 f42a 	smultb	r4, r4, sl
 8000748:	fb1c f81b 	smulbt	r8, ip, fp
 800074c:	fb1b cc08 	smlabb	ip, fp, r8, ip
 8000750:	fb14 f81b 	smulbt	r8, r4, fp
 8000754:	fb1b 4408 	smlabb	r4, fp, r8, r4
 8000758:	eac4 4c2c 	pkhtb	ip, r4, ip, asr #16
 800075c:	fade f80c 	ssub16	r8, lr, ip
 8000760:	fa9e f40c 	sadd16	r4, lr, ip
 8000764:	fb19 fc1a 	smulbt	ip, r9, sl
 8000768:	fb19 f93a 	smultt	r9, r9, sl
 800076c:	fb1c fe1b 	smulbt	lr, ip, fp
 8000770:	fb1b ce0e 	smlabb	lr, fp, lr, ip
 8000774:	fb19 fc1b 	smulbt	ip, r9, fp
 8000778:	fb1b 9c0c 	smlabb	ip, fp, ip, r9
 800077c:	eacc 4e2e 	pkhtb	lr, ip, lr, asr #16
 8000780:	fad5 f94e 	usub16	r9, r5, lr
 8000784:	fa95 f54e 	uadd16	r5, r5, lr
 8000788:	ee16 aa10 	vmov	sl, s12
 800078c:	fb12 fc0a 	smulbb	ip, r2, sl
 8000790:	fb12 f22a 	smultb	r2, r2, sl
 8000794:	fb1c fe1b 	smulbt	lr, ip, fp
 8000798:	fb1b ce0e 	smlabb	lr, fp, lr, ip
 800079c:	fb12 fc1b 	smulbt	ip, r2, fp
 80007a0:	fb1b 2c0c 	smlabb	ip, fp, ip, r2
 80007a4:	eacc 422e 	pkhtb	r2, ip, lr, asr #16
 80007a8:	fb13 fc1a 	smulbt	ip, r3, sl
 80007ac:	fb13 f33a 	smultt	r3, r3, sl
 80007b0:	fb1c fe1b 	smulbt	lr, ip, fp
 80007b4:	fb1b ce0e 	smlabb	lr, fp, lr, ip
 80007b8:	fb13 fc1b 	smulbt	ip, r3, fp
 80007bc:	fb1b 3c0c 	smlabb	ip, fp, ip, r3
 80007c0:	eacc 432e 	pkhtb	r3, ip, lr, asr #16
 80007c4:	ee16 aa90 	vmov	sl, s13
 80007c8:	fb14 fc0a 	smulbb	ip, r4, sl
 80007cc:	fb14 f42a 	smultb	r4, r4, sl
 80007d0:	fb1c fe1b 	smulbt	lr, ip, fp
 80007d4:	fb1b ce0e 	smlabb	lr, fp, lr, ip
 80007d8:	fb14 fc1b 	smulbt	ip, r4, fp
 80007dc:	fb1b 4c0c 	smlabb	ip, fp, ip, r4
 80007e0:	eacc 442e 	pkhtb	r4, ip, lr, asr #16
 80007e4:	fb15 fc1a 	smulbt	ip, r5, sl
 80007e8:	fb15 f53a 	smultt	r5, r5, sl
 80007ec:	fb1c fe1b 	smulbt	lr, ip, fp
 80007f0:	fb1b ce0e 	smlabb	lr, fp, lr, ip
 80007f4:	fb15 fc1b 	smulbt	ip, r5, fp
 80007f8:	fb1b 5c0c 	smlabb	ip, fp, ip, r5
 80007fc:	eacc 452e 	pkhtb	r5, ip, lr, asr #16
 8000800:	ee17 aa10 	vmov	sl, s14
 8000804:	fb16 fc0a 	smulbb	ip, r6, sl
 8000808:	fb16 f62a 	smultb	r6, r6, sl
 800080c:	fb1c fe1b 	smulbt	lr, ip, fp
 8000810:	fb1b ce0e 	smlabb	lr, fp, lr, ip
 8000814:	fb16 fc1b 	smulbt	ip, r6, fp
 8000818:	fb1b 6c0c 	smlabb	ip, fp, ip, r6
 800081c:	eacc 462e 	pkhtb	r6, ip, lr, asr #16
 8000820:	fb17 fc1a 	smulbt	ip, r7, sl
 8000824:	fb17 f73a 	smultt	r7, r7, sl
 8000828:	fb1c fe1b 	smulbt	lr, ip, fp
 800082c:	fb1b ce0e 	smlabb	lr, fp, lr, ip
 8000830:	fb17 fc1b 	smulbt	ip, r7, fp
 8000834:	fb1b 7c0c 	smlabb	ip, fp, ip, r7
 8000838:	eacc 472e 	pkhtb	r7, ip, lr, asr #16
 800083c:	ee17 aa90 	vmov	sl, s15
 8000840:	fb18 fc0a 	smulbb	ip, r8, sl
 8000844:	fb18 f82a 	smultb	r8, r8, sl
 8000848:	fb1c fe1b 	smulbt	lr, ip, fp
 800084c:	fb1b ce0e 	smlabb	lr, fp, lr, ip
 8000850:	fb18 fc1b 	smulbt	ip, r8, fp
 8000854:	fb1b 8c0c 	smlabb	ip, fp, ip, r8
 8000858:	eacc 482e 	pkhtb	r8, ip, lr, asr #16
 800085c:	fb19 fc1a 	smulbt	ip, r9, sl
 8000860:	fb19 f93a 	smultt	r9, r9, sl
 8000864:	fb1c fe1b 	smulbt	lr, ip, fp
 8000868:	fb1b ce0e 	smlabb	lr, fp, lr, ip
 800086c:	fb19 fc1b 	smulbt	ip, r9, fp
 8000870:	fb1b 9c0c 	smlabb	ip, fp, ip, r9
 8000874:	eacc 492e 	pkhtb	r9, ip, lr, asr #16
 8000878:	ee00 2a10 	vmov	s0, r2
 800087c:	ee00 3a90 	vmov	s1, r3
 8000880:	ee01 4a10 	vmov	s2, r4
 8000884:	ee01 5a90 	vmov	s3, r5
 8000888:	ee02 6a10 	vmov	s4, r6
 800088c:	ee02 7a90 	vmov	s5, r7
 8000890:	ee03 8a10 	vmov	s6, r8
 8000894:	ee03 9a90 	vmov	s7, r9
 8000898:	f8d0 2000 	ldr.w	r2, [r0]
 800089c:	f8d0 3004 	ldr.w	r3, [r0, #4]
 80008a0:	f8d0 4008 	ldr.w	r4, [r0, #8]
 80008a4:	f8d0 500c 	ldr.w	r5, [r0, #12]
 80008a8:	f8d0 6010 	ldr.w	r6, [r0, #16]
 80008ac:	f8d0 7014 	ldr.w	r7, [r0, #20]
 80008b0:	f8d0 8018 	ldr.w	r8, [r0, #24]
 80008b4:	f8d0 901c 	ldr.w	r9, [r0, #28]
 80008b8:	fa92 fc03 	sadd16	ip, r2, r3
 80008bc:	fad2 f303 	ssub16	r3, r2, r3
 80008c0:	fa94 fe05 	sadd16	lr, r4, r5
 80008c4:	fad4 f505 	ssub16	r5, r4, r5
 80008c8:	fa96 f207 	sadd16	r2, r6, r7
 80008cc:	fad6 f707 	ssub16	r7, r6, r7
 80008d0:	fa98 f409 	sadd16	r4, r8, r9
 80008d4:	fad8 f909 	ssub16	r9, r8, r9
 80008d8:	fa9c f80e 	sadd16	r8, ip, lr
 80008dc:	fadc fe0e 	ssub16	lr, ip, lr
 80008e0:	fa92 f604 	sadd16	r6, r2, r4
 80008e4:	fad2 f404 	ssub16	r4, r2, r4
 80008e8:	ee14 aa90 	vmov	sl, s9
 80008ec:	fb15 fc1a 	smulbt	ip, r5, sl
 80008f0:	fb15 f53a 	smultt	r5, r5, sl
 80008f4:	fb1c f21b 	smulbt	r2, ip, fp
 80008f8:	fb1b c202 	smlabb	r2, fp, r2, ip
 80008fc:	fb15 fc1b 	smulbt	ip, r5, fp
 8000900:	fb1b 5c0c 	smlabb	ip, fp, ip, r5
 8000904:	eacc 4222 	pkhtb	r2, ip, r2, asr #16
 8000908:	fad3 f542 	usub16	r5, r3, r2
 800090c:	fa93 f342 	uadd16	r3, r3, r2
 8000910:	fb19 fc1a 	smulbt	ip, r9, sl
 8000914:	fb19 f93a 	smultt	r9, r9, sl
 8000918:	fb1c f21b 	smulbt	r2, ip, fp
 800091c:	fb1b c202 	smlabb	r2, fp, r2, ip
 8000920:	fb19 fc1b 	smulbt	ip, r9, fp
 8000924:	fb1b 9c0c 	smlabb	ip, fp, ip, r9
 8000928:	eacc 4222 	pkhtb	r2, ip, r2, asr #16
 800092c:	fad7 f942 	usub16	r9, r7, r2
 8000930:	fa97 f742 	uadd16	r7, r7, r2
 8000934:	fa98 f206 	sadd16	r2, r8, r6
 8000938:	fad8 f606 	ssub16	r6, r8, r6
 800093c:	ee15 aa10 	vmov	sl, s10
 8000940:	fb17 fc1a 	smulbt	ip, r7, sl
 8000944:	fb17 f73a 	smultt	r7, r7, sl
 8000948:	fb1c f81b 	smulbt	r8, ip, fp
 800094c:	fb1b c808 	smlabb	r8, fp, r8, ip
 8000950:	fb17 fc1b 	smulbt	ip, r7, fp
 8000954:	fb1b 7c0c 	smlabb	ip, fp, ip, r7
 8000958:	eacc 4828 	pkhtb	r8, ip, r8, asr #16
 800095c:	fad3 f748 	usub16	r7, r3, r8
 8000960:	fa93 f348 	uadd16	r3, r3, r8
 8000964:	ee15 aa90 	vmov	sl, s11
 8000968:	fb14 fc0a 	smulbb	ip, r4, sl
 800096c:	fb14 f42a 	smultb	r4, r4, sl
 8000970:	fb1c f81b 	smulbt	r8, ip, fp
 8000974:	fb1b cc08 	smlabb	ip, fp, r8, ip
 8000978:	fb14 f81b 	smulbt	r8, r4, fp
 800097c:	fb1b 4408 	smlabb	r4, fp, r8, r4
 8000980:	eac4 4c2c 	pkhtb	ip, r4, ip, asr #16
 8000984:	fade f80c 	ssub16	r8, lr, ip
 8000988:	fa9e f40c 	sadd16	r4, lr, ip
 800098c:	fb19 fc1a 	smulbt	ip, r9, sl
 8000990:	fb19 f93a 	smultt	r9, r9, sl
 8000994:	fb1c fe1b 	smulbt	lr, ip, fp
 8000998:	fb1b ce0e 	smlabb	lr, fp, lr, ip
 800099c:	fb19 fc1b 	smulbt	ip, r9, fp
 80009a0:	fb1b 9c0c 	smlabb	ip, fp, ip, r9
 80009a4:	eacc 4e2e 	pkhtb	lr, ip, lr, asr #16
 80009a8:	fad5 f94e 	usub16	r9, r5, lr
 80009ac:	fa95 f54e 	uadd16	r5, r5, lr
 80009b0:	ee10 ea90 	vmov	lr, s1
 80009b4:	fa93 fc4e 	uadd16	ip, r3, lr
 80009b8:	fad3 f34e 	usub16	r3, r3, lr
 80009bc:	f8c0 c004 	str.w	ip, [r0, #4]
 80009c0:	f8c0 3024 	str.w	r3, [r0, #36]	@ 0x24
 80009c4:	ee11 ea90 	vmov	lr, s3
 80009c8:	fa95 fc4e 	uadd16	ip, r5, lr
 80009cc:	fad5 f54e 	usub16	r5, r5, lr
 80009d0:	f8c0 c00c 	str.w	ip, [r0, #12]
 80009d4:	f8c0 502c 	str.w	r5, [r0, #44]	@ 0x2c
 80009d8:	ee12 ea90 	vmov	lr, s5
 80009dc:	fa97 fc4e 	uadd16	ip, r7, lr
 80009e0:	fad7 f74e 	usub16	r7, r7, lr
 80009e4:	f8c0 c014 	str.w	ip, [r0, #20]
 80009e8:	f8c0 7034 	str.w	r7, [r0, #52]	@ 0x34
 80009ec:	ee13 ea90 	vmov	lr, s7
 80009f0:	fa99 fc4e 	uadd16	ip, r9, lr
 80009f4:	fad9 f94e 	usub16	r9, r9, lr
 80009f8:	f8c0 c01c 	str.w	ip, [r0, #28]
 80009fc:	f8c0 903c 	str.w	r9, [r0, #60]	@ 0x3c
 8000a00:	ee11 5a10 	vmov	r5, s2
 8000a04:	fa94 fc45 	uadd16	ip, r4, r5
 8000a08:	fad4 fe45 	usub16	lr, r4, r5
 8000a0c:	f8c0 c008 	str.w	ip, [r0, #8]
 8000a10:	f8c0 e028 	str.w	lr, [r0, #40]	@ 0x28
 8000a14:	ee12 7a10 	vmov	r7, s4
 8000a18:	fa96 fc47 	uadd16	ip, r6, r7
 8000a1c:	fad6 fe47 	usub16	lr, r6, r7
 8000a20:	f8c0 c010 	str.w	ip, [r0, #16]
 8000a24:	f8c0 e030 	str.w	lr, [r0, #48]	@ 0x30
 8000a28:	ee13 9a10 	vmov	r9, s6
 8000a2c:	fa98 fc49 	uadd16	ip, r8, r9
 8000a30:	fad8 fe49 	usub16	lr, r8, r9
 8000a34:	f8c0 c018 	str.w	ip, [r0, #24]
 8000a38:	f8c0 e038 	str.w	lr, [r0, #56]	@ 0x38
 8000a3c:	ee10 3a10 	vmov	r3, s0
 8000a40:	fa92 fc43 	uadd16	ip, r2, r3
 8000a44:	fad2 fe43 	usub16	lr, r2, r3
 8000a48:	f8c0 e020 	str.w	lr, [r0, #32]
 8000a4c:	f840 cb40 	str.w	ip, [r0], #64
 8000a50:	ee14 ca10 	vmov	ip, s8
 8000a54:	ebb0 0f0c 	cmp.w	r0, ip
 8000a58:	f47f ae0a 	bne.w	8000670 <invntt_fast+0x18>
 8000a5c:	f5a0 7000 	sub.w	r0, r0, #512	@ 0x200
 8000a60:	f245 0a49 	movw	sl, #20553	@ 0x5049
 8000a64:	f6cf 7aec 	movt	sl, #65516	@ 0xffec
 8000a68:	ee05 aa10 	vmov	s10, sl
 8000a6c:	f248 0a00 	movw	sl, #32768	@ 0x8000
 8000a70:	ee05 aa90 	vmov	s11, sl
 8000a74:	f8d0 2000 	ldr.w	r2, [r0]
 8000a78:	f8d0 3040 	ldr.w	r3, [r0, #64]	@ 0x40
 8000a7c:	f8d0 4080 	ldr.w	r4, [r0, #128]	@ 0x80
 8000a80:	f8d0 50c0 	ldr.w	r5, [r0, #192]	@ 0xc0
 8000a84:	f8d0 6100 	ldr.w	r6, [r0, #256]	@ 0x100
 8000a88:	f8d0 7140 	ldr.w	r7, [r0, #320]	@ 0x140
 8000a8c:	f8d0 8180 	ldr.w	r8, [r0, #384]	@ 0x180
 8000a90:	f8d0 91c0 	ldr.w	r9, [r0, #448]	@ 0x1c0
 8000a94:	ee15 aa10 	vmov	sl, s10
 8000a98:	ee07 0a90 	vmov	s15, r0
 8000a9c:	ee15 0a90 	vmov	r0, s11
 8000aa0:	fb3a 0c02 	smlawb	ip, sl, r2, r0
 8000aa4:	fb1b 2c1c 	smlabt	ip, fp, ip, r2
 8000aa8:	fb3a 0e12 	smlawt	lr, sl, r2, r0
 8000aac:	fb1b fe1e 	smulbt	lr, fp, lr
 8000ab0:	eb02 4e0e 	add.w	lr, r2, lr, lsl #16
 8000ab4:	eacc 020e 	pkhbt	r2, ip, lr
 8000ab8:	fb3a 0c03 	smlawb	ip, sl, r3, r0
 8000abc:	fb1b 3c1c 	smlabt	ip, fp, ip, r3
 8000ac0:	fb3a 0e13 	smlawt	lr, sl, r3, r0
 8000ac4:	fb1b fe1e 	smulbt	lr, fp, lr
 8000ac8:	eb03 4e0e 	add.w	lr, r3, lr, lsl #16
 8000acc:	eacc 030e 	pkhbt	r3, ip, lr
 8000ad0:	fb3a 0c04 	smlawb	ip, sl, r4, r0
 8000ad4:	fb1b 4c1c 	smlabt	ip, fp, ip, r4
 8000ad8:	fb3a 0e14 	smlawt	lr, sl, r4, r0
 8000adc:	fb1b fe1e 	smulbt	lr, fp, lr
 8000ae0:	eb04 4e0e 	add.w	lr, r4, lr, lsl #16
 8000ae4:	eacc 040e 	pkhbt	r4, ip, lr
 8000ae8:	fb3a 0c05 	smlawb	ip, sl, r5, r0
 8000aec:	fb1b 5c1c 	smlabt	ip, fp, ip, r5
 8000af0:	fb3a 0e15 	smlawt	lr, sl, r5, r0
 8000af4:	fb1b fe1e 	smulbt	lr, fp, lr
 8000af8:	eb05 4e0e 	add.w	lr, r5, lr, lsl #16
 8000afc:	eacc 050e 	pkhbt	r5, ip, lr
 8000b00:	fb3a 0c06 	smlawb	ip, sl, r6, r0
 8000b04:	fb1b 6c1c 	smlabt	ip, fp, ip, r6
 8000b08:	fb3a 0e16 	smlawt	lr, sl, r6, r0
 8000b0c:	fb1b fe1e 	smulbt	lr, fp, lr
 8000b10:	eb06 4e0e 	add.w	lr, r6, lr, lsl #16
 8000b14:	eacc 060e 	pkhbt	r6, ip, lr
 8000b18:	fb3a 0c07 	smlawb	ip, sl, r7, r0
 8000b1c:	fb1b 7c1c 	smlabt	ip, fp, ip, r7
 8000b20:	fb3a 0e17 	smlawt	lr, sl, r7, r0
 8000b24:	fb1b fe1e 	smulbt	lr, fp, lr
 8000b28:	eb07 4e0e 	add.w	lr, r7, lr, lsl #16
 8000b2c:	eacc 070e 	pkhbt	r7, ip, lr
 8000b30:	fb3a 0c08 	smlawb	ip, sl, r8, r0
 8000b34:	fb1b 8c1c 	smlabt	ip, fp, ip, r8
 8000b38:	fb3a 0e18 	smlawt	lr, sl, r8, r0
 8000b3c:	fb1b fe1e 	smulbt	lr, fp, lr
 8000b40:	eb08 4e0e 	add.w	lr, r8, lr, lsl #16
 8000b44:	eacc 080e 	pkhbt	r8, ip, lr
 8000b48:	fb3a 0c09 	smlawb	ip, sl, r9, r0
 8000b4c:	fb1b 9c1c 	smlabt	ip, fp, ip, r9
 8000b50:	fb3a 0e19 	smlawt	lr, sl, r9, r0
 8000b54:	fb1b fe1e 	smulbt	lr, fp, lr
 8000b58:	eb09 4e0e 	add.w	lr, r9, lr, lsl #16
 8000b5c:	eacc 090e 	pkhbt	r9, ip, lr
 8000b60:	ee17 0a90 	vmov	r0, s15
 8000b64:	ecb1 0a03 	vldmia	r1!, {s0-s2}
 8000b68:	fa92 fc03 	sadd16	ip, r2, r3
 8000b6c:	fad2 f303 	ssub16	r3, r2, r3
 8000b70:	fa94 fe05 	sadd16	lr, r4, r5
 8000b74:	fad4 f505 	ssub16	r5, r4, r5
 8000b78:	fa96 f207 	sadd16	r2, r6, r7
 8000b7c:	fad6 f707 	ssub16	r7, r6, r7
 8000b80:	fa98 f409 	sadd16	r4, r8, r9
 8000b84:	fad8 f909 	ssub16	r9, r8, r9
 8000b88:	fa9c f80e 	sadd16	r8, ip, lr
 8000b8c:	fadc fe0e 	ssub16	lr, ip, lr
 8000b90:	fa92 f604 	sadd16	r6, r2, r4
 8000b94:	fad2 f404 	ssub16	r4, r2, r4
 8000b98:	ee10 aa10 	vmov	sl, s0
 8000b9c:	fb15 fc1a 	smulbt	ip, r5, sl
 8000ba0:	fb15 f53a 	smultt	r5, r5, sl
 8000ba4:	fb1c f21b 	smulbt	r2, ip, fp
 8000ba8:	fb1b c202 	smlabb	r2, fp, r2, ip
 8000bac:	fb15 fc1b 	smulbt	ip, r5, fp
 8000bb0:	fb1b 5c0c 	smlabb	ip, fp, ip, r5
 8000bb4:	eacc 4222 	pkhtb	r2, ip, r2, asr #16
 8000bb8:	fad3 f542 	usub16	r5, r3, r2
 8000bbc:	fa93 f342 	uadd16	r3, r3, r2
 8000bc0:	fb19 fc1a 	smulbt	ip, r9, sl
 8000bc4:	fb19 f93a 	smultt	r9, r9, sl
 8000bc8:	fb1c f21b 	smulbt	r2, ip, fp
 8000bcc:	fb1b c202 	smlabb	r2, fp, r2, ip
 8000bd0:	fb19 fc1b 	smulbt	ip, r9, fp
 8000bd4:	fb1b 9c0c 	smlabb	ip, fp, ip, r9
 8000bd8:	eacc 4222 	pkhtb	r2, ip, r2, asr #16
 8000bdc:	fad7 f942 	usub16	r9, r7, r2
 8000be0:	fa97 f742 	uadd16	r7, r7, r2
 8000be4:	fa98 f206 	sadd16	r2, r8, r6
 8000be8:	fad8 f606 	ssub16	r6, r8, r6
 8000bec:	ee10 aa90 	vmov	sl, s1
 8000bf0:	fb17 fc1a 	smulbt	ip, r7, sl
 8000bf4:	fb17 f73a 	smultt	r7, r7, sl
 8000bf8:	fb1c f81b 	smulbt	r8, ip, fp
 8000bfc:	fb1b c808 	smlabb	r8, fp, r8, ip
 8000c00:	fb17 fc1b 	smulbt	ip, r7, fp
 8000c04:	fb1b 7c0c 	smlabb	ip, fp, ip, r7
 8000c08:	eacc 4828 	pkhtb	r8, ip, r8, asr #16
 8000c0c:	fad3 f748 	usub16	r7, r3, r8
 8000c10:	fa93 f348 	uadd16	r3, r3, r8
 8000c14:	ee11 aa10 	vmov	sl, s2
 8000c18:	fb14 fc0a 	smulbb	ip, r4, sl
 8000c1c:	fb14 f42a 	smultb	r4, r4, sl
 8000c20:	fb1c f81b 	smulbt	r8, ip, fp
 8000c24:	fb1b cc08 	smlabb	ip, fp, r8, ip
 8000c28:	fb14 f81b 	smulbt	r8, r4, fp
 8000c2c:	fb1b 4408 	smlabb	r4, fp, r8, r4
 8000c30:	eac4 4c2c 	pkhtb	ip, r4, ip, asr #16
 8000c34:	fade f80c 	ssub16	r8, lr, ip
 8000c38:	fa9e f40c 	sadd16	r4, lr, ip
 8000c3c:	fb19 fc1a 	smulbt	ip, r9, sl
 8000c40:	fb19 f93a 	smultt	r9, r9, sl
 8000c44:	fb1c fe1b 	smulbt	lr, ip, fp
 8000c48:	fb1b ce0e 	smlabb	lr, fp, lr, ip
 8000c4c:	fb19 fc1b 	smulbt	ip, r9, fp
 8000c50:	fb1b 9c0c 	smlabb	ip, fp, ip, r9
 8000c54:	eacc 4e2e 	pkhtb	lr, ip, lr, asr #16
 8000c58:	fad5 f94e 	usub16	r9, r5, lr
 8000c5c:	fa95 f54e 	uadd16	r5, r5, lr
 8000c60:	f851 ab04 	ldr.w	sl, [r1], #4
 8000c64:	fb12 fc0a 	smulbb	ip, r2, sl
 8000c68:	fb12 f22a 	smultb	r2, r2, sl
 8000c6c:	fb1c fe1b 	smulbt	lr, ip, fp
 8000c70:	fb1b ce0e 	smlabb	lr, fp, lr, ip
 8000c74:	fb12 fc1b 	smulbt	ip, r2, fp
 8000c78:	fb1b 2c0c 	smlabb	ip, fp, ip, r2
 8000c7c:	eacc 422e 	pkhtb	r2, ip, lr, asr #16
 8000c80:	fb13 fc1a 	smulbt	ip, r3, sl
 8000c84:	fb13 f33a 	smultt	r3, r3, sl
 8000c88:	fb1c fe1b 	smulbt	lr, ip, fp
 8000c8c:	fb1b ce0e 	smlabb	lr, fp, lr, ip
 8000c90:	fb13 fc1b 	smulbt	ip, r3, fp
 8000c94:	fb1b 3c0c 	smlabb	ip, fp, ip, r3
 8000c98:	eacc 432e 	pkhtb	r3, ip, lr, asr #16
 8000c9c:	f851 ab04 	ldr.w	sl, [r1], #4
 8000ca0:	fb14 fc0a 	smulbb	ip, r4, sl
 8000ca4:	fb14 f42a 	smultb	r4, r4, sl
 8000ca8:	fb1c fe1b 	smulbt	lr, ip, fp
 8000cac:	fb1b ce0e 	smlabb	lr, fp, lr, ip
 8000cb0:	fb14 fc1b 	smulbt	ip, r4, fp
 8000cb4:	fb1b 4c0c 	smlabb	ip, fp, ip, r4
 8000cb8:	eacc 442e 	pkhtb	r4, ip, lr, asr #16
 8000cbc:	fb15 fc1a 	smulbt	ip, r5, sl
 8000cc0:	fb15 f53a 	smultt	r5, r5, sl
 8000cc4:	fb1c fe1b 	smulbt	lr, ip, fp
 8000cc8:	fb1b ce0e 	smlabb	lr, fp, lr, ip
 8000ccc:	fb15 fc1b 	smulbt	ip, r5, fp
 8000cd0:	fb1b 5c0c 	smlabb	ip, fp, ip, r5
 8000cd4:	eacc 452e 	pkhtb	r5, ip, lr, asr #16
 8000cd8:	f851 ab04 	ldr.w	sl, [r1], #4
 8000cdc:	fb16 fc0a 	smulbb	ip, r6, sl
 8000ce0:	fb16 f62a 	smultb	r6, r6, sl
 8000ce4:	fb1c fe1b 	smulbt	lr, ip, fp
 8000ce8:	fb1b ce0e 	smlabb	lr, fp, lr, ip
 8000cec:	fb16 fc1b 	smulbt	ip, r6, fp
 8000cf0:	fb1b 6c0c 	smlabb	ip, fp, ip, r6
 8000cf4:	eacc 462e 	pkhtb	r6, ip, lr, asr #16
 8000cf8:	fb17 fc1a 	smulbt	ip, r7, sl
 8000cfc:	fb17 f73a 	smultt	r7, r7, sl
 8000d00:	fb1c fe1b 	smulbt	lr, ip, fp
 8000d04:	fb1b ce0e 	smlabb	lr, fp, lr, ip
 8000d08:	fb17 fc1b 	smulbt	ip, r7, fp
 8000d0c:	fb1b 7c0c 	smlabb	ip, fp, ip, r7
 8000d10:	eacc 472e 	pkhtb	r7, ip, lr, asr #16
 8000d14:	f851 ab04 	ldr.w	sl, [r1], #4
 8000d18:	fb18 fc0a 	smulbb	ip, r8, sl
 8000d1c:	fb18 f82a 	smultb	r8, r8, sl
 8000d20:	fb1c fe1b 	smulbt	lr, ip, fp
 8000d24:	fb1b ce0e 	smlabb	lr, fp, lr, ip
 8000d28:	fb18 fc1b 	smulbt	ip, r8, fp
 8000d2c:	fb1b 8c0c 	smlabb	ip, fp, ip, r8
 8000d30:	eacc 482e 	pkhtb	r8, ip, lr, asr #16
 8000d34:	fb19 fc1a 	smulbt	ip, r9, sl
 8000d38:	fb19 f93a 	smultt	r9, r9, sl
 8000d3c:	fb1c fe1b 	smulbt	lr, ip, fp
 8000d40:	fb1b ce0e 	smlabb	lr, fp, lr, ip
 8000d44:	fb19 fc1b 	smulbt	ip, r9, fp
 8000d48:	fb1b 9c0c 	smlabb	ip, fp, ip, r9
 8000d4c:	eacc 492e 	pkhtb	r9, ip, lr, asr #16
 8000d50:	f8c0 6100 	str.w	r6, [r0, #256]	@ 0x100
 8000d54:	f8c0 7140 	str.w	r7, [r0, #320]	@ 0x140
 8000d58:	f8c0 8180 	str.w	r8, [r0, #384]	@ 0x180
 8000d5c:	f8c0 91c0 	str.w	r9, [r0, #448]	@ 0x1c0
 8000d60:	f8c0 3040 	str.w	r3, [r0, #64]	@ 0x40
 8000d64:	f8c0 4080 	str.w	r4, [r0, #128]	@ 0x80
 8000d68:	f8c0 50c0 	str.w	r5, [r0, #192]	@ 0xc0
 8000d6c:	f840 2b04 	str.w	r2, [r0], #4
 8000d70:	f100 0c30 	add.w	ip, r0, #48	@ 0x30
 8000d74:	ee07 ca10 	vmov	s14, ip
 8000d78:	f100 0c0c 	add.w	ip, r0, #12
 8000d7c:	ee06 ca90 	vmov	s13, ip
 8000d80:	f8d0 2000 	ldr.w	r2, [r0]
 8000d84:	f8d0 3040 	ldr.w	r3, [r0, #64]	@ 0x40
 8000d88:	f8d0 4080 	ldr.w	r4, [r0, #128]	@ 0x80
 8000d8c:	f8d0 50c0 	ldr.w	r5, [r0, #192]	@ 0xc0
 8000d90:	f8d0 6100 	ldr.w	r6, [r0, #256]	@ 0x100
 8000d94:	f8d0 7140 	ldr.w	r7, [r0, #320]	@ 0x140
 8000d98:	f8d0 8180 	ldr.w	r8, [r0, #384]	@ 0x180
 8000d9c:	f8d0 91c0 	ldr.w	r9, [r0, #448]	@ 0x1c0
 8000da0:	f831 ab02 	ldrh.w	sl, [r1], #2
 8000da4:	fb13 fc0a 	smulbb	ip, r3, sl
 8000da8:	fb13 f32a 	smultb	r3, r3, sl
 8000dac:	fb1c fe1b 	smulbt	lr, ip, fp
 8000db0:	fb1b ce0e 	smlabb	lr, fp, lr, ip
 8000db4:	fb13 fc1b 	smulbt	ip, r3, fp
 8000db8:	fb1b 3c0c 	smlabb	ip, fp, ip, r3
 8000dbc:	eacc 4e2e 	pkhtb	lr, ip, lr, asr #16
 8000dc0:	fad2 f34e 	usub16	r3, r2, lr
 8000dc4:	fa92 f24e 	uadd16	r2, r2, lr
 8000dc8:	fb15 fc0a 	smulbb	ip, r5, sl
 8000dcc:	fb15 f52a 	smultb	r5, r5, sl
 8000dd0:	fb1c fe1b 	smulbt	lr, ip, fp
 8000dd4:	fb1b ce0e 	smlabb	lr, fp, lr, ip
 8000dd8:	fb15 fc1b 	smulbt	ip, r5, fp
 8000ddc:	fb1b 5c0c 	smlabb	ip, fp, ip, r5
 8000de0:	eacc 4e2e 	pkhtb	lr, ip, lr, asr #16
 8000de4:	fad4 f54e 	usub16	r5, r4, lr
 8000de8:	fa94 f44e 	uadd16	r4, r4, lr
 8000dec:	fb17 fc0a 	smulbb	ip, r7, sl
 8000df0:	fb17 f72a 	smultb	r7, r7, sl
 8000df4:	fb1c fe1b 	smulbt	lr, ip, fp
 8000df8:	fb1b ce0e 	smlabb	lr, fp, lr, ip
 8000dfc:	fb17 fc1b 	smulbt	ip, r7, fp
 8000e00:	fb1b 7c0c 	smlabb	ip, fp, ip, r7
 8000e04:	eacc 4e2e 	pkhtb	lr, ip, lr, asr #16
 8000e08:	fad6 f74e 	usub16	r7, r6, lr
 8000e0c:	fa96 f64e 	uadd16	r6, r6, lr
 8000e10:	fb19 fc0a 	smulbb	ip, r9, sl
 8000e14:	fb19 f92a 	smultb	r9, r9, sl
 8000e18:	fb1c fe1b 	smulbt	lr, ip, fp
 8000e1c:	fb1b ce0e 	smlabb	lr, fp, lr, ip
 8000e20:	fb19 fc1b 	smulbt	ip, r9, fp
 8000e24:	fb1b 9c0c 	smlabb	ip, fp, ip, r9
 8000e28:	eacc 4e2e 	pkhtb	lr, ip, lr, asr #16
 8000e2c:	fad8 f94e 	usub16	r9, r8, lr
 8000e30:	fa98 f84e 	uadd16	r8, r8, lr
 8000e34:	f851 ab04 	ldr.w	sl, [r1], #4
 8000e38:	fb14 fc0a 	smulbb	ip, r4, sl
 8000e3c:	fb14 f42a 	smultb	r4, r4, sl
 8000e40:	fb1c fe1b 	smulbt	lr, ip, fp
 8000e44:	fb1b ce0e 	smlabb	lr, fp, lr, ip
 8000e48:	fb14 fc1b 	smulbt	ip, r4, fp
 8000e4c:	fb1b 4c0c 	smlabb	ip, fp, ip, r4
 8000e50:	eacc 4e2e 	pkhtb	lr, ip, lr, asr #16
 8000e54:	fad2 f44e 	usub16	r4, r2, lr
 8000e58:	fa92 f24e 	uadd16	r2, r2, lr
 8000e5c:	fb15 fc1a 	smulbt	ip, r5, sl
 8000e60:	fb15 f53a 	smultt	r5, r5, sl
 8000e64:	fb1c fe1b 	smulbt	lr, ip, fp
 8000e68:	fb1b ce0e 	smlabb	lr, fp, lr, ip
 8000e6c:	fb15 fc1b 	smulbt	ip, r5, fp
 8000e70:	fb1b 5c0c 	smlabb	ip, fp, ip, r5
 8000e74:	eacc 4e2e 	pkhtb	lr, ip, lr, asr #16
 8000e78:	fad3 f54e 	usub16	r5, r3, lr
 8000e7c:	fa93 f34e 	uadd16	r3, r3, lr
 8000e80:	fb18 fc0a 	smulbb	ip, r8, sl
 8000e84:	fb18 f82a 	smultb	r8, r8, sl
 8000e88:	fb1c fe1b 	smulbt	lr, ip, fp
 8000e8c:	fb1b ce0e 	smlabb	lr, fp, lr, ip
 8000e90:	fb18 fc1b 	smulbt	ip, r8, fp
 8000e94:	fb1b 8c0c 	smlabb	ip, fp, ip, r8
 8000e98:	eacc 4e2e 	pkhtb	lr, ip, lr, asr #16
 8000e9c:	fad6 f84e 	usub16	r8, r6, lr
 8000ea0:	fa96 f64e 	uadd16	r6, r6, lr
 8000ea4:	fb19 fc1a 	smulbt	ip, r9, sl
 8000ea8:	fb19 f93a 	smultt	r9, r9, sl
 8000eac:	fb1c fe1b 	smulbt	lr, ip, fp
 8000eb0:	fb1b ce0e 	smlabb	lr, fp, lr, ip
 8000eb4:	fb19 fc1b 	smulbt	ip, r9, fp
 8000eb8:	fb1b 9c0c 	smlabb	ip, fp, ip, r9
 8000ebc:	eacc 4e2e 	pkhtb	lr, ip, lr, asr #16
 8000ec0:	fad7 f94e 	usub16	r9, r7, lr
 8000ec4:	fa97 f74e 	uadd16	r7, r7, lr
 8000ec8:	f851 ab04 	ldr.w	sl, [r1], #4
 8000ecc:	fb16 fc0a 	smulbb	ip, r6, sl
 8000ed0:	fb16 f62a 	smultb	r6, r6, sl
 8000ed4:	fb1c fe1b 	smulbt	lr, ip, fp
 8000ed8:	fb1b ce0e 	smlabb	lr, fp, lr, ip
 8000edc:	fb16 fc1b 	smulbt	ip, r6, fp
 8000ee0:	fb1b 6c0c 	smlabb	ip, fp, ip, r6
 8000ee4:	eacc 4e2e 	pkhtb	lr, ip, lr, asr #16
 8000ee8:	fad2 f64e 	usub16	r6, r2, lr
 8000eec:	fa92 f24e 	uadd16	r2, r2, lr
 8000ef0:	fb17 fc1a 	smulbt	ip, r7, sl
 8000ef4:	fb17 f73a 	smultt	r7, r7, sl
 8000ef8:	fb1c fe1b 	smulbt	lr, ip, fp
 8000efc:	fb1b ce0e 	smlabb	lr, fp, lr, ip
 8000f00:	fb17 fc1b 	smulbt	ip, r7, fp
 8000f04:	fb1b 7c0c 	smlabb	ip, fp, ip, r7
 8000f08:	eacc 4e2e 	pkhtb	lr, ip, lr, asr #16
 8000f0c:	fad3 f74e 	usub16	r7, r3, lr
 8000f10:	fa93 f34e 	uadd16	r3, r3, lr
 8000f14:	f851 ab04 	ldr.w	sl, [r1], #4
 8000f18:	fb18 fc0a 	smulbb	ip, r8, sl
 8000f1c:	fb18 f82a 	smultb	r8, r8, sl
 8000f20:	fb1c fe1b 	smulbt	lr, ip, fp
 8000f24:	fb1b ce0e 	smlabb	lr, fp, lr, ip
 8000f28:	fb18 fc1b 	smulbt	ip, r8, fp
 8000f2c:	fb1b 8c0c 	smlabb	ip, fp, ip, r8
 8000f30:	eacc 4e2e 	pkhtb	lr, ip, lr, asr #16
 8000f34:	fad4 f84e 	usub16	r8, r4, lr
 8000f38:	fa94 f44e 	uadd16	r4, r4, lr
 8000f3c:	fb19 fc1a 	smulbt	ip, r9, sl
 8000f40:	fb19 f93a 	smultt	r9, r9, sl
 8000f44:	fb1c fe1b 	smulbt	lr, ip, fp
 8000f48:	fb1b ce0e 	smlabb	lr, fp, lr, ip
 8000f4c:	fb19 fc1b 	smulbt	ip, r9, fp
 8000f50:	fb1b 9c0c 	smlabb	ip, fp, ip, r9
 8000f54:	eacc 4e2e 	pkhtb	lr, ip, lr, asr #16
 8000f58:	fad5 f94e 	usub16	r9, r5, lr
 8000f5c:	fa95 f54e 	uadd16	r5, r5, lr
 8000f60:	f851 ab04 	ldr.w	sl, [r1], #4
 8000f64:	fb12 fc0a 	smulbb	ip, r2, sl
 8000f68:	fb12 f22a 	smultb	r2, r2, sl
 8000f6c:	fb1c fe1b 	smulbt	lr, ip, fp
 8000f70:	fb1b ce0e 	smlabb	lr, fp, lr, ip
 8000f74:	fb12 fc1b 	smulbt	ip, r2, fp
 8000f78:	fb1b 2c0c 	smlabb	ip, fp, ip, r2
 8000f7c:	eacc 422e 	pkhtb	r2, ip, lr, asr #16
 8000f80:	fb13 fc1a 	smulbt	ip, r3, sl
 8000f84:	fb13 f33a 	smultt	r3, r3, sl
 8000f88:	fb1c fe1b 	smulbt	lr, ip, fp
 8000f8c:	fb1b ce0e 	smlabb	lr, fp, lr, ip
 8000f90:	fb13 fc1b 	smulbt	ip, r3, fp
 8000f94:	fb1b 3c0c 	smlabb	ip, fp, ip, r3
 8000f98:	eacc 432e 	pkhtb	r3, ip, lr, asr #16
 8000f9c:	f851 ab04 	ldr.w	sl, [r1], #4
 8000fa0:	fb14 fc0a 	smulbb	ip, r4, sl
 8000fa4:	fb14 f42a 	smultb	r4, r4, sl
 8000fa8:	fb1c fe1b 	smulbt	lr, ip, fp
 8000fac:	fb1b ce0e 	smlabb	lr, fp, lr, ip
 8000fb0:	fb14 fc1b 	smulbt	ip, r4, fp
 8000fb4:	fb1b 4c0c 	smlabb	ip, fp, ip, r4
 8000fb8:	eacc 442e 	pkhtb	r4, ip, lr, asr #16
 8000fbc:	fb15 fc1a 	smulbt	ip, r5, sl
 8000fc0:	fb15 f53a 	smultt	r5, r5, sl
 8000fc4:	fb1c fe1b 	smulbt	lr, ip, fp
 8000fc8:	fb1b ce0e 	smlabb	lr, fp, lr, ip
 8000fcc:	fb15 fc1b 	smulbt	ip, r5, fp
 8000fd0:	fb1b 5c0c 	smlabb	ip, fp, ip, r5
 8000fd4:	eacc 452e 	pkhtb	r5, ip, lr, asr #16
 8000fd8:	f851 ab04 	ldr.w	sl, [r1], #4
 8000fdc:	fb16 fc0a 	smulbb	ip, r6, sl
 8000fe0:	fb16 f62a 	smultb	r6, r6, sl
 8000fe4:	fb1c fe1b 	smulbt	lr, ip, fp
 8000fe8:	fb1b ce0e 	smlabb	lr, fp, lr, ip
 8000fec:	fb16 fc1b 	smulbt	ip, r6, fp
 8000ff0:	fb1b 6c0c 	smlabb	ip, fp, ip, r6
 8000ff4:	eacc 462e 	pkhtb	r6, ip, lr, asr #16
 8000ff8:	fb17 fc1a 	smulbt	ip, r7, sl
 8000ffc:	fb17 f73a 	smultt	r7, r7, sl
 8001000:	fb1c fe1b 	smulbt	lr, ip, fp
 8001004:	fb1b ce0e 	smlabb	lr, fp, lr, ip
 8001008:	fb17 fc1b 	smulbt	ip, r7, fp
 800100c:	fb1b 7c0c 	smlabb	ip, fp, ip, r7
 8001010:	eacc 472e 	pkhtb	r7, ip, lr, asr #16
 8001014:	f851 ab04 	ldr.w	sl, [r1], #4
 8001018:	fb18 fc0a 	smulbb	ip, r8, sl
 800101c:	fb18 f82a 	smultb	r8, r8, sl
 8001020:	fb1c fe1b 	smulbt	lr, ip, fp
 8001024:	fb1b ce0e 	smlabb	lr, fp, lr, ip
 8001028:	fb18 fc1b 	smulbt	ip, r8, fp
 800102c:	fb1b 8c0c 	smlabb	ip, fp, ip, r8
 8001030:	eacc 482e 	pkhtb	r8, ip, lr, asr #16
 8001034:	fb19 fc1a 	smulbt	ip, r9, sl
 8001038:	fb19 f93a 	smultt	r9, r9, sl
 800103c:	fb1c fe1b 	smulbt	lr, ip, fp
 8001040:	fb1b ce0e 	smlabb	lr, fp, lr, ip
 8001044:	fb19 fc1b 	smulbt	ip, r9, fp
 8001048:	fb1b 9c0c 	smlabb	ip, fp, ip, r9
 800104c:	eacc 492e 	pkhtb	r9, ip, lr, asr #16
 8001050:	f8c0 6100 	str.w	r6, [r0, #256]	@ 0x100
 8001054:	f8c0 7140 	str.w	r7, [r0, #320]	@ 0x140
 8001058:	f8c0 8180 	str.w	r8, [r0, #384]	@ 0x180
 800105c:	f8c0 91c0 	str.w	r9, [r0, #448]	@ 0x1c0
 8001060:	f8c0 3040 	str.w	r3, [r0, #64]	@ 0x40
 8001064:	f8c0 4080 	str.w	r4, [r0, #128]	@ 0x80
 8001068:	f8c0 50c0 	str.w	r5, [r0, #192]	@ 0xc0
 800106c:	f840 2b04 	str.w	r2, [r0], #4
 8001070:	ee16 ca90 	vmov	ip, s13
 8001074:	ebb0 0f0c 	cmp.w	r0, ip
 8001078:	f47f ae82 	bne.w	8000d80 <invntt_fast+0x728>
 800107c:	f8d0 2000 	ldr.w	r2, [r0]
 8001080:	f8d0 3040 	ldr.w	r3, [r0, #64]	@ 0x40
 8001084:	f8d0 4080 	ldr.w	r4, [r0, #128]	@ 0x80
 8001088:	f8d0 50c0 	ldr.w	r5, [r0, #192]	@ 0xc0
 800108c:	f8d0 6100 	ldr.w	r6, [r0, #256]	@ 0x100
 8001090:	f8d0 7140 	ldr.w	r7, [r0, #320]	@ 0x140
 8001094:	f8d0 8180 	ldr.w	r8, [r0, #384]	@ 0x180
 8001098:	f8d0 91c0 	ldr.w	r9, [r0, #448]	@ 0x1c0
 800109c:	ee15 aa10 	vmov	sl, s10
 80010a0:	ee07 0a90 	vmov	s15, r0
 80010a4:	ee15 0a90 	vmov	r0, s11
 80010a8:	fb3a 0c02 	smlawb	ip, sl, r2, r0
 80010ac:	fb1b 2c1c 	smlabt	ip, fp, ip, r2
 80010b0:	fb3a 0e12 	smlawt	lr, sl, r2, r0
 80010b4:	fb1b fe1e 	smulbt	lr, fp, lr
 80010b8:	eb02 4e0e 	add.w	lr, r2, lr, lsl #16
 80010bc:	eacc 020e 	pkhbt	r2, ip, lr
 80010c0:	fb3a 0c04 	smlawb	ip, sl, r4, r0
 80010c4:	fb1b 4c1c 	smlabt	ip, fp, ip, r4
 80010c8:	fb3a 0e14 	smlawt	lr, sl, r4, r0
 80010cc:	fb1b fe1e 	smulbt	lr, fp, lr
 80010d0:	eb04 4e0e 	add.w	lr, r4, lr, lsl #16
 80010d4:	eacc 040e 	pkhbt	r4, ip, lr
 80010d8:	fb3a 0c06 	smlawb	ip, sl, r6, r0
 80010dc:	fb1b 6c1c 	smlabt	ip, fp, ip, r6
 80010e0:	fb3a 0e16 	smlawt	lr, sl, r6, r0
 80010e4:	fb1b fe1e 	smulbt	lr, fp, lr
 80010e8:	eb06 4e0e 	add.w	lr, r6, lr, lsl #16
 80010ec:	eacc 060e 	pkhbt	r6, ip, lr
 80010f0:	fb3a 0c08 	smlawb	ip, sl, r8, r0
 80010f4:	fb1b 8c1c 	smlabt	ip, fp, ip, r8
 80010f8:	fb3a 0e18 	smlawt	lr, sl, r8, r0
 80010fc:	fb1b fe1e 	smulbt	lr, fp, lr
 8001100:	eb08 4e0e 	add.w	lr, r8, lr, lsl #16
 8001104:	eacc 080e 	pkhbt	r8, ip, lr
 8001108:	ee17 0a90 	vmov	r0, s15
 800110c:	f831 ab02 	ldrh.w	sl, [r1], #2
 8001110:	fb13 fc0a 	smulbb	ip, r3, sl
 8001114:	fb13 f32a 	smultb	r3, r3, sl
 8001118:	fb1c fe1b 	smulbt	lr, ip, fp
 800111c:	fb1b ce0e 	smlabb	lr, fp, lr, ip
 8001120:	fb13 fc1b 	smulbt	ip, r3, fp
 8001124:	fb1b 3c0c 	smlabb	ip, fp, ip, r3
 8001128:	eacc 4e2e 	pkhtb	lr, ip, lr, asr #16
 800112c:	fad2 f34e 	usub16	r3, r2, lr
 8001130:	fa92 f24e 	uadd16	r2, r2, lr
 8001134:	fb15 fc0a 	smulbb	ip, r5, sl
 8001138:	fb15 f52a 	smultb	r5, r5, sl
 800113c:	fb1c fe1b 	smulbt	lr, ip, fp
 8001140:	fb1b ce0e 	smlabb	lr, fp, lr, ip
 8001144:	fb15 fc1b 	smulbt	ip, r5, fp
 8001148:	fb1b 5c0c 	smlabb	ip, fp, ip, r5
 800114c:	eacc 4e2e 	pkhtb	lr, ip, lr, asr #16
 8001150:	fad4 f54e 	usub16	r5, r4, lr
 8001154:	fa94 f44e 	uadd16	r4, r4, lr
 8001158:	fb17 fc0a 	smulbb	ip, r7, sl
 800115c:	fb17 f72a 	smultb	r7, r7, sl
 8001160:	fb1c fe1b 	smulbt	lr, ip, fp
 8001164:	fb1b ce0e 	smlabb	lr, fp, lr, ip
 8001168:	fb17 fc1b 	smulbt	ip, r7, fp
 800116c:	fb1b 7c0c 	smlabb	ip, fp, ip, r7
 8001170:	eacc 4e2e 	pkhtb	lr, ip, lr, asr #16
 8001174:	fad6 f74e 	usub16	r7, r6, lr
 8001178:	fa96 f64e 	uadd16	r6, r6, lr
 800117c:	fb19 fc0a 	smulbb	ip, r9, sl
 8001180:	fb19 f92a 	smultb	r9, r9, sl
 8001184:	fb1c fe1b 	smulbt	lr, ip, fp
 8001188:	fb1b ce0e 	smlabb	lr, fp, lr, ip
 800118c:	fb19 fc1b 	smulbt	ip, r9, fp
 8001190:	fb1b 9c0c 	smlabb	ip, fp, ip, r9
 8001194:	eacc 4e2e 	pkhtb	lr, ip, lr, asr #16
 8001198:	fad8 f94e 	usub16	r9, r8, lr
 800119c:	fa98 f84e 	uadd16	r8, r8, lr
 80011a0:	f851 ab04 	ldr.w	sl, [r1], #4
 80011a4:	fb14 fc0a 	smulbb	ip, r4, sl
 80011a8:	fb14 f42a 	smultb	r4, r4, sl
 80011ac:	fb1c fe1b 	smulbt	lr, ip, fp
 80011b0:	fb1b ce0e 	smlabb	lr, fp, lr, ip
 80011b4:	fb14 fc1b 	smulbt	ip, r4, fp
 80011b8:	fb1b 4c0c 	smlabb	ip, fp, ip, r4
 80011bc:	eacc 4e2e 	pkhtb	lr, ip, lr, asr #16
 80011c0:	fad2 f44e 	usub16	r4, r2, lr
 80011c4:	fa92 f24e 	uadd16	r2, r2, lr
 80011c8:	fb15 fc1a 	smulbt	ip, r5, sl
 80011cc:	fb15 f53a 	smultt	r5, r5, sl
 80011d0:	fb1c fe1b 	smulbt	lr, ip, fp
 80011d4:	fb1b ce0e 	smlabb	lr, fp, lr, ip
 80011d8:	fb15 fc1b 	smulbt	ip, r5, fp
 80011dc:	fb1b 5c0c 	smlabb	ip, fp, ip, r5
 80011e0:	eacc 4e2e 	pkhtb	lr, ip, lr, asr #16
 80011e4:	fad3 f54e 	usub16	r5, r3, lr
 80011e8:	fa93 f34e 	uadd16	r3, r3, lr
 80011ec:	fb18 fc0a 	smulbb	ip, r8, sl
 80011f0:	fb18 f82a 	smultb	r8, r8, sl
 80011f4:	fb1c fe1b 	smulbt	lr, ip, fp
 80011f8:	fb1b ce0e 	smlabb	lr, fp, lr, ip
 80011fc:	fb18 fc1b 	smulbt	ip, r8, fp
 8001200:	fb1b 8c0c 	smlabb	ip, fp, ip, r8
 8001204:	eacc 4e2e 	pkhtb	lr, ip, lr, asr #16
 8001208:	fad6 f84e 	usub16	r8, r6, lr
 800120c:	fa96 f64e 	uadd16	r6, r6, lr
 8001210:	fb19 fc1a 	smulbt	ip, r9, sl
 8001214:	fb19 f93a 	smultt	r9, r9, sl
 8001218:	fb1c fe1b 	smulbt	lr, ip, fp
 800121c:	fb1b ce0e 	smlabb	lr, fp, lr, ip
 8001220:	fb19 fc1b 	smulbt	ip, r9, fp
 8001224:	fb1b 9c0c 	smlabb	ip, fp, ip, r9
 8001228:	eacc 4e2e 	pkhtb	lr, ip, lr, asr #16
 800122c:	fad7 f94e 	usub16	r9, r7, lr
 8001230:	fa97 f74e 	uadd16	r7, r7, lr
 8001234:	f851 ab04 	ldr.w	sl, [r1], #4
 8001238:	fb16 fc0a 	smulbb	ip, r6, sl
 800123c:	fb16 f62a 	smultb	r6, r6, sl
 8001240:	fb1c fe1b 	smulbt	lr, ip, fp
 8001244:	fb1b ce0e 	smlabb	lr, fp, lr, ip
 8001248:	fb16 fc1b 	smulbt	ip, r6, fp
 800124c:	fb1b 6c0c 	smlabb	ip, fp, ip, r6
 8001250:	eacc 4e2e 	pkhtb	lr, ip, lr, asr #16
 8001254:	fad2 f64e 	usub16	r6, r2, lr
 8001258:	fa92 f24e 	uadd16	r2, r2, lr
 800125c:	fb17 fc1a 	smulbt	ip, r7, sl
 8001260:	fb17 f73a 	smultt	r7, r7, sl
 8001264:	fb1c fe1b 	smulbt	lr, ip, fp
 8001268:	fb1b ce0e 	smlabb	lr, fp, lr, ip
 800126c:	fb17 fc1b 	smulbt	ip, r7, fp
 8001270:	fb1b 7c0c 	smlabb	ip, fp, ip, r7
 8001274:	eacc 4e2e 	pkhtb	lr, ip, lr, asr #16
 8001278:	fad3 f74e 	usub16	r7, r3, lr
 800127c:	fa93 f34e 	uadd16	r3, r3, lr
 8001280:	f851 ab04 	ldr.w	sl, [r1], #4
 8001284:	fb18 fc0a 	smulbb	ip, r8, sl
 8001288:	fb18 f82a 	smultb	r8, r8, sl
 800128c:	fb1c fe1b 	smulbt	lr, ip, fp
 8001290:	fb1b ce0e 	smlabb	lr, fp, lr, ip
 8001294:	fb18 fc1b 	smulbt	ip, r8, fp
 8001298:	fb1b 8c0c 	smlabb	ip, fp, ip, r8
 800129c:	eacc 4e2e 	pkhtb	lr, ip, lr, asr #16
 80012a0:	fad4 f84e 	usub16	r8, r4, lr
 80012a4:	fa94 f44e 	uadd16	r4, r4, lr
 80012a8:	fb19 fc1a 	smulbt	ip, r9, sl
 80012ac:	fb19 f93a 	smultt	r9, r9, sl
 80012b0:	fb1c fe1b 	smulbt	lr, ip, fp
 80012b4:	fb1b ce0e 	smlabb	lr, fp, lr, ip
 80012b8:	fb19 fc1b 	smulbt	ip, r9, fp
 80012bc:	fb1b 9c0c 	smlabb	ip, fp, ip, r9
 80012c0:	eacc 4e2e 	pkhtb	lr, ip, lr, asr #16
 80012c4:	fad5 f94e 	usub16	r9, r5, lr
 80012c8:	fa95 f54e 	uadd16	r5, r5, lr
 80012cc:	f851 ab04 	ldr.w	sl, [r1], #4
 80012d0:	fb12 fc0a 	smulbb	ip, r2, sl
 80012d4:	fb12 f22a 	smultb	r2, r2, sl
 80012d8:	fb1c fe1b 	smulbt	lr, ip, fp
 80012dc:	fb1b ce0e 	smlabb	lr, fp, lr, ip
 80012e0:	fb12 fc1b 	smulbt	ip, r2, fp
 80012e4:	fb1b 2c0c 	smlabb	ip, fp, ip, r2
 80012e8:	eacc 422e 	pkhtb	r2, ip, lr, asr #16
 80012ec:	fb13 fc1a 	smulbt	ip, r3, sl
 80012f0:	fb13 f33a 	smultt	r3, r3, sl
 80012f4:	fb1c fe1b 	smulbt	lr, ip, fp
 80012f8:	fb1b ce0e 	smlabb	lr, fp, lr, ip
 80012fc:	fb13 fc1b 	smulbt	ip, r3, fp
 8001300:	fb1b 3c0c 	smlabb	ip, fp, ip, r3
 8001304:	eacc 432e 	pkhtb	r3, ip, lr, asr #16
 8001308:	f851 ab04 	ldr.w	sl, [r1], #4
 800130c:	fb14 fc0a 	smulbb	ip, r4, sl
 8001310:	fb14 f42a 	smultb	r4, r4, sl
 8001314:	fb1c fe1b 	smulbt	lr, ip, fp
 8001318:	fb1b ce0e 	smlabb	lr, fp, lr, ip
 800131c:	fb14 fc1b 	smulbt	ip, r4, fp
 8001320:	fb1b 4c0c 	smlabb	ip, fp, ip, r4
 8001324:	eacc 442e 	pkhtb	r4, ip, lr, asr #16
 8001328:	fb15 fc1a 	smulbt	ip, r5, sl
 800132c:	fb15 f53a 	smultt	r5, r5, sl
 8001330:	fb1c fe1b 	smulbt	lr, ip, fp
 8001334:	fb1b ce0e 	smlabb	lr, fp, lr, ip
 8001338:	fb15 fc1b 	smulbt	ip, r5, fp
 800133c:	fb1b 5c0c 	smlabb	ip, fp, ip, r5
 8001340:	eacc 452e 	pkhtb	r5, ip, lr, asr #16
 8001344:	f851 ab04 	ldr.w	sl, [r1], #4
 8001348:	fb16 fc0a 	smulbb	ip, r6, sl
 800134c:	fb16 f62a 	smultb	r6, r6, sl
 8001350:	fb1c fe1b 	smulbt	lr, ip, fp
 8001354:	fb1b ce0e 	smlabb	lr, fp, lr, ip
 8001358:	fb16 fc1b 	smulbt	ip, r6, fp
 800135c:	fb1b 6c0c 	smlabb	ip, fp, ip, r6
 8001360:	eacc 462e 	pkhtb	r6, ip, lr, asr #16
 8001364:	fb17 fc1a 	smulbt	ip, r7, sl
 8001368:	fb17 f73a 	smultt	r7, r7, sl
 800136c:	fb1c fe1b 	smulbt	lr, ip, fp
 8001370:	fb1b ce0e 	smlabb	lr, fp, lr, ip
 8001374:	fb17 fc1b 	smulbt	ip, r7, fp
 8001378:	fb1b 7c0c 	smlabb	ip, fp, ip, r7
 800137c:	eacc 472e 	pkhtb	r7, ip, lr, asr #16
 8001380:	f851 ab04 	ldr.w	sl, [r1], #4
 8001384:	fb18 fc0a 	smulbb	ip, r8, sl
 8001388:	fb18 f82a 	smultb	r8, r8, sl
 800138c:	fb1c fe1b 	smulbt	lr, ip, fp
 8001390:	fb1b ce0e 	smlabb	lr, fp, lr, ip
 8001394:	fb18 fc1b 	smulbt	ip, r8, fp
 8001398:	fb1b 8c0c 	smlabb	ip, fp, ip, r8
 800139c:	eacc 482e 	pkhtb	r8, ip, lr, asr #16
 80013a0:	fb19 fc1a 	smulbt	ip, r9, sl
 80013a4:	fb19 f93a 	smultt	r9, r9, sl
 80013a8:	fb1c fe1b 	smulbt	lr, ip, fp
 80013ac:	fb1b ce0e 	smlabb	lr, fp, lr, ip
 80013b0:	fb19 fc1b 	smulbt	ip, r9, fp
 80013b4:	fb1b 9c0c 	smlabb	ip, fp, ip, r9
 80013b8:	eacc 492e 	pkhtb	r9, ip, lr, asr #16
 80013bc:	f8c0 6100 	str.w	r6, [r0, #256]	@ 0x100
 80013c0:	f8c0 7140 	str.w	r7, [r0, #320]	@ 0x140
 80013c4:	f8c0 8180 	str.w	r8, [r0, #384]	@ 0x180
 80013c8:	f8c0 91c0 	str.w	r9, [r0, #448]	@ 0x1c0
 80013cc:	f8c0 3040 	str.w	r3, [r0, #64]	@ 0x40
 80013d0:	f8c0 4080 	str.w	r4, [r0, #128]	@ 0x80
 80013d4:	f8c0 50c0 	str.w	r5, [r0, #192]	@ 0xc0
 80013d8:	f840 2b04 	str.w	r2, [r0], #4
 80013dc:	ee17 ca10 	vmov	ip, s14
 80013e0:	ebb0 0f0c 	cmp.w	r0, ip
 80013e4:	f47f acc8 	bne.w	8000d78 <invntt_fast+0x720>
 80013e8:	f100 0c0c 	add.w	ip, r0, #12
 80013ec:	ee06 ca90 	vmov	s13, ip
 80013f0:	f8d0 2000 	ldr.w	r2, [r0]
 80013f4:	f8d0 3040 	ldr.w	r3, [r0, #64]	@ 0x40
 80013f8:	f8d0 4080 	ldr.w	r4, [r0, #128]	@ 0x80
 80013fc:	f8d0 50c0 	ldr.w	r5, [r0, #192]	@ 0xc0
 8001400:	f8d0 6100 	ldr.w	r6, [r0, #256]	@ 0x100
 8001404:	f8d0 7140 	ldr.w	r7, [r0, #320]	@ 0x140
 8001408:	f8d0 8180 	ldr.w	r8, [r0, #384]	@ 0x180
 800140c:	f8d0 91c0 	ldr.w	r9, [r0, #448]	@ 0x1c0
 8001410:	f831 ab02 	ldrh.w	sl, [r1], #2
 8001414:	fb13 fc0a 	smulbb	ip, r3, sl
 8001418:	fb13 f32a 	smultb	r3, r3, sl
 800141c:	fb1c fe1b 	smulbt	lr, ip, fp
 8001420:	fb1b ce0e 	smlabb	lr, fp, lr, ip
 8001424:	fb13 fc1b 	smulbt	ip, r3, fp
 8001428:	fb1b 3c0c 	smlabb	ip, fp, ip, r3
 800142c:	eacc 4e2e 	pkhtb	lr, ip, lr, asr #16
 8001430:	fad2 f34e 	usub16	r3, r2, lr
 8001434:	fa92 f24e 	uadd16	r2, r2, lr
 8001438:	fb15 fc0a 	smulbb	ip, r5, sl
 800143c:	fb15 f52a 	smultb	r5, r5, sl
 8001440:	fb1c fe1b 	smulbt	lr, ip, fp
 8001444:	fb1b ce0e 	smlabb	lr, fp, lr, ip
 8001448:	fb15 fc1b 	smulbt	ip, r5, fp
 800144c:	fb1b 5c0c 	smlabb	ip, fp, ip, r5
 8001450:	eacc 4e2e 	pkhtb	lr, ip, lr, asr #16
 8001454:	fad4 f54e 	usub16	r5, r4, lr
 8001458:	fa94 f44e 	uadd16	r4, r4, lr
 800145c:	fb17 fc0a 	smulbb	ip, r7, sl
 8001460:	fb17 f72a 	smultb	r7, r7, sl
 8001464:	fb1c fe1b 	smulbt	lr, ip, fp
 8001468:	fb1b ce0e 	smlabb	lr, fp, lr, ip
 800146c:	fb17 fc1b 	smulbt	ip, r7, fp
 8001470:	fb1b 7c0c 	smlabb	ip, fp, ip, r7
 8001474:	eacc 4e2e 	pkhtb	lr, ip, lr, asr #16
 8001478:	fad6 f74e 	usub16	r7, r6, lr
 800147c:	fa96 f64e 	uadd16	r6, r6, lr
 8001480:	fb19 fc0a 	smulbb	ip, r9, sl
 8001484:	fb19 f92a 	smultb	r9, r9, sl
 8001488:	fb1c fe1b 	smulbt	lr, ip, fp
 800148c:	fb1b ce0e 	smlabb	lr, fp, lr, ip
 8001490:	fb19 fc1b 	smulbt	ip, r9, fp
 8001494:	fb1b 9c0c 	smlabb	ip, fp, ip, r9
 8001498:	eacc 4e2e 	pkhtb	lr, ip, lr, asr #16
 800149c:	fad8 f94e 	usub16	r9, r8, lr
 80014a0:	fa98 f84e 	uadd16	r8, r8, lr
 80014a4:	f851 ab04 	ldr.w	sl, [r1], #4
 80014a8:	fb14 fc0a 	smulbb	ip, r4, sl
 80014ac:	fb14 f42a 	smultb	r4, r4, sl
 80014b0:	fb1c fe1b 	smulbt	lr, ip, fp
 80014b4:	fb1b ce0e 	smlabb	lr, fp, lr, ip
 80014b8:	fb14 fc1b 	smulbt	ip, r4, fp
 80014bc:	fb1b 4c0c 	smlabb	ip, fp, ip, r4
 80014c0:	eacc 4e2e 	pkhtb	lr, ip, lr, asr #16
 80014c4:	fad2 f44e 	usub16	r4, r2, lr
 80014c8:	fa92 f24e 	uadd16	r2, r2, lr
 80014cc:	fb15 fc1a 	smulbt	ip, r5, sl
 80014d0:	fb15 f53a 	smultt	r5, r5, sl
 80014d4:	fb1c fe1b 	smulbt	lr, ip, fp
 80014d8:	fb1b ce0e 	smlabb	lr, fp, lr, ip
 80014dc:	fb15 fc1b 	smulbt	ip, r5, fp
 80014e0:	fb1b 5c0c 	smlabb	ip, fp, ip, r5
 80014e4:	eacc 4e2e 	pkhtb	lr, ip, lr, asr #16
 80014e8:	fad3 f54e 	usub16	r5, r3, lr
 80014ec:	fa93 f34e 	uadd16	r3, r3, lr
 80014f0:	fb18 fc0a 	smulbb	ip, r8, sl
 80014f4:	fb18 f82a 	smultb	r8, r8, sl
 80014f8:	fb1c fe1b 	smulbt	lr, ip, fp
 80014fc:	fb1b ce0e 	smlabb	lr, fp, lr, ip
 8001500:	fb18 fc1b 	smulbt	ip, r8, fp
 8001504:	fb1b 8c0c 	smlabb	ip, fp, ip, r8
 8001508:	eacc 4e2e 	pkhtb	lr, ip, lr, asr #16
 800150c:	fad6 f84e 	usub16	r8, r6, lr
 8001510:	fa96 f64e 	uadd16	r6, r6, lr
 8001514:	fb19 fc1a 	smulbt	ip, r9, sl
 8001518:	fb19 f93a 	smultt	r9, r9, sl
 800151c:	fb1c fe1b 	smulbt	lr, ip, fp
 8001520:	fb1b ce0e 	smlabb	lr, fp, lr, ip
 8001524:	fb19 fc1b 	smulbt	ip, r9, fp
 8001528:	fb1b 9c0c 	smlabb	ip, fp, ip, r9
 800152c:	eacc 4e2e 	pkhtb	lr, ip, lr, asr #16
 8001530:	fad7 f94e 	usub16	r9, r7, lr
 8001534:	fa97 f74e 	uadd16	r7, r7, lr
 8001538:	f851 ab04 	ldr.w	sl, [r1], #4
 800153c:	fb16 fc0a 	smulbb	ip, r6, sl
 8001540:	fb16 f62a 	smultb	r6, r6, sl
 8001544:	fb1c fe1b 	smulbt	lr, ip, fp
 8001548:	fb1b ce0e 	smlabb	lr, fp, lr, ip
 800154c:	fb16 fc1b 	smulbt	ip, r6, fp
 8001550:	fb1b 6c0c 	smlabb	ip, fp, ip, r6
 8001554:	eacc 4e2e 	pkhtb	lr, ip, lr, asr #16
 8001558:	fad2 f64e 	usub16	r6, r2, lr
 800155c:	fa92 f24e 	uadd16	r2, r2, lr
 8001560:	fb17 fc1a 	smulbt	ip, r7, sl
 8001564:	fb17 f73a 	smultt	r7, r7, sl
 8001568:	fb1c fe1b 	smulbt	lr, ip, fp
 800156c:	fb1b ce0e 	smlabb	lr, fp, lr, ip
 8001570:	fb17 fc1b 	smulbt	ip, r7, fp
 8001574:	fb1b 7c0c 	smlabb	ip, fp, ip, r7
 8001578:	eacc 4e2e 	pkhtb	lr, ip, lr, asr #16
 800157c:	fad3 f74e 	usub16	r7, r3, lr
 8001580:	fa93 f34e 	uadd16	r3, r3, lr
 8001584:	f851 ab04 	ldr.w	sl, [r1], #4
 8001588:	fb18 fc0a 	smulbb	ip, r8, sl
 800158c:	fb18 f82a 	smultb	r8, r8, sl
 8001590:	fb1c fe1b 	smulbt	lr, ip, fp
 8001594:	fb1b ce0e 	smlabb	lr, fp, lr, ip
 8001598:	fb18 fc1b 	smulbt	ip, r8, fp
 800159c:	fb1b 8c0c 	smlabb	ip, fp, ip, r8
 80015a0:	eacc 4e2e 	pkhtb	lr, ip, lr, asr #16
 80015a4:	fad4 f84e 	usub16	r8, r4, lr
 80015a8:	fa94 f44e 	uadd16	r4, r4, lr
 80015ac:	fb19 fc1a 	smulbt	ip, r9, sl
 80015b0:	fb19 f93a 	smultt	r9, r9, sl
 80015b4:	fb1c fe1b 	smulbt	lr, ip, fp
 80015b8:	fb1b ce0e 	smlabb	lr, fp, lr, ip
 80015bc:	fb19 fc1b 	smulbt	ip, r9, fp
 80015c0:	fb1b 9c0c 	smlabb	ip, fp, ip, r9
 80015c4:	eacc 4e2e 	pkhtb	lr, ip, lr, asr #16
 80015c8:	fad5 f94e 	usub16	r9, r5, lr
 80015cc:	fa95 f54e 	uadd16	r5, r5, lr
 80015d0:	f851 ab04 	ldr.w	sl, [r1], #4
 80015d4:	fb12 fc0a 	smulbb	ip, r2, sl
 80015d8:	fb12 f22a 	smultb	r2, r2, sl
 80015dc:	fb1c fe1b 	smulbt	lr, ip, fp
 80015e0:	fb1b ce0e 	smlabb	lr, fp, lr, ip
 80015e4:	fb12 fc1b 	smulbt	ip, r2, fp
 80015e8:	fb1b 2c0c 	smlabb	ip, fp, ip, r2
 80015ec:	eacc 422e 	pkhtb	r2, ip, lr, asr #16
 80015f0:	fb13 fc1a 	smulbt	ip, r3, sl
 80015f4:	fb13 f33a 	smultt	r3, r3, sl
 80015f8:	fb1c fe1b 	smulbt	lr, ip, fp
 80015fc:	fb1b ce0e 	smlabb	lr, fp, lr, ip
 8001600:	fb13 fc1b 	smulbt	ip, r3, fp
 8001604:	fb1b 3c0c 	smlabb	ip, fp, ip, r3
 8001608:	eacc 432e 	pkhtb	r3, ip, lr, asr #16
 800160c:	f851 ab04 	ldr.w	sl, [r1], #4
 8001610:	fb14 fc0a 	smulbb	ip, r4, sl
 8001614:	fb14 f42a 	smultb	r4, r4, sl
 8001618:	fb1c fe1b 	smulbt	lr, ip, fp
 800161c:	fb1b ce0e 	smlabb	lr, fp, lr, ip
 8001620:	fb14 fc1b 	smulbt	ip, r4, fp
 8001624:	fb1b 4c0c 	smlabb	ip, fp, ip, r4
 8001628:	eacc 442e 	pkhtb	r4, ip, lr, asr #16
 800162c:	fb15 fc1a 	smulbt	ip, r5, sl
 8001630:	fb15 f53a 	smultt	r5, r5, sl
 8001634:	fb1c fe1b 	smulbt	lr, ip, fp
 8001638:	fb1b ce0e 	smlabb	lr, fp, lr, ip
 800163c:	fb15 fc1b 	smulbt	ip, r5, fp
 8001640:	fb1b 5c0c 	smlabb	ip, fp, ip, r5
 8001644:	eacc 452e 	pkhtb	r5, ip, lr, asr #16
 8001648:	f851 ab04 	ldr.w	sl, [r1], #4
 800164c:	fb16 fc0a 	smulbb	ip, r6, sl
 8001650:	fb16 f62a 	smultb	r6, r6, sl
 8001654:	fb1c fe1b 	smulbt	lr, ip, fp
 8001658:	fb1b ce0e 	smlabb	lr, fp, lr, ip
 800165c:	fb16 fc1b 	smulbt	ip, r6, fp
 8001660:	fb1b 6c0c 	smlabb	ip, fp, ip, r6
 8001664:	eacc 462e 	pkhtb	r6, ip, lr, asr #16
 8001668:	fb17 fc1a 	smulbt	ip, r7, sl
 800166c:	fb17 f73a 	smultt	r7, r7, sl
 8001670:	fb1c fe1b 	smulbt	lr, ip, fp
 8001674:	fb1b ce0e 	smlabb	lr, fp, lr, ip
 8001678:	fb17 fc1b 	smulbt	ip, r7, fp
 800167c:	fb1b 7c0c 	smlabb	ip, fp, ip, r7
 8001680:	eacc 472e 	pkhtb	r7, ip, lr, asr #16
 8001684:	f851 ab04 	ldr.w	sl, [r1], #4
 8001688:	fb18 fc0a 	smulbb	ip, r8, sl
 800168c:	fb18 f82a 	smultb	r8, r8, sl
 8001690:	fb1c fe1b 	smulbt	lr, ip, fp
 8001694:	fb1b ce0e 	smlabb	lr, fp, lr, ip
 8001698:	fb18 fc1b 	smulbt	ip, r8, fp
 800169c:	fb1b 8c0c 	smlabb	ip, fp, ip, r8
 80016a0:	eacc 482e 	pkhtb	r8, ip, lr, asr #16
 80016a4:	fb19 fc1a 	smulbt	ip, r9, sl
 80016a8:	fb19 f93a 	smultt	r9, r9, sl
 80016ac:	fb1c fe1b 	smulbt	lr, ip, fp
 80016b0:	fb1b ce0e 	smlabb	lr, fp, lr, ip
 80016b4:	fb19 fc1b 	smulbt	ip, r9, fp
 80016b8:	fb1b 9c0c 	smlabb	ip, fp, ip, r9
 80016bc:	eacc 492e 	pkhtb	r9, ip, lr, asr #16
 80016c0:	f8c0 6100 	str.w	r6, [r0, #256]	@ 0x100
 80016c4:	f8c0 7140 	str.w	r7, [r0, #320]	@ 0x140
 80016c8:	f8c0 8180 	str.w	r8, [r0, #384]	@ 0x180
 80016cc:	f8c0 91c0 	str.w	r9, [r0, #448]	@ 0x1c0
 80016d0:	f8c0 3040 	str.w	r3, [r0, #64]	@ 0x40
 80016d4:	f8c0 4080 	str.w	r4, [r0, #128]	@ 0x80
 80016d8:	f8c0 50c0 	str.w	r5, [r0, #192]	@ 0xc0
 80016dc:	f840 2b04 	str.w	r2, [r0], #4
 80016e0:	ee16 ca90 	vmov	ip, s13
 80016e4:	ebb0 0f0c 	cmp.w	r0, ip
 80016e8:	f47f ae82 	bne.w	80013f0 <invntt_fast+0xd98>
 80016ec:	e8bd 8ff0 	ldmia.w	sp!, {r4, r5, r6, r7, r8, r9, sl, fp, pc}

080016f0 <ntt_fast>:
 80016f0:	e92d 4ff0 	stmdb	sp!, {r4, r5, r6, r7, r8, r9, sl, fp, lr}
 80016f4:	ed2d 8a01 	vpush	{s16}
 80016f8:	f640 5b01 	movw	fp, #3329	@ 0xd01
 80016fc:	f6c0 4bff 	movt	fp, #3327	@ 0xcff
 8001700:	ecb1 4a08 	vldmia	r1!, {s8-s15}
 8001704:	f100 0c20 	add.w	ip, r0, #32
 8001708:	ee08 ca10 	vmov	s16, ip
 800170c:	f8d0 2020 	ldr.w	r2, [r0, #32]
 8001710:	f8d0 3060 	ldr.w	r3, [r0, #96]	@ 0x60
 8001714:	f8d0 40a0 	ldr.w	r4, [r0, #160]	@ 0xa0
 8001718:	f8d0 50e0 	ldr.w	r5, [r0, #224]	@ 0xe0
 800171c:	f8d0 6120 	ldr.w	r6, [r0, #288]	@ 0x120
 8001720:	f8d0 7160 	ldr.w	r7, [r0, #352]	@ 0x160
 8001724:	f8d0 81a0 	ldr.w	r8, [r0, #416]	@ 0x1a0
 8001728:	f8d0 91e0 	ldr.w	r9, [r0, #480]	@ 0x1e0
 800172c:	ee14 aa10 	vmov	sl, s8
 8001730:	fb16 fc1a 	smulbt	ip, r6, sl
 8001734:	fb16 f63a 	smultt	r6, r6, sl
 8001738:	fb1c fe1b 	smulbt	lr, ip, fp
 800173c:	fb1b ce0e 	smlabb	lr, fp, lr, ip
 8001740:	fb16 fc1b 	smulbt	ip, r6, fp
 8001744:	fb1b 6c0c 	smlabb	ip, fp, ip, r6
 8001748:	eacc 4e2e 	pkhtb	lr, ip, lr, asr #16
 800174c:	fad2 f64e 	usub16	r6, r2, lr
 8001750:	fa92 f24e 	uadd16	r2, r2, lr
 8001754:	fb17 fc1a 	smulbt	ip, r7, sl
 8001758:	fb17 f73a 	smultt	r7, r7, sl
 800175c:	fb1c fe1b 	smulbt	lr, ip, fp
 8001760:	fb1b ce0e 	smlabb	lr, fp, lr, ip
 8001764:	fb17 fc1b 	smulbt	ip, r7, fp
 8001768:	fb1b 7c0c 	smlabb	ip, fp, ip, r7
 800176c:	eacc 4e2e 	pkhtb	lr, ip, lr, asr #16
 8001770:	fad3 f74e 	usub16	r7, r3, lr
 8001774:	fa93 f34e 	uadd16	r3, r3, lr
 8001778:	fb18 fc1a 	smulbt	ip, r8, sl
 800177c:	fb18 f83a 	smultt	r8, r8, sl
 8001780:	fb1c fe1b 	smulbt	lr, ip, fp
 8001784:	fb1b ce0e 	smlabb	lr, fp, lr, ip
 8001788:	fb18 fc1b 	smulbt	ip, r8, fp
 800178c:	fb1b 8c0c 	smlabb	ip, fp, ip, r8
 8001790:	eacc 4e2e 	pkhtb	lr, ip, lr, asr #16
 8001794:	fad4 f84e 	usub16	r8, r4, lr
 8001798:	fa94 f44e 	uadd16	r4, r4, lr
 800179c:	fb19 fc1a 	smulbt	ip, r9, sl
 80017a0:	fb19 f93a 	smultt	r9, r9, sl
 80017a4:	fb1c fe1b 	smulbt	lr, ip, fp
 80017a8:	fb1b ce0e 	smlabb	lr, fp, lr, ip
 80017ac:	fb19 fc1b 	smulbt	ip, r9, fp
 80017b0:	fb1b 9c0c 	smlabb	ip, fp, ip, r9
 80017b4:	eacc 4e2e 	pkhtb	lr, ip, lr, asr #16
 80017b8:	fad5 f94e 	usub16	r9, r5, lr
 80017bc:	fa95 f54e 	uadd16	r5, r5, lr
 80017c0:	ee14 aa90 	vmov	sl, s9
 80017c4:	fb14 fc0a 	smulbb	ip, r4, sl
 80017c8:	fb14 f42a 	smultb	r4, r4, sl
 80017cc:	fb1c fe1b 	smulbt	lr, ip, fp
 80017d0:	fb1b ce0e 	smlabb	lr, fp, lr, ip
 80017d4:	fb14 fc1b 	smulbt	ip, r4, fp
 80017d8:	fb1b 4c0c 	smlabb	ip, fp, ip, r4
 80017dc:	eacc 4e2e 	pkhtb	lr, ip, lr, asr #16
 80017e0:	fad2 f44e 	usub16	r4, r2, lr
 80017e4:	fa92 f24e 	uadd16	r2, r2, lr
 80017e8:	fb15 fc0a 	smulbb	ip, r5, sl
 80017ec:	fb15 f52a 	smultb	r5, r5, sl
 80017f0:	fb1c fe1b 	smulbt	lr, ip, fp
 80017f4:	fb1b ce0e 	smlabb	lr, fp, lr, ip
 80017f8:	fb15 fc1b 	smulbt	ip, r5, fp
 80017fc:	fb1b 5c0c 	smlabb	ip, fp, ip, r5
 8001800:	eacc 4e2e 	pkhtb	lr, ip, lr, asr #16
 8001804:	fad3 f54e 	usub16	r5, r3, lr
 8001808:	fa93 f34e 	uadd16	r3, r3, lr
 800180c:	fb18 fc1a 	smulbt	ip, r8, sl
 8001810:	fb18 f83a 	smultt	r8, r8, sl
 8001814:	fb1c fe1b 	smulbt	lr, ip, fp
 8001818:	fb1b ce0e 	smlabb	lr, fp, lr, ip
 800181c:	fb18 fc1b 	smulbt	ip, r8, fp
 8001820:	fb1b 8c0c 	smlabb	ip, fp, ip, r8
 8001824:	eacc 4e2e 	pkhtb	lr, ip, lr, asr #16
 8001828:	fad6 f84e 	usub16	r8, r6, lr
 800182c:	fa96 f64e 	uadd16	r6, r6, lr
 8001830:	fb19 fc1a 	smulbt	ip, r9, sl
 8001834:	fb19 f93a 	smultt	r9, r9, sl
 8001838:	fb1c fe1b 	smulbt	lr, ip, fp
 800183c:	fb1b ce0e 	smlabb	lr, fp, lr, ip
 8001840:	fb19 fc1b 	smulbt	ip, r9, fp
 8001844:	fb1b 9c0c 	smlabb	ip, fp, ip, r9
 8001848:	eacc 4e2e 	pkhtb	lr, ip, lr, asr #16
 800184c:	fad7 f94e 	usub16	r9, r7, lr
 8001850:	fa97 f74e 	uadd16	r7, r7, lr
 8001854:	ee15 aa10 	vmov	sl, s10
 8001858:	fb13 fc0a 	smulbb	ip, r3, sl
 800185c:	fb13 f32a 	smultb	r3, r3, sl
 8001860:	fb1c fe1b 	smulbt	lr, ip, fp
 8001864:	fb1b ce0e 	smlabb	lr, fp, lr, ip
 8001868:	fb13 fc1b 	smulbt	ip, r3, fp
 800186c:	fb1b 3c0c 	smlabb	ip, fp, ip, r3
 8001870:	eacc 4e2e 	pkhtb	lr, ip, lr, asr #16
 8001874:	fad2 f34e 	usub16	r3, r2, lr
 8001878:	fa92 f24e 	uadd16	r2, r2, lr
 800187c:	fb15 fc1a 	smulbt	ip, r5, sl
 8001880:	fb15 f53a 	smultt	r5, r5, sl
 8001884:	fb1c fe1b 	smulbt	lr, ip, fp
 8001888:	fb1b ce0e 	smlabb	lr, fp, lr, ip
 800188c:	fb15 fc1b 	smulbt	ip, r5, fp
 8001890:	fb1b 5c0c 	smlabb	ip, fp, ip, r5
 8001894:	eacc 4e2e 	pkhtb	lr, ip, lr, asr #16
 8001898:	fad4 f54e 	usub16	r5, r4, lr
 800189c:	fa94 f44e 	uadd16	r4, r4, lr
 80018a0:	ee15 aa90 	vmov	sl, s11
 80018a4:	fb17 fc0a 	smulbb	ip, r7, sl
 80018a8:	fb17 f72a 	smultb	r7, r7, sl
 80018ac:	fb1c fe1b 	smulbt	lr, ip, fp
 80018b0:	fb1b ce0e 	smlabb	lr, fp, lr, ip
 80018b4:	fb17 fc1b 	smulbt	ip, r7, fp
 80018b8:	fb1b 7c0c 	smlabb	ip, fp, ip, r7
 80018bc:	eacc 4e2e 	pkhtb	lr, ip, lr, asr #16
 80018c0:	fad6 f74e 	usub16	r7, r6, lr
 80018c4:	fa96 f64e 	uadd16	r6, r6, lr
 80018c8:	fb19 fc1a 	smulbt	ip, r9, sl
 80018cc:	fb19 f93a 	smultt	r9, r9, sl
 80018d0:	fb1c fe1b 	smulbt	lr, ip, fp
 80018d4:	fb1b ce0e 	smlabb	lr, fp, lr, ip
 80018d8:	fb19 fc1b 	smulbt	ip, r9, fp
 80018dc:	fb1b 9c0c 	smlabb	ip, fp, ip, r9
 80018e0:	eacc 4e2e 	pkhtb	lr, ip, lr, asr #16
 80018e4:	fad8 f94e 	usub16	r9, r8, lr
 80018e8:	fa98 f84e 	uadd16	r8, r8, lr
 80018ec:	ee16 aa10 	vmov	sl, s12
 80018f0:	fb12 fc0a 	smulbb	ip, r2, sl
 80018f4:	fb12 f22a 	smultb	r2, r2, sl
 80018f8:	fb1c fe1b 	smulbt	lr, ip, fp
 80018fc:	fb1b ce0e 	smlabb	lr, fp, lr, ip
 8001900:	fb12 fc1b 	smulbt	ip, r2, fp
 8001904:	fb1b 2c0c 	smlabb	ip, fp, ip, r2
 8001908:	eacc 422e 	pkhtb	r2, ip, lr, asr #16
 800190c:	fb13 fc1a 	smulbt	ip, r3, sl
 8001910:	fb13 f33a 	smultt	r3, r3, sl
 8001914:	fb1c fe1b 	smulbt	lr, ip, fp
 8001918:	fb1b ce0e 	smlabb	lr, fp, lr, ip
 800191c:	fb13 fc1b 	smulbt	ip, r3, fp
 8001920:	fb1b 3c0c 	smlabb	ip, fp, ip, r3
 8001924:	eacc 432e 	pkhtb	r3, ip, lr, asr #16
 8001928:	ee16 aa90 	vmov	sl, s13
 800192c:	fb14 fc0a 	smulbb	ip, r4, sl
 8001930:	fb14 f42a 	smultb	r4, r4, sl
 8001934:	fb1c fe1b 	smulbt	lr, ip, fp
 8001938:	fb1b ce0e 	smlabb	lr, fp, lr, ip
 800193c:	fb14 fc1b 	smulbt	ip, r4, fp
 8001940:	fb1b 4c0c 	smlabb	ip, fp, ip, r4
 8001944:	eacc 442e 	pkhtb	r4, ip, lr, asr #16
 8001948:	fb15 fc1a 	smulbt	ip, r5, sl
 800194c:	fb15 f53a 	smultt	r5, r5, sl
 8001950:	fb1c fe1b 	smulbt	lr, ip, fp
 8001954:	fb1b ce0e 	smlabb	lr, fp, lr, ip
 8001958:	fb15 fc1b 	smulbt	ip, r5, fp
 800195c:	fb1b 5c0c 	smlabb	ip, fp, ip, r5
 8001960:	eacc 452e 	pkhtb	r5, ip, lr, asr #16
 8001964:	ee17 aa10 	vmov	sl, s14
 8001968:	fb16 fc0a 	smulbb	ip, r6, sl
 800196c:	fb16 f62a 	smultb	r6, r6, sl
 8001970:	fb1c fe1b 	smulbt	lr, ip, fp
 8001974:	fb1b ce0e 	smlabb	lr, fp, lr, ip
 8001978:	fb16 fc1b 	smulbt	ip, r6, fp
 800197c:	fb1b 6c0c 	smlabb	ip, fp, ip, r6
 8001980:	eacc 462e 	pkhtb	r6, ip, lr, asr #16
 8001984:	fb17 fc1a 	smulbt	ip, r7, sl
 8001988:	fb17 f73a 	smultt	r7, r7, sl
 800198c:	fb1c fe1b 	smulbt	lr, ip, fp
 8001990:	fb1b ce0e 	smlabb	lr, fp, lr, ip
 8001994:	fb17 fc1b 	smulbt	ip, r7, fp
 8001998:	fb1b 7c0c 	smlabb	ip, fp, ip, r7
 800199c:	eacc 472e 	pkhtb	r7, ip, lr, asr #16
 80019a0:	ee17 aa90 	vmov	sl, s15
 80019a4:	fb18 fc0a 	smulbb	ip, r8, sl
 80019a8:	fb18 f82a 	smultb	r8, r8, sl
 80019ac:	fb1c fe1b 	smulbt	lr, ip, fp
 80019b0:	fb1b ce0e 	smlabb	lr, fp, lr, ip
 80019b4:	fb18 fc1b 	smulbt	ip, r8, fp
 80019b8:	fb1b 8c0c 	smlabb	ip, fp, ip, r8
 80019bc:	eacc 482e 	pkhtb	r8, ip, lr, asr #16
 80019c0:	fb19 fc1a 	smulbt	ip, r9, sl
 80019c4:	fb19 f93a 	smultt	r9, r9, sl
 80019c8:	fb1c fe1b 	smulbt	lr, ip, fp
 80019cc:	fb1b ce0e 	smlabb	lr, fp, lr, ip
 80019d0:	fb19 fc1b 	smulbt	ip, r9, fp
 80019d4:	fb1b 9c0c 	smlabb	ip, fp, ip, r9
 80019d8:	eacc 492e 	pkhtb	r9, ip, lr, asr #16
 80019dc:	ee00 2a10 	vmov	s0, r2
 80019e0:	ee00 3a90 	vmov	s1, r3
 80019e4:	ee01 4a10 	vmov	s2, r4
 80019e8:	ee01 5a90 	vmov	s3, r5
 80019ec:	ee02 6a10 	vmov	s4, r6
 80019f0:	ee02 7a90 	vmov	s5, r7
 80019f4:	ee03 8a10 	vmov	s6, r8
 80019f8:	ee03 9a90 	vmov	s7, r9
 80019fc:	f8d0 2000 	ldr.w	r2, [r0]
 8001a00:	f8d0 3040 	ldr.w	r3, [r0, #64]	@ 0x40
 8001a04:	f8d0 4080 	ldr.w	r4, [r0, #128]	@ 0x80
 8001a08:	f8d0 50c0 	ldr.w	r5, [r0, #192]	@ 0xc0
 8001a0c:	f8d0 6100 	ldr.w	r6, [r0, #256]	@ 0x100
 8001a10:	f8d0 7140 	ldr.w	r7, [r0, #320]	@ 0x140
 8001a14:	f8d0 8180 	ldr.w	r8, [r0, #384]	@ 0x180
 8001a18:	f8d0 91c0 	ldr.w	r9, [r0, #448]	@ 0x1c0
 8001a1c:	ee14 aa10 	vmov	sl, s8
 8001a20:	fb16 fc1a 	smulbt	ip, r6, sl
 8001a24:	fb16 f63a 	smultt	r6, r6, sl
 8001a28:	fb1c fe1b 	smulbt	lr, ip, fp
 8001a2c:	fb1b ce0e 	smlabb	lr, fp, lr, ip
 8001a30:	fb16 fc1b 	smulbt	ip, r6, fp
 8001a34:	fb1b 6c0c 	smlabb	ip, fp, ip, r6
 8001a38:	eacc 4e2e 	pkhtb	lr, ip, lr, asr #16
 8001a3c:	fad2 f64e 	usub16	r6, r2, lr
 8001a40:	fa92 f24e 	uadd16	r2, r2, lr
 8001a44:	fb17 fc1a 	smulbt	ip, r7, sl
 8001a48:	fb17 f73a 	smultt	r7, r7, sl
 8001a4c:	fb1c fe1b 	smulbt	lr, ip, fp
 8001a50:	fb1b ce0e 	smlabb	lr, fp, lr, ip
 8001a54:	fb17 fc1b 	smulbt	ip, r7, fp
 8001a58:	fb1b 7c0c 	smlabb	ip, fp, ip, r7
 8001a5c:	eacc 4e2e 	pkhtb	lr, ip, lr, asr #16
 8001a60:	fad3 f74e 	usub16	r7, r3, lr
 8001a64:	fa93 f34e 	uadd16	r3, r3, lr
 8001a68:	fb18 fc1a 	smulbt	ip, r8, sl
 8001a6c:	fb18 f83a 	smultt	r8, r8, sl
 8001a70:	fb1c fe1b 	smulbt	lr, ip, fp
 8001a74:	fb1b ce0e 	smlabb	lr, fp, lr, ip
 8001a78:	fb18 fc1b 	smulbt	ip, r8, fp
 8001a7c:	fb1b 8c0c 	smlabb	ip, fp, ip, r8
 8001a80:	eacc 4e2e 	pkhtb	lr, ip, lr, asr #16
 8001a84:	fad4 f84e 	usub16	r8, r4, lr
 8001a88:	fa94 f44e 	uadd16	r4, r4, lr
 8001a8c:	fb19 fc1a 	smulbt	ip, r9, sl
 8001a90:	fb19 f93a 	smultt	r9, r9, sl
 8001a94:	fb1c fe1b 	smulbt	lr, ip, fp
 8001a98:	fb1b ce0e 	smlabb	lr, fp, lr, ip
 8001a9c:	fb19 fc1b 	smulbt	ip, r9, fp
 8001aa0:	fb1b 9c0c 	smlabb	ip, fp, ip, r9
 8001aa4:	eacc 4e2e 	pkhtb	lr, ip, lr, asr #16
 8001aa8:	fad5 f94e 	usub16	r9, r5, lr
 8001aac:	fa95 f54e 	uadd16	r5, r5, lr
 8001ab0:	ee14 aa90 	vmov	sl, s9
 8001ab4:	fb14 fc0a 	smulbb	ip, r4, sl
 8001ab8:	fb14 f42a 	smultb	r4, r4, sl
 8001abc:	fb1c fe1b 	smulbt	lr, ip, fp
 8001ac0:	fb1b ce0e 	smlabb	lr, fp, lr, ip
 8001ac4:	fb14 fc1b 	smulbt	ip, r4, fp
 8001ac8:	fb1b 4c0c 	smlabb	ip, fp, ip, r4
 8001acc:	eacc 4e2e 	pkhtb	lr, ip, lr, asr #16
 8001ad0:	fad2 f44e 	usub16	r4, r2, lr
 8001ad4:	fa92 f24e 	uadd16	r2, r2, lr
 8001ad8:	fb15 fc0a 	smulbb	ip, r5, sl
 8001adc:	fb15 f52a 	smultb	r5, r5, sl
 8001ae0:	fb1c fe1b 	smulbt	lr, ip, fp
 8001ae4:	fb1b ce0e 	smlabb	lr, fp, lr, ip
 8001ae8:	fb15 fc1b 	smulbt	ip, r5, fp
 8001aec:	fb1b 5c0c 	smlabb	ip, fp, ip, r5
 8001af0:	eacc 4e2e 	pkhtb	lr, ip, lr, asr #16
 8001af4:	fad3 f54e 	usub16	r5, r3, lr
 8001af8:	fa93 f34e 	uadd16	r3, r3, lr
 8001afc:	fb18 fc1a 	smulbt	ip, r8, sl
 8001b00:	fb18 f83a 	smultt	r8, r8, sl
 8001b04:	fb1c fe1b 	smulbt	lr, ip, fp
 8001b08:	fb1b ce0e 	smlabb	lr, fp, lr, ip
 8001b0c:	fb18 fc1b 	smulbt	ip, r8, fp
 8001b10:	fb1b 8c0c 	smlabb	ip, fp, ip, r8
 8001b14:	eacc 4e2e 	pkhtb	lr, ip, lr, asr #16
 8001b18:	fad6 f84e 	usub16	r8, r6, lr
 8001b1c:	fa96 f64e 	uadd16	r6, r6, lr
 8001b20:	fb19 fc1a 	smulbt	ip, r9, sl
 8001b24:	fb19 f93a 	smultt	r9, r9, sl
 8001b28:	fb1c fe1b 	smulbt	lr, ip, fp
 8001b2c:	fb1b ce0e 	smlabb	lr, fp, lr, ip
 8001b30:	fb19 fc1b 	smulbt	ip, r9, fp
 8001b34:	fb1b 9c0c 	smlabb	ip, fp, ip, r9
 8001b38:	eacc 4e2e 	pkhtb	lr, ip, lr, asr #16
 8001b3c:	fad7 f94e 	usub16	r9, r7, lr
 8001b40:	fa97 f74e 	uadd16	r7, r7, lr
 8001b44:	ee15 aa10 	vmov	sl, s10
 8001b48:	fb13 fc0a 	smulbb	ip, r3, sl
 8001b4c:	fb13 f32a 	smultb	r3, r3, sl
 8001b50:	fb1c fe1b 	smulbt	lr, ip, fp
 8001b54:	fb1b ce0e 	smlabb	lr, fp, lr, ip
 8001b58:	fb13 fc1b 	smulbt	ip, r3, fp
 8001b5c:	fb1b 3c0c 	smlabb	ip, fp, ip, r3
 8001b60:	eacc 4e2e 	pkhtb	lr, ip, lr, asr #16
 8001b64:	fad2 f34e 	usub16	r3, r2, lr
 8001b68:	fa92 f24e 	uadd16	r2, r2, lr
 8001b6c:	fb15 fc1a 	smulbt	ip, r5, sl
 8001b70:	fb15 f53a 	smultt	r5, r5, sl
 8001b74:	fb1c fe1b 	smulbt	lr, ip, fp
 8001b78:	fb1b ce0e 	smlabb	lr, fp, lr, ip
 8001b7c:	fb15 fc1b 	smulbt	ip, r5, fp
 8001b80:	fb1b 5c0c 	smlabb	ip, fp, ip, r5
 8001b84:	eacc 4e2e 	pkhtb	lr, ip, lr, asr #16
 8001b88:	fad4 f54e 	usub16	r5, r4, lr
 8001b8c:	fa94 f44e 	uadd16	r4, r4, lr
 8001b90:	ee15 aa90 	vmov	sl, s11
 8001b94:	fb17 fc0a 	smulbb	ip, r7, sl
 8001b98:	fb17 f72a 	smultb	r7, r7, sl
 8001b9c:	fb1c fe1b 	smulbt	lr, ip, fp
 8001ba0:	fb1b ce0e 	smlabb	lr, fp, lr, ip
 8001ba4:	fb17 fc1b 	smulbt	ip, r7, fp
 8001ba8:	fb1b 7c0c 	smlabb	ip, fp, ip, r7
 8001bac:	eacc 4e2e 	pkhtb	lr, ip, lr, asr #16
 8001bb0:	fad6 f74e 	usub16	r7, r6, lr
 8001bb4:	fa96 f64e 	uadd16	r6, r6, lr
 8001bb8:	fb19 fc1a 	smulbt	ip, r9, sl
 8001bbc:	fb19 f93a 	smultt	r9, r9, sl
 8001bc0:	fb1c fe1b 	smulbt	lr, ip, fp
 8001bc4:	fb1b ce0e 	smlabb	lr, fp, lr, ip
 8001bc8:	fb19 fc1b 	smulbt	ip, r9, fp
 8001bcc:	fb1b 9c0c 	smlabb	ip, fp, ip, r9
 8001bd0:	eacc 4e2e 	pkhtb	lr, ip, lr, asr #16
 8001bd4:	fad8 f94e 	usub16	r9, r8, lr
 8001bd8:	fa98 f84e 	uadd16	r8, r8, lr
 8001bdc:	ee10 ea90 	vmov	lr, s1
 8001be0:	fa93 fc4e 	uadd16	ip, r3, lr
 8001be4:	fad3 f34e 	usub16	r3, r3, lr
 8001be8:	f8c0 c040 	str.w	ip, [r0, #64]	@ 0x40
 8001bec:	f8c0 3060 	str.w	r3, [r0, #96]	@ 0x60
 8001bf0:	ee11 ea90 	vmov	lr, s3
 8001bf4:	fa95 fc4e 	uadd16	ip, r5, lr
 8001bf8:	fad5 f54e 	usub16	r5, r5, lr
 8001bfc:	f8c0 c0c0 	str.w	ip, [r0, #192]	@ 0xc0
 8001c00:	f8c0 50e0 	str.w	r5, [r0, #224]	@ 0xe0
 8001c04:	ee12 ea90 	vmov	lr, s5
 8001c08:	fa97 fc4e 	uadd16	ip, r7, lr
 8001c0c:	fad7 f74e 	usub16	r7, r7, lr
 8001c10:	f8c0 c140 	str.w	ip, [r0, #320]	@ 0x140
 8001c14:	f8c0 7160 	str.w	r7, [r0, #352]	@ 0x160
 8001c18:	ee13 ea90 	vmov	lr, s7
 8001c1c:	fa99 fc4e 	uadd16	ip, r9, lr
 8001c20:	fad9 f94e 	usub16	r9, r9, lr
 8001c24:	f8c0 c1c0 	str.w	ip, [r0, #448]	@ 0x1c0
 8001c28:	f8c0 91e0 	str.w	r9, [r0, #480]	@ 0x1e0
 8001c2c:	ee11 5a10 	vmov	r5, s2
 8001c30:	fa94 fc45 	uadd16	ip, r4, r5
 8001c34:	fad4 fe45 	usub16	lr, r4, r5
 8001c38:	f8c0 c080 	str.w	ip, [r0, #128]	@ 0x80
 8001c3c:	f8c0 e0a0 	str.w	lr, [r0, #160]	@ 0xa0
 8001c40:	ee12 7a10 	vmov	r7, s4
 8001c44:	fa96 fc47 	uadd16	ip, r6, r7
 8001c48:	fad6 fe47 	usub16	lr, r6, r7
 8001c4c:	f8c0 c100 	str.w	ip, [r0, #256]	@ 0x100
 8001c50:	f8c0 e120 	str.w	lr, [r0, #288]	@ 0x120
 8001c54:	ee13 9a10 	vmov	r9, s6
 8001c58:	fa98 fc49 	uadd16	ip, r8, r9
 8001c5c:	fad8 fe49 	usub16	lr, r8, r9
 8001c60:	f8c0 c180 	str.w	ip, [r0, #384]	@ 0x180
 8001c64:	f8c0 e1a0 	str.w	lr, [r0, #416]	@ 0x1a0
 8001c68:	ee10 3a10 	vmov	r3, s0
 8001c6c:	fa92 fc43 	uadd16	ip, r2, r3
 8001c70:	fad2 fe43 	usub16	lr, r2, r3
 8001c74:	f8c0 e020 	str.w	lr, [r0, #32]
 8001c78:	f840 cb04 	str.w	ip, [r0], #4
 8001c7c:	ee18 ca10 	vmov	ip, s16
 8001c80:	ebb0 0f0c 	cmp.w	r0, ip
 8001c84:	f47f ad42 	bne.w	800170c <ntt_fast+0x1c>
 8001c88:	f1a0 0020 	sub.w	r0, r0, #32
 8001c8c:	f245 0a49 	movw	sl, #20553	@ 0x5049
 8001c90:	f6cf 7aec 	movt	sl, #65516	@ 0xffec
 8001c94:	ee05 aa10 	vmov	s10, sl
 8001c98:	f248 0a00 	movw	sl, #32768	@ 0x8000
 8001c9c:	ee05 aa90 	vmov	s11, sl
 8001ca0:	f500 7c00 	add.w	ip, r0, #512	@ 0x200
 8001ca4:	ee06 ca90 	vmov	s13, ip
 8001ca8:	f8d0 2000 	ldr.w	r2, [r0]
 8001cac:	f8d0 3004 	ldr.w	r3, [r0, #4]
 8001cb0:	f8d0 4008 	ldr.w	r4, [r0, #8]
 8001cb4:	f8d0 500c 	ldr.w	r5, [r0, #12]
 8001cb8:	f8d0 6010 	ldr.w	r6, [r0, #16]
 8001cbc:	f8d0 7014 	ldr.w	r7, [r0, #20]
 8001cc0:	f8d0 8018 	ldr.w	r8, [r0, #24]
 8001cc4:	f8d0 901c 	ldr.w	r9, [r0, #28]
 8001cc8:	f831 ab02 	ldrh.w	sl, [r1], #2
 8001ccc:	fb16 fc0a 	smulbb	ip, r6, sl
 8001cd0:	fb16 f62a 	smultb	r6, r6, sl
 8001cd4:	fb1c fe1b 	smulbt	lr, ip, fp
 8001cd8:	fb1b ce0e 	smlabb	lr, fp, lr, ip
 8001cdc:	fb16 fc1b 	smulbt	ip, r6, fp
 8001ce0:	fb1b 6c0c 	smlabb	ip, fp, ip, r6
 8001ce4:	eacc 4e2e 	pkhtb	lr, ip, lr, asr #16
 8001ce8:	fad2 f64e 	usub16	r6, r2, lr
 8001cec:	fa92 f24e 	uadd16	r2, r2, lr
 8001cf0:	fb17 fc0a 	smulbb	ip, r7, sl
 8001cf4:	fb17 f72a 	smultb	r7, r7, sl
 8001cf8:	fb1c fe1b 	smulbt	lr, ip, fp
 8001cfc:	fb1b ce0e 	smlabb	lr, fp, lr, ip
 8001d00:	fb17 fc1b 	smulbt	ip, r7, fp
 8001d04:	fb1b 7c0c 	smlabb	ip, fp, ip, r7
 8001d08:	eacc 4e2e 	pkhtb	lr, ip, lr, asr #16
 8001d0c:	fad3 f74e 	usub16	r7, r3, lr
 8001d10:	fa93 f34e 	uadd16	r3, r3, lr
 8001d14:	fb18 fc0a 	smulbb	ip, r8, sl
 8001d18:	fb18 f82a 	smultb	r8, r8, sl
 8001d1c:	fb1c fe1b 	smulbt	lr, ip, fp
 8001d20:	fb1b ce0e 	smlabb	lr, fp, lr, ip
 8001d24:	fb18 fc1b 	smulbt	ip, r8, fp
 8001d28:	fb1b 8c0c 	smlabb	ip, fp, ip, r8
 8001d2c:	eacc 4e2e 	pkhtb	lr, ip, lr, asr #16
 8001d30:	fad4 f84e 	usub16	r8, r4, lr
 8001d34:	fa94 f44e 	uadd16	r4, r4, lr
 8001d38:	fb19 fc0a 	smulbb	ip, r9, sl
 8001d3c:	fb19 f92a 	smultb	r9, r9, sl
 8001d40:	fb1c fe1b 	smulbt	lr, ip, fp
 8001d44:	fb1b ce0e 	smlabb	lr, fp, lr, ip
 8001d48:	fb19 fc1b 	smulbt	ip, r9, fp
 8001d4c:	fb1b 9c0c 	smlabb	ip, fp, ip, r9
 8001d50:	eacc 4e2e 	pkhtb	lr, ip, lr, asr #16
 8001d54:	fad5 f94e 	usub16	r9, r5, lr
 8001d58:	fa95 f54e 	uadd16	r5, r5, lr
 8001d5c:	f851 ab04 	ldr.w	sl, [r1], #4
 8001d60:	fb14 fc0a 	smulbb	ip, r4, sl
 8001d64:	fb14 f42a 	smultb	r4, r4, sl
 8001d68:	fb1c fe1b 	smulbt	lr, ip, fp
 8001d6c:	fb1b ce0e 	smlabb	lr, fp, lr, ip
 8001d70:	fb14 fc1b 	smulbt	ip, r4, fp
 8001d74:	fb1b 4c0c 	smlabb	ip, fp, ip, r4
 8001d78:	eacc 4e2e 	pkhtb	lr, ip, lr, asr #16
 8001d7c:	fad2 f44e 	usub16	r4, r2, lr
 8001d80:	fa92 f24e 	uadd16	r2, r2, lr
 8001d84:	fb15 fc0a 	smulbb	ip, r5, sl
 8001d88:	fb15 f52a 	smultb	r5, r5, sl
 8001d8c:	fb1c fe1b 	smulbt	lr, ip, fp
 8001d90:	fb1b ce0e 	smlabb	lr, fp, lr, ip
 8001d94:	fb15 fc1b 	smulbt	ip, r5, fp
 8001d98:	fb1b 5c0c 	smlabb	ip, fp, ip, r5
 8001d9c:	eacc 4e2e 	pkhtb	lr, ip, lr, asr #16
 8001da0:	fad3 f54e 	usub16	r5, r3, lr
 8001da4:	fa93 f34e 	uadd16	r3, r3, lr
 8001da8:	fb18 fc1a 	smulbt	ip, r8, sl
 8001dac:	fb18 f83a 	smultt	r8, r8, sl
 8001db0:	fb1c fe1b 	smulbt	lr, ip, fp
 8001db4:	fb1b ce0e 	smlabb	lr, fp, lr, ip
 8001db8:	fb18 fc1b 	smulbt	ip, r8, fp
 8001dbc:	fb1b 8c0c 	smlabb	ip, fp, ip, r8
 8001dc0:	eacc 4e2e 	pkhtb	lr, ip, lr, asr #16
 8001dc4:	fad6 f84e 	usub16	r8, r6, lr
 8001dc8:	fa96 f64e 	uadd16	r6, r6, lr
 8001dcc:	fb19 fc1a 	smulbt	ip, r9, sl
 8001dd0:	fb19 f93a 	smultt	r9, r9, sl
 8001dd4:	fb1c fe1b 	smulbt	lr, ip, fp
 8001dd8:	fb1b ce0e 	smlabb	lr, fp, lr, ip
 8001ddc:	fb19 fc1b 	smulbt	ip, r9, fp
 8001de0:	fb1b 9c0c 	smlabb	ip, fp, ip, r9
 8001de4:	eacc 4e2e 	pkhtb	lr, ip, lr, asr #16
 8001de8:	fad7 f94e 	usub16	r9, r7, lr
 8001dec:	fa97 f74e 	uadd16	r7, r7, lr
 8001df0:	f851 ab04 	ldr.w	sl, [r1], #4
 8001df4:	fb13 fc0a 	smulbb	ip, r3, sl
 8001df8:	fb13 f32a 	smultb	r3, r3, sl
 8001dfc:	fb1c fe1b 	smulbt	lr, ip, fp
 8001e00:	fb1b ce0e 	smlabb	lr, fp, lr, ip
 8001e04:	fb13 fc1b 	smulbt	ip, r3, fp
 8001e08:	fb1b 3c0c 	smlabb	ip, fp, ip, r3
 8001e0c:	eacc 4e2e 	pkhtb	lr, ip, lr, asr #16
 8001e10:	fad2 f34e 	usub16	r3, r2, lr
 8001e14:	fa92 f24e 	uadd16	r2, r2, lr
 8001e18:	fb15 fc1a 	smulbt	ip, r5, sl
 8001e1c:	fb15 f53a 	smultt	r5, r5, sl
 8001e20:	fb1c fe1b 	smulbt	lr, ip, fp
 8001e24:	fb1b ce0e 	smlabb	lr, fp, lr, ip
 8001e28:	fb15 fc1b 	smulbt	ip, r5, fp
 8001e2c:	fb1b 5c0c 	smlabb	ip, fp, ip, r5
 8001e30:	eacc 4e2e 	pkhtb	lr, ip, lr, asr #16
 8001e34:	fad4 f54e 	usub16	r5, r4, lr
 8001e38:	fa94 f44e 	uadd16	r4, r4, lr
 8001e3c:	f851 ab04 	ldr.w	sl, [r1], #4
 8001e40:	fb17 fc0a 	smulbb	ip, r7, sl
 8001e44:	fb17 f72a 	smultb	r7, r7, sl
 8001e48:	fb1c fe1b 	smulbt	lr, ip, fp
 8001e4c:	fb1b ce0e 	smlabb	lr, fp, lr, ip
 8001e50:	fb17 fc1b 	smulbt	ip, r7, fp
 8001e54:	fb1b 7c0c 	smlabb	ip, fp, ip, r7
 8001e58:	eacc 4e2e 	pkhtb	lr, ip, lr, asr #16
 8001e5c:	fad6 f74e 	usub16	r7, r6, lr
 8001e60:	fa96 f64e 	uadd16	r6, r6, lr
 8001e64:	fb19 fc1a 	smulbt	ip, r9, sl
 8001e68:	fb19 f93a 	smultt	r9, r9, sl
 8001e6c:	fb1c fe1b 	smulbt	lr, ip, fp
 8001e70:	fb1b ce0e 	smlabb	lr, fp, lr, ip
 8001e74:	fb19 fc1b 	smulbt	ip, r9, fp
 8001e78:	fb1b 9c0c 	smlabb	ip, fp, ip, r9
 8001e7c:	eacc 4e2e 	pkhtb	lr, ip, lr, asr #16
 8001e80:	fad8 f94e 	usub16	r9, r8, lr
 8001e84:	fa98 f84e 	uadd16	r8, r8, lr
 8001e88:	ee15 aa10 	vmov	sl, s10
 8001e8c:	ee01 0a10 	vmov	s2, r0
 8001e90:	ee15 0a90 	vmov	r0, s11
 8001e94:	fb3a 0c02 	smlawb	ip, sl, r2, r0
 8001e98:	fb1b 2c1c 	smlabt	ip, fp, ip, r2
 8001e9c:	fb3a 0e12 	smlawt	lr, sl, r2, r0
 8001ea0:	fb1b fe1e 	smulbt	lr, fp, lr
 8001ea4:	eb02 4e0e 	add.w	lr, r2, lr, lsl #16
 8001ea8:	eacc 020e 	pkhbt	r2, ip, lr
 8001eac:	fb3a 0c03 	smlawb	ip, sl, r3, r0
 8001eb0:	fb1b 3c1c 	smlabt	ip, fp, ip, r3
 8001eb4:	fb3a 0e13 	smlawt	lr, sl, r3, r0
 8001eb8:	fb1b fe1e 	smulbt	lr, fp, lr
 8001ebc:	eb03 4e0e 	add.w	lr, r3, lr, lsl #16
 8001ec0:	eacc 030e 	pkhbt	r3, ip, lr
 8001ec4:	fb3a 0c04 	smlawb	ip, sl, r4, r0
 8001ec8:	fb1b 4c1c 	smlabt	ip, fp, ip, r4
 8001ecc:	fb3a 0e14 	smlawt	lr, sl, r4, r0
 8001ed0:	fb1b fe1e 	smulbt	lr, fp, lr
 8001ed4:	eb04 4e0e 	add.w	lr, r4, lr, lsl #16
 8001ed8:	eacc 040e 	pkhbt	r4, ip, lr
 8001edc:	fb3a 0c05 	smlawb	ip, sl, r5, r0
 8001ee0:	fb1b 5c1c 	smlabt	ip, fp, ip, r5
 8001ee4:	fb3a 0e15 	smlawt	lr, sl, r5, r0
 8001ee8:	fb1b fe1e 	smulbt	lr, fp, lr
 8001eec:	eb05 4e0e 	add.w	lr, r5, lr, lsl #16
 8001ef0:	eacc 050e 	pkhbt	r5, ip, lr
 8001ef4:	fb3a 0c06 	smlawb	ip, sl, r6, r0
 8001ef8:	fb1b 6c1c 	smlabt	ip, fp, ip, r6
 8001efc:	fb3a 0e16 	smlawt	lr, sl, r6, r0
 8001f00:	fb1b fe1e 	smulbt	lr, fp, lr
 8001f04:	eb06 4e0e 	add.w	lr, r6, lr, lsl #16
 8001f08:	eacc 060e 	pkhbt	r6, ip, lr
 8001f0c:	fb3a 0c07 	smlawb	ip, sl, r7, r0
 8001f10:	fb1b 7c1c 	smlabt	ip, fp, ip, r7
 8001f14:	fb3a 0e17 	smlawt	lr, sl, r7, r0
 8001f18:	fb1b fe1e 	smulbt	lr, fp, lr
 8001f1c:	eb07 4e0e 	add.w	lr, r7, lr, lsl #16
 8001f20:	eacc 070e 	pkhbt	r7, ip, lr
 8001f24:	fb3a 0c08 	smlawb	ip, sl, r8, r0
 8001f28:	fb1b 8c1c 	smlabt	ip, fp, ip, r8
 8001f2c:	fb3a 0e18 	smlawt	lr, sl, r8, r0
 8001f30:	fb1b fe1e 	smulbt	lr, fp, lr
 8001f34:	eb08 4e0e 	add.w	lr, r8, lr, lsl #16
 8001f38:	eacc 080e 	pkhbt	r8, ip, lr
 8001f3c:	fb3a 0c09 	smlawb	ip, sl, r9, r0
 8001f40:	fb1b 9c1c 	smlabt	ip, fp, ip, r9
 8001f44:	fb3a 0e19 	smlawt	lr, sl, r9, r0
 8001f48:	fb1b fe1e 	smulbt	lr, fp, lr
 8001f4c:	eb09 4e0e 	add.w	lr, r9, lr, lsl #16
 8001f50:	eacc 090e 	pkhbt	r9, ip, lr
 8001f54:	ee11 0a10 	vmov	r0, s2
 8001f58:	f8c0 6010 	str.w	r6, [r0, #16]
 8001f5c:	f8c0 7014 	str.w	r7, [r0, #20]
 8001f60:	f8c0 8018 	str.w	r8, [r0, #24]
 8001f64:	f8c0 901c 	str.w	r9, [r0, #28]
 8001f68:	f8c0 3004 	str.w	r3, [r0, #4]
 8001f6c:	f8c0 4008 	str.w	r4, [r0, #8]
 8001f70:	f8c0 500c 	str.w	r5, [r0, #12]
 8001f74:	f840 2b20 	str.w	r2, [r0], #32
 8001f78:	ee16 ca90 	vmov	ip, s13
 8001f7c:	ebb0 0f0c 	cmp.w	r0, ip
 8001f80:	f47f ae92 	bne.w	8001ca8 <ntt_fast+0x5b8>
 8001f84:	ecbd 8a01 	vpop	{s16}
 8001f88:	e8bd 8ff0 	ldmia.w	sp!, {r4, r5, r6, r7, r8, r9, sl, fp, pc}

08001f8c <basemul_asm_opt_16_32>:
 8001f8c:	e92d 4ff0 	stmdb	sp!, {r4, r5, r6, r7, r8, r9, sl, fp, lr}
 8001f90:	f640 5801 	movw	r8, #3329	@ 0xd01
 8001f94:	f6c0 48ff 	movt	r8, #3327	@ 0xcff
 8001f98:	f240 0e40 	movw	lr, #64	@ 0x40
 8001f9c:	f851 4b04 	ldr.w	r4, [r1], #4
 8001fa0:	f852 6b04 	ldr.w	r6, [r2], #4
 8001fa4:	f851 5b04 	ldr.w	r5, [r1], #4
 8001fa8:	f852 7b04 	ldr.w	r7, [r2], #4
 8001fac:	f8d3 b004 	ldr.w	fp, [r3, #4]
 8001fb0:	f853 ab08 	ldr.w	sl, [r3], #8
 8001fb4:	fb2a fa06 	smuad	sl, sl, r6
 8001fb8:	f840 ab04 	str.w	sl, [r0], #4
 8001fbc:	fb24 f916 	smuadx	r9, r4, r6
 8001fc0:	f840 9b04 	str.w	r9, [r0], #4
 8001fc4:	fb2b fa07 	smuad	sl, fp, r7
 8001fc8:	f840 ab04 	str.w	sl, [r0], #4
 8001fcc:	fb25 fa17 	smuadx	sl, r5, r7
 8001fd0:	f840 ab04 	str.w	sl, [r0], #4
 8001fd4:	f1be 0e01 	subs.w	lr, lr, #1
 8001fd8:	f47f afe0 	bne.w	8001f9c <basemul_asm_opt_16_32+0x10>
 8001fdc:	e8bd 8ff0 	ldmia.w	sp!, {r4, r5, r6, r7, r8, r9, sl, fp, pc}

08001fe0 <basemul_asm_acc_opt_32_32>:
 8001fe0:	e92d 47f0 	stmdb	sp!, {r4, r5, r6, r7, r8, r9, sl, lr}
 8001fe4:	f640 5801 	movw	r8, #3329	@ 0xd01
 8001fe8:	f6c0 48ff 	movt	r8, #3327	@ 0xcff
 8001fec:	f240 0e40 	movw	lr, #64	@ 0x40
 8001ff0:	f851 4b04 	ldr.w	r4, [r1], #4
 8001ff4:	f852 6b04 	ldr.w	r6, [r2], #4
 8001ff8:	f8d0 5000 	ldr.w	r5, [r0]
 8001ffc:	f853 ab04 	ldr.w	sl, [r3], #4
 8002000:	f8d0 7004 	ldr.w	r7, [r0, #4]
 8002004:	fb2a 5a06 	smlad	sl, sl, r6, r5
 8002008:	f840 ab04 	str.w	sl, [r0], #4
 800200c:	fb24 7916 	smladx	r9, r4, r6, r7
 8002010:	f840 9b04 	str.w	r9, [r0], #4
 8002014:	f851 4b04 	ldr.w	r4, [r1], #4
 8002018:	f852 6b04 	ldr.w	r6, [r2], #4
 800201c:	f8d0 5000 	ldr.w	r5, [r0]
 8002020:	f853 ab04 	ldr.w	sl, [r3], #4
 8002024:	f8d0 7004 	ldr.w	r7, [r0, #4]
 8002028:	fb2a 5a06 	smlad	sl, sl, r6, r5
 800202c:	f840 ab04 	str.w	sl, [r0], #4
 8002030:	fb24 7916 	smladx	r9, r4, r6, r7
 8002034:	f840 9b04 	str.w	r9, [r0], #4
 8002038:	f1be 0e01 	subs.w	lr, lr, #1
 800203c:	f47f afd8 	bne.w	8001ff0 <basemul_asm_acc_opt_32_32+0x10>
 8002040:	e8bd 87f0 	ldmia.w	sp!, {r4, r5, r6, r7, r8, r9, sl, pc}

08002044 <basemul_asm_acc_opt_32_16>:
 8002044:	e92d 4ff0 	stmdb	sp!, {r4, r5, r6, r7, r8, r9, sl, fp, lr}
 8002048:	f640 5801 	movw	r8, #3329	@ 0xd01
 800204c:	f6c0 48ff 	movt	r8, #3327	@ 0xcff
 8002050:	f8dd b024 	ldr.w	fp, [sp, #36]	@ 0x24
 8002054:	f240 0e40 	movw	lr, #64	@ 0x40
 8002058:	f851 4b04 	ldr.w	r4, [r1], #4
 800205c:	f852 6b04 	ldr.w	r6, [r2], #4
 8002060:	f85b 5b04 	ldr.w	r5, [fp], #4
 8002064:	f853 ab04 	ldr.w	sl, [r3], #4
 8002068:	f85b 7b04 	ldr.w	r7, [fp], #4
 800206c:	fb2a 5a06 	smlad	sl, sl, r6, r5
 8002070:	fb1a f518 	smulbt	r5, sl, r8
 8002074:	fb18 a505 	smlabb	r5, r8, r5, sl
 8002078:	fb24 7a16 	smladx	sl, r4, r6, r7
 800207c:	fb1a f718 	smulbt	r7, sl, r8
 8002080:	fb18 a707 	smlabb	r7, r8, r7, sl
 8002084:	eac7 4525 	pkhtb	r5, r7, r5, asr #16
 8002088:	f840 5b04 	str.w	r5, [r0], #4
 800208c:	f851 4b04 	ldr.w	r4, [r1], #4
 8002090:	f852 6b04 	ldr.w	r6, [r2], #4
 8002094:	f85b 5b04 	ldr.w	r5, [fp], #4
 8002098:	f853 ab04 	ldr.w	sl, [r3], #4
 800209c:	f85b 7b04 	ldr.w	r7, [fp], #4
 80020a0:	fb2a 5a06 	smlad	sl, sl, r6, r5
 80020a4:	fb1a f518 	smulbt	r5, sl, r8
 80020a8:	fb18 a505 	smlabb	r5, r8, r5, sl
 80020ac:	fb24 7a16 	smladx	sl, r4, r6, r7
 80020b0:	fb1a f718 	smulbt	r7, sl, r8
 80020b4:	fb18 a707 	smlabb	r7, r8, r7, sl
 80020b8:	eac7 4525 	pkhtb	r5, r7, r5, asr #16
 80020bc:	f840 5b04 	str.w	r5, [r0], #4
 80020c0:	f1be 0e01 	subs.w	lr, lr, #1
 80020c4:	f47f afc8 	bne.w	8002058 <basemul_asm_acc_opt_32_16+0x14>
 80020c8:	e8bd 8ff0 	ldmia.w	sp!, {r4, r5, r6, r7, r8, r9, sl, fp, pc}

080020cc <pointwise_sub>:
 80020cc:	e92d 4ff0 	stmdb	sp!, {r4, r5, r6, r7, r8, r9, sl, fp, lr}
 80020d0:	f240 0e19 	movw	lr, #25
 80020d4:	c9f8      	ldmia	r1!, {r3, r4, r5, r6, r7}
 80020d6:	e8b2 1f00 	ldmia.w	r2!, {r8, r9, sl, fp, ip}
 80020da:	fad3 f348 	usub16	r3, r3, r8
 80020de:	fad4 f449 	usub16	r4, r4, r9
 80020e2:	fad5 f54a 	usub16	r5, r5, sl
 80020e6:	fad6 f64b 	usub16	r6, r6, fp
 80020ea:	fad7 f74c 	usub16	r7, r7, ip
 80020ee:	c0f8      	stmia	r0!, {r3, r4, r5, r6, r7}
 80020f0:	f1be 0e01 	subs.w	lr, lr, #1
 80020f4:	f47f afee 	bne.w	80020d4 <pointwise_sub+0x8>
 80020f8:	c938      	ldmia	r1!, {r3, r4, r5}
 80020fa:	e8b2 0700 	ldmia.w	r2!, {r8, r9, sl}
 80020fe:	fad3 f348 	usub16	r3, r3, r8
 8002102:	fad4 f449 	usub16	r4, r4, r9
 8002106:	fad5 f54a 	usub16	r5, r5, sl
 800210a:	c038      	stmia	r0!, {r3, r4, r5}
 800210c:	e8bd 8ff0 	ldmia.w	sp!, {r4, r5, r6, r7, r8, r9, sl, fp, pc}

08002110 <pointwise_add>:
 8002110:	e92d 4ff0 	stmdb	sp!, {r4, r5, r6, r7, r8, r9, sl, fp, lr}
 8002114:	f240 0e19 	movw	lr, #25
 8002118:	c9f8      	ldmia	r1!, {r3, r4, r5, r6, r7}
 800211a:	e8b2 1f00 	ldmia.w	r2!, {r8, r9, sl, fp, ip}
 800211e:	fa93 f348 	uadd16	r3, r3, r8
 8002122:	fa94 f449 	uadd16	r4, r4, r9
 8002126:	fa95 f54a 	uadd16	r5, r5, sl
 800212a:	fa96 f64b 	uadd16	r6, r6, fp
 800212e:	fa97 f74c 	uadd16	r7, r7, ip
 8002132:	c0f8      	stmia	r0!, {r3, r4, r5, r6, r7}
 8002134:	f1be 0e01 	subs.w	lr, lr, #1
 8002138:	f47f afee 	bne.w	8002118 <pointwise_add+0x8>
 800213c:	c938      	ldmia	r1!, {r3, r4, r5}
 800213e:	e8b2 0700 	ldmia.w	r2!, {r8, r9, sl}
 8002142:	fa93 f348 	uadd16	r3, r3, r8
 8002146:	fa94 f449 	uadd16	r4, r4, r9
 800214a:	fa95 f54a 	uadd16	r5, r5, sl
 800214e:	c038      	stmia	r0!, {r3, r4, r5}
 8002150:	e8bd 8ff0 	ldmia.w	sp!, {r4, r5, r6, r7, r8, r9, sl, fp, pc}

08002154 <matacc_asm_cache_16_32>:
 8002154:	e92d 4fff 	stmdb	sp!, {r0, r1, r2, r3, r4, r5, r6, r7, r8, r9, sl, fp, lr}
 8002158:	f640 5c01 	movw	ip, #3329	@ 0xd01
 800215c:	f6c0 4cff 	movt	ip, #3327	@ 0xcff
 8002160:	f8dd 4034 	ldr.w	r4, [sp, #52]	@ 0x34
 8002164:	f8dd 7038 	ldr.w	r7, [sp, #56]	@ 0x38
 8002168:	ee05 7a10 	vmov	s10, r7
 800216c:	f8dd 703c 	ldr.w	r7, [sp, #60]	@ 0x3c
 8002170:	ee05 7a90 	vmov	s11, r7
 8002174:	f240 0840 	movw	r8, #64	@ 0x40
 8002178:	ee06 8a90 	vmov	s13, r8
 800217c:	f640 5b01 	movw	fp, #3329	@ 0xd01
 8002180:	f240 0a00 	movw	sl, #0
 8002184:	f240 0e00 	movw	lr, #0
 8002188:	ee00 3a90 	vmov	s1, r3
 800218c:	f833 5b02 	ldrh.w	r5, [r3], #2
 8002190:	f813 6b01 	ldrb.w	r6, [r3], #1
 8002194:	f3c5 3703 	ubfx	r7, r5, #12, #4
 8002198:	ea47 1606 	orr.w	r6, r7, r6, lsl #4
 800219c:	f3c5 050b 	ubfx	r5, r5, #0, #12
 80021a0:	f3c6 060b 	ubfx	r6, r6, #0, #12
 80021a4:	ebb5 0f0b 	cmp.w	r5, fp
 80021a8:	f080 8056 	bcs.w	8002258 <matacc_asm_cache_16_32+0x104>
 80021ac:	f822 5b02 	strh.w	r5, [r2], #2
 80021b0:	f10a 0a01 	add.w	sl, sl, #1
 80021b4:	f1ba 0f04 	cmp.w	sl, #4
 80021b8:	f040 804e 	bne.w	8002258 <matacc_asm_cache_16_32+0x104>
 80021bc:	f1a2 0208 	sub.w	r2, r2, #8
 80021c0:	ee01 3a10 	vmov	s2, r3
 80021c4:	ee01 ba90 	vmov	s3, fp
 80021c8:	ee02 ea10 	vmov	s4, lr
 80021cc:	ee02 6a90 	vmov	s5, r6
 80021d0:	ee15 6a90 	vmov	r6, s11
 80021d4:	f851 3b04 	ldr.w	r3, [r1], #4
 80021d8:	f8d2 a000 	ldr.w	sl, [r2]
 80021dc:	f851 bb04 	ldr.w	fp, [r1], #4
 80021e0:	f8d2 5004 	ldr.w	r5, [r2, #4]
 80021e4:	f834 eb02 	ldrh.w	lr, [r4], #2
 80021e8:	fb13 f82e 	smultb	r8, r3, lr
 80021ec:	fb18 f71c 	smulbt	r7, r8, ip
 80021f0:	fb1c 8707 	smlabb	r7, ip, r7, r8
 80021f4:	eac3 0707 	pkhbt	r7, r3, r7
 80021f8:	f846 7b04 	str.w	r7, [r6], #4
 80021fc:	fb17 f83a 	smultt	r8, r7, sl
 8002200:	fb13 880a 	smlabb	r8, r3, sl, r8
 8002204:	fb23 f71a 	smuadx	r7, r3, sl
 8002208:	f8c0 7004 	str.w	r7, [r0, #4]
 800220c:	f840 8b08 	str.w	r8, [r0], #8
 8002210:	f1ce 0e00 	rsb	lr, lr, #0
 8002214:	fb1b f72e 	smultb	r7, fp, lr
 8002218:	fb17 f81c 	smulbt	r8, r7, ip
 800221c:	fb1c 7808 	smlabb	r8, ip, r8, r7
 8002220:	eacb 0808 	pkhbt	r8, fp, r8
 8002224:	f846 8b04 	str.w	r8, [r6], #4
 8002228:	fb18 f835 	smultt	r8, r8, r5
 800222c:	fb1b 8805 	smlabb	r8, fp, r5, r8
 8002230:	fb2b f715 	smuadx	r7, fp, r5
 8002234:	f8c0 7004 	str.w	r7, [r0, #4]
 8002238:	f840 8b08 	str.w	r8, [r0], #8
 800223c:	ee05 6a90 	vmov	s11, r6
 8002240:	ee11 3a10 	vmov	r3, s2
 8002244:	ee11 ba90 	vmov	fp, s3
 8002248:	ee12 ea10 	vmov	lr, s4
 800224c:	ee12 6a90 	vmov	r6, s5
 8002250:	f10e 0e01 	add.w	lr, lr, #1
 8002254:	f240 0a00 	movw	sl, #0
 8002258:	ebb6 0f0b 	cmp.w	r6, fp
 800225c:	f080 8056 	bcs.w	800230c <matacc_asm_cache_16_32+0x1b8>
 8002260:	f1be 0f40 	cmp.w	lr, #64	@ 0x40
 8002264:	f280 8052 	bge.w	800230c <matacc_asm_cache_16_32+0x1b8>
 8002268:	f822 6b02 	strh.w	r6, [r2], #2
 800226c:	f10a 0a01 	add.w	sl, sl, #1
 8002270:	f1ba 0f04 	cmp.w	sl, #4
 8002274:	f040 804a 	bne.w	800230c <matacc_asm_cache_16_32+0x1b8>
 8002278:	f1a2 0208 	sub.w	r2, r2, #8
 800227c:	ee01 3a10 	vmov	s2, r3
 8002280:	ee01 ba90 	vmov	s3, fp
 8002284:	ee02 ea10 	vmov	s4, lr
 8002288:	ee15 6a90 	vmov	r6, s11
 800228c:	f851 3b04 	ldr.w	r3, [r1], #4
 8002290:	f8d2 a000 	ldr.w	sl, [r2]
 8002294:	f851 bb04 	ldr.w	fp, [r1], #4
 8002298:	f8d2 5004 	ldr.w	r5, [r2, #4]
 800229c:	f834 eb02 	ldrh.w	lr, [r4], #2
 80022a0:	fb13 f82e 	smultb	r8, r3, lr
 80022a4:	fb18 f71c 	smulbt	r7, r8, ip
 80022a8:	fb1c 8707 	smlabb	r7, ip, r7, r8
 80022ac:	eac3 0707 	pkhbt	r7, r3, r7
 80022b0:	f846 7b04 	str.w	r7, [r6], #4
 80022b4:	fb17 f83a 	smultt	r8, r7, sl
 80022b8:	fb13 880a 	smlabb	r8, r3, sl, r8
 80022bc:	fb23 f71a 	smuadx	r7, r3, sl
 80022c0:	f8c0 7004 	str.w	r7, [r0, #4]
 80022c4:	f840 8b08 	str.w	r8, [r0], #8
 80022c8:	f1ce 0e00 	rsb	lr, lr, #0
 80022cc:	fb1b f72e 	smultb	r7, fp, lr
 80022d0:	fb17 f81c 	smulbt	r8, r7, ip
 80022d4:	fb1c 7808 	smlabb	r8, ip, r8, r7
 80022d8:	eacb 0808 	pkhbt	r8, fp, r8
 80022dc:	f846 8b04 	str.w	r8, [r6], #4
 80022e0:	fb18 f835 	smultt	r8, r8, r5
 80022e4:	fb1b 8805 	smlabb	r8, fp, r5, r8
 80022e8:	fb2b f715 	smuadx	r7, fp, r5
 80022ec:	f8c0 7004 	str.w	r7, [r0, #4]
 80022f0:	f840 8b08 	str.w	r8, [r0], #8
 80022f4:	ee05 6a90 	vmov	s11, r6
 80022f8:	ee11 3a10 	vmov	r3, s2
 80022fc:	ee11 ba90 	vmov	fp, s3
 8002300:	ee12 ea10 	vmov	lr, s4
 8002304:	f10e 0e01 	add.w	lr, lr, #1
 8002308:	f240 0a00 	movw	sl, #0
 800230c:	ee16 8a90 	vmov	r8, s13
 8002310:	ee10 7a90 	vmov	r7, s1
 8002314:	eba3 0907 	sub.w	r9, r3, r7
 8002318:	f109 0903 	add.w	r9, r9, #3
 800231c:	ebb9 0f08 	cmp.w	r9, r8
 8002320:	f340 8034 	ble.w	800238c <matacc_asm_cache_16_32+0x238>
 8002324:	f1be 0f40 	cmp.w	lr, #64	@ 0x40
 8002328:	f280 8030 	bge.w	800238c <matacc_asm_cache_16_32+0x238>
 800232c:	eb07 0808 	add.w	r8, r7, r8
 8002330:	f8d3 9000 	ldr.w	r9, [r3]
 8002334:	f8c7 9000 	str.w	r9, [r7]
 8002338:	eba8 0903 	sub.w	r9, r8, r3
 800233c:	eb07 0709 	add.w	r7, r7, r9
 8002340:	ee10 5a90 	vmov	r5, s1
 8002344:	eba7 0505 	sub.w	r5, r7, r5
 8002348:	f105 0540 	add.w	r5, r5, #64	@ 0x40
 800234c:	ee06 5a90 	vmov	s13, r5
 8002350:	ee01 0a10 	vmov	s2, r0
 8002354:	ee01 1a90 	vmov	s3, r1
 8002358:	ee02 2a10 	vmov	s4, r2
 800235c:	ee03 ca10 	vmov	s6, ip
 8002360:	ee03 ea90 	vmov	s7, lr
 8002364:	ea4f 0007 	mov.w	r0, r7
 8002368:	f04f 0101 	mov.w	r1, #1
 800236c:	ee15 2a10 	vmov	r2, s10
 8002370:	f004 fb8a 	bl	8006a88 <aes256xof_squeezeblocks>
 8002374:	ee11 0a10 	vmov	r0, s2
 8002378:	ee11 1a90 	vmov	r1, s3
 800237c:	ee12 2a10 	vmov	r2, s4
 8002380:	ee13 ca10 	vmov	ip, s6
 8002384:	ee13 ea90 	vmov	lr, s7
 8002388:	ee10 3a90 	vmov	r3, s1
 800238c:	f1be 0f40 	cmp.w	lr, #64	@ 0x40
 8002390:	f6ff aefc 	blt.w	800218c <matacc_asm_cache_16_32+0x38>
 8002394:	e8bd 8fff 	ldmia.w	sp!, {r0, r1, r2, r3, r4, r5, r6, r7, r8, r9, sl, fp, pc}

08002398 <matacc_asm_cache_32_32>:
 8002398:	e92d 4fff 	stmdb	sp!, {r0, r1, r2, r3, r4, r5, r6, r7, r8, r9, sl, fp, lr}
 800239c:	f640 5c01 	movw	ip, #3329	@ 0xd01
 80023a0:	f6c0 4cff 	movt	ip, #3327	@ 0xcff
 80023a4:	f8dd 4034 	ldr.w	r4, [sp, #52]	@ 0x34
 80023a8:	f8dd 7038 	ldr.w	r7, [sp, #56]	@ 0x38
 80023ac:	ee05 7a10 	vmov	s10, r7
 80023b0:	f8dd 703c 	ldr.w	r7, [sp, #60]	@ 0x3c
 80023b4:	ee05 7a90 	vmov	s11, r7
 80023b8:	f240 0840 	movw	r8, #64	@ 0x40
 80023bc:	ee06 8a90 	vmov	s13, r8
 80023c0:	f640 5b01 	movw	fp, #3329	@ 0xd01
 80023c4:	f240 0a00 	movw	sl, #0
 80023c8:	f240 0e00 	movw	lr, #0
 80023cc:	ee00 3a90 	vmov	s1, r3
 80023d0:	f833 5b02 	ldrh.w	r5, [r3], #2
 80023d4:	f813 6b01 	ldrb.w	r6, [r3], #1
 80023d8:	f3c5 3703 	ubfx	r7, r5, #12, #4
 80023dc:	ea47 1606 	orr.w	r6, r7, r6, lsl #4
 80023e0:	f3c5 050b 	ubfx	r5, r5, #0, #12
 80023e4:	f3c6 060b 	ubfx	r6, r6, #0, #12
 80023e8:	ebb5 0f0b 	cmp.w	r5, fp
 80023ec:	f080 805e 	bcs.w	80024ac <matacc_asm_cache_32_32+0x114>
 80023f0:	f822 5b02 	strh.w	r5, [r2], #2
 80023f4:	f10a 0a01 	add.w	sl, sl, #1
 80023f8:	f1ba 0f04 	cmp.w	sl, #4
 80023fc:	f040 8056 	bne.w	80024ac <matacc_asm_cache_32_32+0x114>
 8002400:	f1a2 0208 	sub.w	r2, r2, #8
 8002404:	ee01 3a10 	vmov	s2, r3
 8002408:	ee01 ba90 	vmov	s3, fp
 800240c:	ee02 ea10 	vmov	s4, lr
 8002410:	ee02 6a90 	vmov	s5, r6
 8002414:	ee15 6a90 	vmov	r6, s11
 8002418:	f851 3b04 	ldr.w	r3, [r1], #4
 800241c:	f8d2 a000 	ldr.w	sl, [r2]
 8002420:	f851 bb04 	ldr.w	fp, [r1], #4
 8002424:	f8d2 5004 	ldr.w	r5, [r2, #4]
 8002428:	f8d0 9000 	ldr.w	r9, [r0]
 800242c:	f834 eb02 	ldrh.w	lr, [r4], #2
 8002430:	fb13 f72e 	smultb	r7, r3, lr
 8002434:	fb17 f81c 	smulbt	r8, r7, ip
 8002438:	fb1c 7808 	smlabb	r8, ip, r8, r7
 800243c:	eac3 0808 	pkhbt	r8, r3, r8
 8002440:	f846 8b04 	str.w	r8, [r6], #4
 8002444:	fb18 983a 	smlatt	r8, r8, sl, r9
 8002448:	fb13 890a 	smlabb	r9, r3, sl, r8
 800244c:	f840 9b04 	str.w	r9, [r0], #4
 8002450:	f8d0 9000 	ldr.w	r9, [r0]
 8002454:	fb23 991a 	smladx	r9, r3, sl, r9
 8002458:	f840 9b04 	str.w	r9, [r0], #4
 800245c:	f1ce 0e00 	rsb	lr, lr, #0
 8002460:	f8d0 9000 	ldr.w	r9, [r0]
 8002464:	fb1b f72e 	smultb	r7, fp, lr
 8002468:	fb17 f81c 	smulbt	r8, r7, ip
 800246c:	fb1c 7808 	smlabb	r8, ip, r8, r7
 8002470:	eacb 0808 	pkhbt	r8, fp, r8
 8002474:	f846 8b04 	str.w	r8, [r6], #4
 8002478:	fb18 9835 	smlatt	r8, r8, r5, r9
 800247c:	fb1b 8905 	smlabb	r9, fp, r5, r8
 8002480:	f840 9b04 	str.w	r9, [r0], #4
 8002484:	f8d0 9000 	ldr.w	r9, [r0]
 8002488:	fb2b 9915 	smladx	r9, fp, r5, r9
 800248c:	f840 9b04 	str.w	r9, [r0], #4
 8002490:	ee05 6a90 	vmov	s11, r6
 8002494:	ee11 3a10 	vmov	r3, s2
 8002498:	ee11 ba90 	vmov	fp, s3
 800249c:	ee12 ea10 	vmov	lr, s4
 80024a0:	ee12 6a90 	vmov	r6, s5
 80024a4:	f10e 0e01 	add.w	lr, lr, #1
 80024a8:	f240 0a00 	movw	sl, #0
 80024ac:	ebb6 0f0b 	cmp.w	r6, fp
 80024b0:	f080 805e 	bcs.w	8002570 <matacc_asm_cache_32_32+0x1d8>
 80024b4:	f1be 0f40 	cmp.w	lr, #64	@ 0x40
 80024b8:	f280 805a 	bge.w	8002570 <matacc_asm_cache_32_32+0x1d8>
 80024bc:	f822 6b02 	strh.w	r6, [r2], #2
 80024c0:	f10a 0a01 	add.w	sl, sl, #1
 80024c4:	f1ba 0f04 	cmp.w	sl, #4
 80024c8:	f040 8052 	bne.w	8002570 <matacc_asm_cache_32_32+0x1d8>
 80024cc:	f1a2 0208 	sub.w	r2, r2, #8
 80024d0:	ee01 3a10 	vmov	s2, r3
 80024d4:	ee01 ba90 	vmov	s3, fp
 80024d8:	ee02 ea10 	vmov	s4, lr
 80024dc:	ee15 6a90 	vmov	r6, s11
 80024e0:	f851 3b04 	ldr.w	r3, [r1], #4
 80024e4:	f8d2 a000 	ldr.w	sl, [r2]
 80024e8:	f851 bb04 	ldr.w	fp, [r1], #4
 80024ec:	f8d2 5004 	ldr.w	r5, [r2, #4]
 80024f0:	f8d0 9000 	ldr.w	r9, [r0]
 80024f4:	f834 eb02 	ldrh.w	lr, [r4], #2
 80024f8:	fb13 f72e 	smultb	r7, r3, lr
 80024fc:	fb17 f81c 	smulbt	r8, r7, ip
 8002500:	fb1c 7808 	smlabb	r8, ip, r8, r7
 8002504:	eac3 0808 	pkhbt	r8, r3, r8
 8002508:	f846 8b04 	str.w	r8, [r6], #4
 800250c:	fb18 983a 	smlatt	r8, r8, sl, r9
 8002510:	fb13 890a 	smlabb	r9, r3, sl, r8
 8002514:	f840 9b04 	str.w	r9, [r0], #4
 8002518:	f8d0 9000 	ldr.w	r9, [r0]
 800251c:	fb23 991a 	smladx	r9, r3, sl, r9
 8002520:	f840 9b04 	str.w	r9, [r0], #4
 8002524:	f1ce 0e00 	rsb	lr, lr, #0
 8002528:	f8d0 9000 	ldr.w	r9, [r0]
 800252c:	fb1b f72e 	smultb	r7, fp, lr
 8002530:	fb17 f81c 	smulbt	r8, r7, ip
 8002534:	fb1c 7808 	smlabb	r8, ip, r8, r7
 8002538:	eacb 0808 	pkhbt	r8, fp, r8
 800253c:	f846 8b04 	str.w	r8, [r6], #4
 8002540:	fb18 9835 	smlatt	r8, r8, r5, r9
 8002544:	fb1b 8905 	smlabb	r9, fp, r5, r8
 8002548:	f840 9b04 	str.w	r9, [r0], #4
 800254c:	f8d0 9000 	ldr.w	r9, [r0]
 8002550:	fb2b 9915 	smladx	r9, fp, r5, r9
 8002554:	f840 9b04 	str.w	r9, [r0], #4
 8002558:	ee05 6a90 	vmov	s11, r6
 800255c:	ee11 3a10 	vmov	r3, s2
 8002560:	ee11 ba90 	vmov	fp, s3
 8002564:	ee12 ea10 	vmov	lr, s4
 8002568:	f10e 0e01 	add.w	lr, lr, #1
 800256c:	f240 0a00 	movw	sl, #0
 8002570:	ee16 8a90 	vmov	r8, s13
 8002574:	ee10 7a90 	vmov	r7, s1
 8002578:	eba3 0907 	sub.w	r9, r3, r7
 800257c:	f109 0903 	add.w	r9, r9, #3
 8002580:	ebb9 0f08 	cmp.w	r9, r8
 8002584:	f340 8034 	ble.w	80025f0 <matacc_asm_cache_32_32+0x258>
 8002588:	f1be 0f40 	cmp.w	lr, #64	@ 0x40
 800258c:	f280 8030 	bge.w	80025f0 <matacc_asm_cache_32_32+0x258>
 8002590:	eb07 0808 	add.w	r8, r7, r8
 8002594:	f8d3 9000 	ldr.w	r9, [r3]
 8002598:	f8c7 9000 	str.w	r9, [r7]
 800259c:	eba8 0903 	sub.w	r9, r8, r3
 80025a0:	eb07 0709 	add.w	r7, r7, r9
 80025a4:	ee10 5a90 	vmov	r5, s1
 80025a8:	eba7 0505 	sub.w	r5, r7, r5
 80025ac:	f105 0540 	add.w	r5, r5, #64	@ 0x40
 80025b0:	ee06 5a90 	vmov	s13, r5
 80025b4:	ee01 0a10 	vmov	s2, r0
 80025b8:	ee01 1a90 	vmov	s3, r1
 80025bc:	ee02 2a10 	vmov	s4, r2
 80025c0:	ee03 ca10 	vmov	s6, ip
 80025c4:	ee03 ea90 	vmov	s7, lr
 80025c8:	ea4f 0007 	mov.w	r0, r7
 80025cc:	f04f 0101 	mov.w	r1, #1
 80025d0:	ee15 2a10 	vmov	r2, s10
 80025d4:	f004 fa58 	bl	8006a88 <aes256xof_squeezeblocks>
 80025d8:	ee11 0a10 	vmov	r0, s2
 80025dc:	ee11 1a90 	vmov	r1, s3
 80025e0:	ee12 2a10 	vmov	r2, s4
 80025e4:	ee13 ca10 	vmov	ip, s6
 80025e8:	ee13 ea90 	vmov	lr, s7
 80025ec:	ee10 3a90 	vmov	r3, s1
 80025f0:	f1be 0f40 	cmp.w	lr, #64	@ 0x40
 80025f4:	f6ff aeec 	blt.w	80023d0 <matacc_asm_cache_32_32+0x38>
 80025f8:	e8bd 8fff 	ldmia.w	sp!, {r0, r1, r2, r3, r4, r5, r6, r7, r8, r9, sl, fp, pc}

080025fc <matacc_asm_cache_32_16>:
 80025fc:	e92d 4fff 	stmdb	sp!, {r0, r1, r2, r3, r4, r5, r6, r7, r8, r9, sl, fp, lr}
 8002600:	f640 5c01 	movw	ip, #3329	@ 0xd01
 8002604:	f6c0 4cff 	movt	ip, #3327	@ 0xcff
 8002608:	f8dd 4034 	ldr.w	r4, [sp, #52]	@ 0x34
 800260c:	f8dd 7038 	ldr.w	r7, [sp, #56]	@ 0x38
 8002610:	ee05 7a10 	vmov	s10, r7
 8002614:	f8dd 703c 	ldr.w	r7, [sp, #60]	@ 0x3c
 8002618:	ee05 7a90 	vmov	s11, r7
 800261c:	ee06 0a10 	vmov	s12, r0
 8002620:	ee06 0a90 	vmov	s13, r0
 8002624:	f8dd 0040 	ldr.w	r0, [sp, #64]	@ 0x40
 8002628:	f240 0840 	movw	r8, #64	@ 0x40
 800262c:	ee07 8a90 	vmov	s15, r8
 8002630:	f640 5b01 	movw	fp, #3329	@ 0xd01
 8002634:	f240 0a00 	movw	sl, #0
 8002638:	f240 0e00 	movw	lr, #0
 800263c:	ee00 3a90 	vmov	s1, r3
 8002640:	f833 5b02 	ldrh.w	r5, [r3], #2
 8002644:	f813 6b01 	ldrb.w	r6, [r3], #1
 8002648:	f3c5 3703 	ubfx	r7, r5, #12, #4
 800264c:	ea47 1606 	orr.w	r6, r7, r6, lsl #4
 8002650:	f3c5 050b 	ubfx	r5, r5, #0, #12
 8002654:	f3c6 060b 	ubfx	r6, r6, #0, #12
 8002658:	ebb5 0f0b 	cmp.w	r5, fp
 800265c:	f080 8072 	bcs.w	8002744 <matacc_asm_cache_32_16+0x148>
 8002660:	f822 5b02 	strh.w	r5, [r2], #2
 8002664:	f10a 0a01 	add.w	sl, sl, #1
 8002668:	f1ba 0f04 	cmp.w	sl, #4
 800266c:	f040 806a 	bne.w	8002744 <matacc_asm_cache_32_16+0x148>
 8002670:	f1a2 0208 	sub.w	r2, r2, #8
 8002674:	ee01 3a10 	vmov	s2, r3
 8002678:	ee01 ba90 	vmov	s3, fp
 800267c:	ee02 ea10 	vmov	s4, lr
 8002680:	ee02 6a90 	vmov	s5, r6
 8002684:	ee15 6a90 	vmov	r6, s11
 8002688:	f851 3b04 	ldr.w	r3, [r1], #4
 800268c:	f8d2 a000 	ldr.w	sl, [r2]
 8002690:	f851 bb04 	ldr.w	fp, [r1], #4
 8002694:	f8d2 5004 	ldr.w	r5, [r2, #4]
 8002698:	f850 9b04 	ldr.w	r9, [r0], #4
 800269c:	f834 eb02 	ldrh.w	lr, [r4], #2
 80026a0:	fb13 f72e 	smultb	r7, r3, lr
 80026a4:	fb17 f81c 	smulbt	r8, r7, ip
 80026a8:	fb1c 7808 	smlabb	r8, ip, r8, r7
 80026ac:	eac3 0808 	pkhbt	r8, r3, r8
 80026b0:	f846 8b04 	str.w	r8, [r6], #4
 80026b4:	fb18 983a 	smlatt	r8, r8, sl, r9
 80026b8:	fb13 870a 	smlabb	r7, r3, sl, r8
 80026bc:	fb17 f81c 	smulbt	r8, r7, ip
 80026c0:	fb1c 7808 	smlabb	r8, ip, r8, r7
 80026c4:	f850 7b04 	ldr.w	r7, [r0], #4
 80026c8:	fb23 771a 	smladx	r7, r3, sl, r7
 80026cc:	fb17 f31c 	smulbt	r3, r7, ip
 80026d0:	fb1c 7303 	smlabb	r3, ip, r3, r7
 80026d4:	eac3 4928 	pkhtb	r9, r3, r8, asr #16
 80026d8:	ee16 3a10 	vmov	r3, s12
 80026dc:	f843 9b04 	str.w	r9, [r3], #4
 80026e0:	f1ce 0e00 	rsb	lr, lr, #0
 80026e4:	fb1b f72e 	smultb	r7, fp, lr
 80026e8:	fb17 f81c 	smulbt	r8, r7, ip
 80026ec:	fb1c 7808 	smlabb	r8, ip, r8, r7
 80026f0:	eacb 0808 	pkhbt	r8, fp, r8
 80026f4:	f850 9b04 	ldr.w	r9, [r0], #4
 80026f8:	f846 8b04 	str.w	r8, [r6], #4
 80026fc:	fb18 9835 	smlatt	r8, r8, r5, r9
 8002700:	fb1b 8705 	smlabb	r7, fp, r5, r8
 8002704:	fb17 f81c 	smulbt	r8, r7, ip
 8002708:	fb1c 7808 	smlabb	r8, ip, r8, r7
 800270c:	f850 9b04 	ldr.w	r9, [r0], #4
 8002710:	fb2b 9915 	smladx	r9, fp, r5, r9
 8002714:	fb19 f71c 	smulbt	r7, r9, ip
 8002718:	fb1c 9707 	smlabb	r7, ip, r7, r9
 800271c:	eac7 4928 	pkhtb	r9, r7, r8, asr #16
 8002720:	f843 9b04 	str.w	r9, [r3], #4
 8002724:	ee06 3a10 	vmov	s12, r3
 8002728:	ee05 6a90 	vmov	s11, r6
 800272c:	ee11 3a10 	vmov	r3, s2
 8002730:	ee11 ba90 	vmov	fp, s3
 8002734:	ee12 ea10 	vmov	lr, s4
 8002738:	ee12 6a90 	vmov	r6, s5
 800273c:	f10e 0e01 	add.w	lr, lr, #1
 8002740:	f240 0a00 	movw	sl, #0
 8002744:	ebb6 0f0b 	cmp.w	r6, fp
 8002748:	f080 8072 	bcs.w	8002830 <matacc_asm_cache_32_16+0x234>
 800274c:	f1be 0f40 	cmp.w	lr, #64	@ 0x40
 8002750:	f280 806e 	bge.w	8002830 <matacc_asm_cache_32_16+0x234>
 8002754:	f822 6b02 	strh.w	r6, [r2], #2
 8002758:	f10a 0a01 	add.w	sl, sl, #1
 800275c:	f1ba 0f04 	cmp.w	sl, #4
 8002760:	f040 8066 	bne.w	8002830 <matacc_asm_cache_32_16+0x234>
 8002764:	f1a2 0208 	sub.w	r2, r2, #8
 8002768:	ee01 3a10 	vmov	s2, r3
 800276c:	ee01 ba90 	vmov	s3, fp
 8002770:	ee02 ea10 	vmov	s4, lr
 8002774:	ee15 6a90 	vmov	r6, s11
 8002778:	f851 3b04 	ldr.w	r3, [r1], #4
 800277c:	f8d2 a000 	ldr.w	sl, [r2]
 8002780:	f851 bb04 	ldr.w	fp, [r1], #4
 8002784:	f8d2 5004 	ldr.w	r5, [r2, #4]
 8002788:	f850 9b04 	ldr.w	r9, [r0], #4
 800278c:	f834 eb02 	ldrh.w	lr, [r4], #2
 8002790:	fb13 f72e 	smultb	r7, r3, lr
 8002794:	fb17 f81c 	smulbt	r8, r7, ip
 8002798:	fb1c 7808 	smlabb	r8, ip, r8, r7
 800279c:	eac3 0808 	pkhbt	r8, r3, r8
 80027a0:	f846 8b04 	str.w	r8, [r6], #4
 80027a4:	fb18 983a 	smlatt	r8, r8, sl, r9
 80027a8:	fb13 870a 	smlabb	r7, r3, sl, r8
 80027ac:	fb17 f81c 	smulbt	r8, r7, ip
 80027b0:	fb1c 7808 	smlabb	r8, ip, r8, r7
 80027b4:	f850 7b04 	ldr.w	r7, [r0], #4
 80027b8:	fb23 771a 	smladx	r7, r3, sl, r7
 80027bc:	fb17 f31c 	smulbt	r3, r7, ip
 80027c0:	fb1c 7303 	smlabb	r3, ip, r3, r7
 80027c4:	eac3 4928 	pkhtb	r9, r3, r8, asr #16
 80027c8:	ee16 3a10 	vmov	r3, s12
 80027cc:	f843 9b04 	str.w	r9, [r3], #4
 80027d0:	f1ce 0e00 	rsb	lr, lr, #0
 80027d4:	fb1b f72e 	smultb	r7, fp, lr
 80027d8:	fb17 f81c 	smulbt	r8, r7, ip
 80027dc:	fb1c 7808 	smlabb	r8, ip, r8, r7
 80027e0:	eacb 0808 	pkhbt	r8, fp, r8
 80027e4:	f850 9b04 	ldr.w	r9, [r0], #4
 80027e8:	f846 8b04 	str.w	r8, [r6], #4
 80027ec:	fb18 9835 	smlatt	r8, r8, r5, r9
 80027f0:	fb1b 8705 	smlabb	r7, fp, r5, r8
 80027f4:	fb17 f81c 	smulbt	r8, r7, ip
 80027f8:	fb1c 7808 	smlabb	r8, ip, r8, r7
 80027fc:	f850 9b04 	ldr.w	r9, [r0], #4
 8002800:	fb2b 9915 	smladx	r9, fp, r5, r9
 8002804:	fb19 f71c 	smulbt	r7, r9, ip
 8002808:	fb1c 9707 	smlabb	r7, ip, r7, r9
 800280c:	eac7 4928 	pkhtb	r9, r7, r8, asr #16
 8002810:	f843 9b04 	str.w	r9, [r3], #4
 8002814:	ee06 3a10 	vmov	s12, r3
 8002818:	ee05 6a90 	vmov	s11, r6
 800281c:	ee11 3a10 	vmov	r3, s2
 8002820:	ee11 ba90 	vmov	fp, s3
 8002824:	ee12 ea10 	vmov	lr, s4
 8002828:	f10e 0e01 	add.w	lr, lr, #1
 800282c:	f240 0a00 	movw	sl, #0
 8002830:	ee17 8a90 	vmov	r8, s15
 8002834:	ee10 7a90 	vmov	r7, s1
 8002838:	eba3 0907 	sub.w	r9, r3, r7
 800283c:	f109 0903 	add.w	r9, r9, #3
 8002840:	ebb9 0f08 	cmp.w	r9, r8
 8002844:	f340 8034 	ble.w	80028b0 <matacc_asm_cache_32_16+0x2b4>
 8002848:	f1be 0f40 	cmp.w	lr, #64	@ 0x40
 800284c:	f280 8030 	bge.w	80028b0 <matacc_asm_cache_32_16+0x2b4>
 8002850:	eb07 0808 	add.w	r8, r7, r8
 8002854:	f8d3 9000 	ldr.w	r9, [r3]
 8002858:	f8c7 9000 	str.w	r9, [r7]
 800285c:	eba8 0903 	sub.w	r9, r8, r3
 8002860:	eb07 0709 	add.w	r7, r7, r9
 8002864:	ee10 5a90 	vmov	r5, s1
 8002868:	eba7 0505 	sub.w	r5, r7, r5
 800286c:	f105 0540 	add.w	r5, r5, #64	@ 0x40
 8002870:	ee07 5a90 	vmov	s15, r5
 8002874:	ee01 0a10 	vmov	s2, r0
 8002878:	ee01 1a90 	vmov	s3, r1
 800287c:	ee02 2a10 	vmov	s4, r2
 8002880:	ee03 ca10 	vmov	s6, ip
 8002884:	ee03 ea90 	vmov	s7, lr
 8002888:	ea4f 0007 	mov.w	r0, r7
 800288c:	f04f 0101 	mov.w	r1, #1
 8002890:	ee15 2a10 	vmov	r2, s10
 8002894:	f004 f8f8 	bl	8006a88 <aes256xof_squeezeblocks>
 8002898:	ee11 0a10 	vmov	r0, s2
 800289c:	ee11 1a90 	vmov	r1, s3
 80028a0:	ee12 2a10 	vmov	r2, s4
 80028a4:	ee13 ca10 	vmov	ip, s6
 80028a8:	ee13 ea90 	vmov	lr, s7
 80028ac:	ee10 3a90 	vmov	r3, s1
 80028b0:	f1be 0f40 	cmp.w	lr, #64	@ 0x40
 80028b4:	f6ff aec4 	blt.w	8002640 <matacc_asm_cache_32_16+0x44>
 80028b8:	ee16 0a90 	vmov	r0, s13
 80028bc:	e8bd 8fff 	ldmia.w	sp!, {r0, r1, r2, r3, r4, r5, r6, r7, r8, r9, sl, fp, pc}

080028c0 <matacc_asm_opt_16_32>:
 80028c0:	e92d 4fff 	stmdb	sp!, {r0, r1, r2, r3, r4, r5, r6, r7, r8, r9, sl, fp, lr}
 80028c4:	f640 5c01 	movw	ip, #3329	@ 0xd01
 80028c8:	f6c0 4cff 	movt	ip, #3327	@ 0xcff
 80028cc:	f8dd e034 	ldr.w	lr, [sp, #52]	@ 0x34
 80028d0:	ee05 ea10 	vmov	s10, lr
 80028d4:	f8dd e038 	ldr.w	lr, [sp, #56]	@ 0x38
 80028d8:	ee05 ea90 	vmov	s11, lr
 80028dc:	f240 0740 	movw	r7, #64	@ 0x40
 80028e0:	ee06 7a90 	vmov	s13, r7
 80028e4:	f640 5b01 	movw	fp, #3329	@ 0xd01
 80028e8:	f240 0a00 	movw	sl, #0
 80028ec:	f240 0800 	movw	r8, #0
 80028f0:	ee00 3a90 	vmov	s1, r3
 80028f4:	f833 5b02 	ldrh.w	r5, [r3], #2
 80028f8:	f813 6b01 	ldrb.w	r6, [r3], #1
 80028fc:	f3c5 3e03 	ubfx	lr, r5, #12, #4
 8002900:	ea4e 1606 	orr.w	r6, lr, r6, lsl #4
 8002904:	f3c5 050b 	ubfx	r5, r5, #0, #12
 8002908:	f3c6 060b 	ubfx	r6, r6, #0, #12
 800290c:	ebb5 0f0b 	cmp.w	r5, fp
 8002910:	f080 803e 	bcs.w	8002990 <matacc_asm_opt_16_32+0xd0>
 8002914:	f822 5b02 	strh.w	r5, [r2], #2
 8002918:	f10a 0a01 	add.w	sl, sl, #1
 800291c:	f1ba 0f04 	cmp.w	sl, #4
 8002920:	f040 8036 	bne.w	8002990 <matacc_asm_opt_16_32+0xd0>
 8002924:	f1a2 0208 	sub.w	r2, r2, #8
 8002928:	ee01 3a10 	vmov	s2, r3
 800292c:	ee01 ba90 	vmov	s3, fp
 8002930:	ee02 8a10 	vmov	s4, r8
 8002934:	ee02 6a90 	vmov	s5, r6
 8002938:	ee15 6a90 	vmov	r6, s11
 800293c:	f851 3b04 	ldr.w	r3, [r1], #4
 8002940:	f8d2 a000 	ldr.w	sl, [r2]
 8002944:	f851 bb04 	ldr.w	fp, [r1], #4
 8002948:	f8d2 5004 	ldr.w	r5, [r2, #4]
 800294c:	f856 7b04 	ldr.w	r7, [r6], #4
 8002950:	fb27 fe0a 	smuad	lr, r7, sl
 8002954:	fb23 f41a 	smuadx	r4, r3, sl
 8002958:	f856 8b04 	ldr.w	r8, [r6], #4
 800295c:	f840 eb04 	str.w	lr, [r0], #4
 8002960:	f840 4b04 	str.w	r4, [r0], #4
 8002964:	fb28 f705 	smuad	r7, r8, r5
 8002968:	fb2b f415 	smuadx	r4, fp, r5
 800296c:	f840 7b04 	str.w	r7, [r0], #4
 8002970:	f840 4b04 	str.w	r4, [r0], #4
 8002974:	ee05 6a90 	vmov	s11, r6
 8002978:	ee11 3a10 	vmov	r3, s2
 800297c:	ee11 ba90 	vmov	fp, s3
 8002980:	ee12 8a10 	vmov	r8, s4
 8002984:	ee12 6a90 	vmov	r6, s5
 8002988:	f108 0801 	add.w	r8, r8, #1
 800298c:	f240 0a00 	movw	sl, #0
 8002990:	ebb6 0f0b 	cmp.w	r6, fp
 8002994:	f080 803e 	bcs.w	8002a14 <matacc_asm_opt_16_32+0x154>
 8002998:	f1b8 0f40 	cmp.w	r8, #64	@ 0x40
 800299c:	f280 803a 	bge.w	8002a14 <matacc_asm_opt_16_32+0x154>
 80029a0:	f822 6b02 	strh.w	r6, [r2], #2
 80029a4:	f10a 0a01 	add.w	sl, sl, #1
 80029a8:	f1ba 0f04 	cmp.w	sl, #4
 80029ac:	f040 8032 	bne.w	8002a14 <matacc_asm_opt_16_32+0x154>
 80029b0:	f1a2 0208 	sub.w	r2, r2, #8
 80029b4:	ee01 3a10 	vmov	s2, r3
 80029b8:	ee01 ba90 	vmov	s3, fp
 80029bc:	ee02 8a10 	vmov	s4, r8
 80029c0:	ee15 6a90 	vmov	r6, s11
 80029c4:	f851 3b04 	ldr.w	r3, [r1], #4
 80029c8:	f8d2 a000 	ldr.w	sl, [r2]
 80029cc:	f851 bb04 	ldr.w	fp, [r1], #4
 80029d0:	f8d2 5004 	ldr.w	r5, [r2, #4]
 80029d4:	f856 7b04 	ldr.w	r7, [r6], #4
 80029d8:	fb27 fe0a 	smuad	lr, r7, sl
 80029dc:	fb23 f41a 	smuadx	r4, r3, sl
 80029e0:	f856 8b04 	ldr.w	r8, [r6], #4
 80029e4:	f840 eb04 	str.w	lr, [r0], #4
 80029e8:	f840 4b04 	str.w	r4, [r0], #4
 80029ec:	fb28 f705 	smuad	r7, r8, r5
 80029f0:	fb2b f415 	smuadx	r4, fp, r5
 80029f4:	f840 7b04 	str.w	r7, [r0], #4
 80029f8:	f840 4b04 	str.w	r4, [r0], #4
 80029fc:	ee05 6a90 	vmov	s11, r6
 8002a00:	ee11 3a10 	vmov	r3, s2
 8002a04:	ee11 ba90 	vmov	fp, s3
 8002a08:	ee12 8a10 	vmov	r8, s4
 8002a0c:	f108 0801 	add.w	r8, r8, #1
 8002a10:	f240 0a00 	movw	sl, #0
 8002a14:	ee16 7a90 	vmov	r7, s13
 8002a18:	ee10 ea90 	vmov	lr, s1
 8002a1c:	eba3 090e 	sub.w	r9, r3, lr
 8002a20:	f109 0903 	add.w	r9, r9, #3
 8002a24:	ebb9 0f07 	cmp.w	r9, r7
 8002a28:	f340 8034 	ble.w	8002a94 <matacc_asm_opt_16_32+0x1d4>
 8002a2c:	f1b8 0f40 	cmp.w	r8, #64	@ 0x40
 8002a30:	f280 8030 	bge.w	8002a94 <matacc_asm_opt_16_32+0x1d4>
 8002a34:	eb0e 0707 	add.w	r7, lr, r7
 8002a38:	f8d3 9000 	ldr.w	r9, [r3]
 8002a3c:	f8ce 9000 	str.w	r9, [lr]
 8002a40:	eba7 0903 	sub.w	r9, r7, r3
 8002a44:	eb0e 0e09 	add.w	lr, lr, r9
 8002a48:	ee10 5a90 	vmov	r5, s1
 8002a4c:	ebae 0505 	sub.w	r5, lr, r5
 8002a50:	f105 0540 	add.w	r5, r5, #64	@ 0x40
 8002a54:	ee06 5a90 	vmov	s13, r5
 8002a58:	ee01 0a10 	vmov	s2, r0
 8002a5c:	ee01 1a90 	vmov	s3, r1
 8002a60:	ee02 2a10 	vmov	s4, r2
 8002a64:	ee03 ca10 	vmov	s6, ip
 8002a68:	ee03 ea90 	vmov	s7, lr
 8002a6c:	ea4f 000e 	mov.w	r0, lr
 8002a70:	f04f 0101 	mov.w	r1, #1
 8002a74:	ee15 2a10 	vmov	r2, s10
 8002a78:	f004 f806 	bl	8006a88 <aes256xof_squeezeblocks>
 8002a7c:	ee11 0a10 	vmov	r0, s2
 8002a80:	ee11 1a90 	vmov	r1, s3
 8002a84:	ee12 2a10 	vmov	r2, s4
 8002a88:	ee13 ca10 	vmov	ip, s6
 8002a8c:	ee13 ea90 	vmov	lr, s7
 8002a90:	ee10 3a90 	vmov	r3, s1
 8002a94:	f1b8 0f40 	cmp.w	r8, #64	@ 0x40
 8002a98:	f6ff af2c 	blt.w	80028f4 <matacc_asm_opt_16_32+0x34>
 8002a9c:	e8bd 8fff 	ldmia.w	sp!, {r0, r1, r2, r3, r4, r5, r6, r7, r8, r9, sl, fp, pc}

08002aa0 <matacc_asm_opt_32_32>:
 8002aa0:	e92d 4fff 	stmdb	sp!, {r0, r1, r2, r3, r4, r5, r6, r7, r8, r9, sl, fp, lr}
 8002aa4:	f640 5c01 	movw	ip, #3329	@ 0xd01
 8002aa8:	f6c0 4cff 	movt	ip, #3327	@ 0xcff
 8002aac:	f8dd e034 	ldr.w	lr, [sp, #52]	@ 0x34
 8002ab0:	ee05 ea10 	vmov	s10, lr
 8002ab4:	f8dd e038 	ldr.w	lr, [sp, #56]	@ 0x38
 8002ab8:	ee05 ea90 	vmov	s11, lr
 8002abc:	f240 0740 	movw	r7, #64	@ 0x40
 8002ac0:	ee06 7a90 	vmov	s13, r7
 8002ac4:	f640 5b01 	movw	fp, #3329	@ 0xd01
 8002ac8:	f240 0a00 	movw	sl, #0
 8002acc:	f240 0800 	movw	r8, #0
 8002ad0:	ee00 3a90 	vmov	s1, r3
 8002ad4:	f833 5b02 	ldrh.w	r5, [r3], #2
 8002ad8:	f813 6b01 	ldrb.w	r6, [r3], #1
 8002adc:	f3c5 3e03 	ubfx	lr, r5, #12, #4
 8002ae0:	ea4e 1606 	orr.w	r6, lr, r6, lsl #4
 8002ae4:	f3c5 050b 	ubfx	r5, r5, #0, #12
 8002ae8:	f3c6 060b 	ubfx	r6, r6, #0, #12
 8002aec:	ebb5 0f0b 	cmp.w	r5, fp
 8002af0:	f080 8046 	bcs.w	8002b80 <matacc_asm_opt_32_32+0xe0>
 8002af4:	f822 5b02 	strh.w	r5, [r2], #2
 8002af8:	f10a 0a01 	add.w	sl, sl, #1
 8002afc:	f1ba 0f04 	cmp.w	sl, #4
 8002b00:	f040 803e 	bne.w	8002b80 <matacc_asm_opt_32_32+0xe0>
 8002b04:	f1a2 0208 	sub.w	r2, r2, #8
 8002b08:	ee01 3a10 	vmov	s2, r3
 8002b0c:	ee01 ba90 	vmov	s3, fp
 8002b10:	ee02 8a10 	vmov	s4, r8
 8002b14:	ee02 6a90 	vmov	s5, r6
 8002b18:	ee15 6a90 	vmov	r6, s11
 8002b1c:	f851 3b04 	ldr.w	r3, [r1], #4
 8002b20:	f8d2 a000 	ldr.w	sl, [r2]
 8002b24:	f851 bb04 	ldr.w	fp, [r1], #4
 8002b28:	f8d2 5004 	ldr.w	r5, [r2, #4]
 8002b2c:	f8d0 9000 	ldr.w	r9, [r0]
 8002b30:	f8d0 4004 	ldr.w	r4, [r0, #4]
 8002b34:	f856 7b04 	ldr.w	r7, [r6], #4
 8002b38:	fb27 990a 	smlad	r9, r7, sl, r9
 8002b3c:	fb23 441a 	smladx	r4, r3, sl, r4
 8002b40:	f856 7b04 	ldr.w	r7, [r6], #4
 8002b44:	f8d0 8008 	ldr.w	r8, [r0, #8]
 8002b48:	f8d0 e00c 	ldr.w	lr, [r0, #12]
 8002b4c:	f8c0 4004 	str.w	r4, [r0, #4]
 8002b50:	f840 9b08 	str.w	r9, [r0], #8
 8002b54:	fb27 8805 	smlad	r8, r7, r5, r8
 8002b58:	fb2b ee15 	smladx	lr, fp, r5, lr
 8002b5c:	f8c0 e004 	str.w	lr, [r0, #4]
 8002b60:	f840 8b08 	str.w	r8, [r0], #8
 8002b64:	ee05 6a90 	vmov	s11, r6
 8002b68:	ee11 3a10 	vmov	r3, s2
 8002b6c:	ee11 ba90 	vmov	fp, s3
 8002b70:	ee12 8a10 	vmov	r8, s4
 8002b74:	ee12 6a90 	vmov	r6, s5
 8002b78:	f108 0801 	add.w	r8, r8, #1
 8002b7c:	f240 0a00 	movw	sl, #0
 8002b80:	ebb6 0f0b 	cmp.w	r6, fp
 8002b84:	f080 8046 	bcs.w	8002c14 <matacc_asm_opt_32_32+0x174>
 8002b88:	f1b8 0f40 	cmp.w	r8, #64	@ 0x40
 8002b8c:	f280 8042 	bge.w	8002c14 <matacc_asm_opt_32_32+0x174>
 8002b90:	f822 6b02 	strh.w	r6, [r2], #2
 8002b94:	f10a 0a01 	add.w	sl, sl, #1
 8002b98:	f1ba 0f04 	cmp.w	sl, #4
 8002b9c:	f040 803a 	bne.w	8002c14 <matacc_asm_opt_32_32+0x174>
 8002ba0:	f1a2 0208 	sub.w	r2, r2, #8
 8002ba4:	ee01 3a10 	vmov	s2, r3
 8002ba8:	ee01 ba90 	vmov	s3, fp
 8002bac:	ee02 8a10 	vmov	s4, r8
 8002bb0:	ee15 6a90 	vmov	r6, s11
 8002bb4:	f851 3b04 	ldr.w	r3, [r1], #4
 8002bb8:	f8d2 a000 	ldr.w	sl, [r2]
 8002bbc:	f851 bb04 	ldr.w	fp, [r1], #4
 8002bc0:	f8d2 5004 	ldr.w	r5, [r2, #4]
 8002bc4:	f8d0 9000 	ldr.w	r9, [r0]
 8002bc8:	f8d0 4004 	ldr.w	r4, [r0, #4]
 8002bcc:	f856 7b04 	ldr.w	r7, [r6], #4
 8002bd0:	fb27 990a 	smlad	r9, r7, sl, r9
 8002bd4:	fb23 441a 	smladx	r4, r3, sl, r4
 8002bd8:	f856 7b04 	ldr.w	r7, [r6], #4
 8002bdc:	f8d0 8008 	ldr.w	r8, [r0, #8]
 8002be0:	f8d0 e00c 	ldr.w	lr, [r0, #12]
 8002be4:	f8c0 4004 	str.w	r4, [r0, #4]
 8002be8:	f840 9b08 	str.w	r9, [r0], #8
 8002bec:	fb27 8805 	smlad	r8, r7, r5, r8
 8002bf0:	fb2b ee15 	smladx	lr, fp, r5, lr
 8002bf4:	f8c0 e004 	str.w	lr, [r0, #4]
 8002bf8:	f840 8b08 	str.w	r8, [r0], #8
 8002bfc:	ee05 6a90 	vmov	s11, r6
 8002c00:	ee11 3a10 	vmov	r3, s2
 8002c04:	ee11 ba90 	vmov	fp, s3
 8002c08:	ee12 8a10 	vmov	r8, s4
 8002c0c:	f108 0801 	add.w	r8, r8, #1
 8002c10:	f240 0a00 	movw	sl, #0
 8002c14:	ee16 7a90 	vmov	r7, s13
 8002c18:	ee10 ea90 	vmov	lr, s1
 8002c1c:	eba3 090e 	sub.w	r9, r3, lr
 8002c20:	f109 0903 	add.w	r9, r9, #3
 8002c24:	ebb9 0f07 	cmp.w	r9, r7
 8002c28:	f340 8034 	ble.w	8002c94 <matacc_asm_opt_32_32+0x1f4>
 8002c2c:	f1b8 0f40 	cmp.w	r8, #64	@ 0x40
 8002c30:	f280 8030 	bge.w	8002c94 <matacc_asm_opt_32_32+0x1f4>
 8002c34:	eb0e 0707 	add.w	r7, lr, r7
 8002c38:	f8d3 9000 	ldr.w	r9, [r3]
 8002c3c:	f8ce 9000 	str.w	r9, [lr]
 8002c40:	eba7 0903 	sub.w	r9, r7, r3
 8002c44:	eb0e 0e09 	add.w	lr, lr, r9
 8002c48:	ee10 5a90 	vmov	r5, s1
 8002c4c:	ebae 0505 	sub.w	r5, lr, r5
 8002c50:	f105 0540 	add.w	r5, r5, #64	@ 0x40
 8002c54:	ee06 5a90 	vmov	s13, r5
 8002c58:	ee01 0a10 	vmov	s2, r0
 8002c5c:	ee01 1a90 	vmov	s3, r1
 8002c60:	ee02 2a10 	vmov	s4, r2
 8002c64:	ee03 ca10 	vmov	s6, ip
 8002c68:	ee03 ea90 	vmov	s7, lr
 8002c6c:	ea4f 000e 	mov.w	r0, lr
 8002c70:	f04f 0101 	mov.w	r1, #1
 8002c74:	ee15 2a10 	vmov	r2, s10
 8002c78:	f003 ff06 	bl	8006a88 <aes256xof_squeezeblocks>
 8002c7c:	ee11 0a10 	vmov	r0, s2
 8002c80:	ee11 1a90 	vmov	r1, s3
 8002c84:	ee12 2a10 	vmov	r2, s4
 8002c88:	ee13 ca10 	vmov	ip, s6
 8002c8c:	ee13 ea90 	vmov	lr, s7
 8002c90:	ee10 3a90 	vmov	r3, s1
 8002c94:	f1b8 0f40 	cmp.w	r8, #64	@ 0x40
 8002c98:	f6ff af1c 	blt.w	8002ad4 <matacc_asm_opt_32_32+0x34>
 8002c9c:	e8bd 8fff 	ldmia.w	sp!, {r0, r1, r2, r3, r4, r5, r6, r7, r8, r9, sl, fp, pc}

08002ca0 <matacc_asm_opt_32_16>:
 8002ca0:	e92d 4fff 	stmdb	sp!, {r0, r1, r2, r3, r4, r5, r6, r7, r8, r9, sl, fp, lr}
 8002ca4:	f640 5c01 	movw	ip, #3329	@ 0xd01
 8002ca8:	f6c0 4cff 	movt	ip, #3327	@ 0xcff
 8002cac:	f8dd 7034 	ldr.w	r7, [sp, #52]	@ 0x34
 8002cb0:	ee05 7a10 	vmov	s10, r7
 8002cb4:	f8dd 7038 	ldr.w	r7, [sp, #56]	@ 0x38
 8002cb8:	ee05 7a90 	vmov	s11, r7
 8002cbc:	ee06 0a10 	vmov	s12, r0
 8002cc0:	ee06 0a90 	vmov	s13, r0
 8002cc4:	f8dd 003c 	ldr.w	r0, [sp, #60]	@ 0x3c
 8002cc8:	f240 0840 	movw	r8, #64	@ 0x40
 8002ccc:	ee07 8a90 	vmov	s15, r8
 8002cd0:	f640 5b01 	movw	fp, #3329	@ 0xd01
 8002cd4:	f240 0a00 	movw	sl, #0
 8002cd8:	f240 0e00 	movw	lr, #0
 8002cdc:	ee00 3a90 	vmov	s1, r3
 8002ce0:	f833 5b02 	ldrh.w	r5, [r3], #2
 8002ce4:	f813 6b01 	ldrb.w	r6, [r3], #1
 8002ce8:	f3c5 3703 	ubfx	r7, r5, #12, #4
 8002cec:	ea47 1606 	orr.w	r6, r7, r6, lsl #4
 8002cf0:	f3c5 050b 	ubfx	r5, r5, #0, #12
 8002cf4:	f3c6 060b 	ubfx	r6, r6, #0, #12
 8002cf8:	ebb5 0f0b 	cmp.w	r5, fp
 8002cfc:	f080 805a 	bcs.w	8002db4 <matacc_asm_opt_32_16+0x114>
 8002d00:	f822 5b02 	strh.w	r5, [r2], #2
 8002d04:	f10a 0a01 	add.w	sl, sl, #1
 8002d08:	f1ba 0f04 	cmp.w	sl, #4
 8002d0c:	f040 8052 	bne.w	8002db4 <matacc_asm_opt_32_16+0x114>
 8002d10:	f1a2 0208 	sub.w	r2, r2, #8
 8002d14:	ee01 3a10 	vmov	s2, r3
 8002d18:	ee01 ba90 	vmov	s3, fp
 8002d1c:	ee02 ea10 	vmov	s4, lr
 8002d20:	ee02 6a90 	vmov	s5, r6
 8002d24:	ee15 6a90 	vmov	r6, s11
 8002d28:	f851 3b04 	ldr.w	r3, [r1], #4
 8002d2c:	f8d2 a000 	ldr.w	sl, [r2]
 8002d30:	f851 bb04 	ldr.w	fp, [r1], #4
 8002d34:	f8d2 5004 	ldr.w	r5, [r2, #4]
 8002d38:	f8d0 4004 	ldr.w	r4, [r0, #4]
 8002d3c:	f850 9b08 	ldr.w	r9, [r0], #8
 8002d40:	f856 8b04 	ldr.w	r8, [r6], #4
 8002d44:	fb28 970a 	smlad	r7, r8, sl, r9
 8002d48:	fb17 f91c 	smulbt	r9, r7, ip
 8002d4c:	fb1c 7909 	smlabb	r9, ip, r9, r7
 8002d50:	fb23 471a 	smladx	r7, r3, sl, r4
 8002d54:	fb17 f41c 	smulbt	r4, r7, ip
 8002d58:	fb1c 7404 	smlabb	r4, ip, r4, r7
 8002d5c:	eac4 4929 	pkhtb	r9, r4, r9, asr #16
 8002d60:	ee16 3a10 	vmov	r3, s12
 8002d64:	f843 9b04 	str.w	r9, [r3], #4
 8002d68:	f856 8b04 	ldr.w	r8, [r6], #4
 8002d6c:	f8d0 4004 	ldr.w	r4, [r0, #4]
 8002d70:	f850 9b08 	ldr.w	r9, [r0], #8
 8002d74:	fb28 9805 	smlad	r8, r8, r5, r9
 8002d78:	fb18 f91c 	smulbt	r9, r8, ip
 8002d7c:	fb1c 8909 	smlabb	r9, ip, r9, r8
 8002d80:	fb2b 4715 	smladx	r7, fp, r5, r4
 8002d84:	fb17 f41c 	smulbt	r4, r7, ip
 8002d88:	fb1c 7404 	smlabb	r4, ip, r4, r7
 8002d8c:	eac4 4929 	pkhtb	r9, r4, r9, asr #16
 8002d90:	f843 9b04 	str.w	r9, [r3], #4
 8002d94:	ee06 3a10 	vmov	s12, r3
 8002d98:	ee05 6a90 	vmov	s11, r6
 8002d9c:	ee11 3a10 	vmov	r3, s2
 8002da0:	ee11 ba90 	vmov	fp, s3
 8002da4:	ee12 ea10 	vmov	lr, s4
 8002da8:	ee12 6a90 	vmov	r6, s5
 8002dac:	f10e 0e01 	add.w	lr, lr, #1
 8002db0:	f240 0a00 	movw	sl, #0
 8002db4:	ebb6 0f0b 	cmp.w	r6, fp
 8002db8:	f080 805a 	bcs.w	8002e70 <matacc_asm_opt_32_16+0x1d0>
 8002dbc:	f1be 0f40 	cmp.w	lr, #64	@ 0x40
 8002dc0:	f280 8056 	bge.w	8002e70 <matacc_asm_opt_32_16+0x1d0>
 8002dc4:	f822 6b02 	strh.w	r6, [r2], #2
 8002dc8:	f10a 0a01 	add.w	sl, sl, #1
 8002dcc:	f1ba 0f04 	cmp.w	sl, #4
 8002dd0:	f040 804e 	bne.w	8002e70 <matacc_asm_opt_32_16+0x1d0>
 8002dd4:	f1a2 0208 	sub.w	r2, r2, #8
 8002dd8:	ee01 3a10 	vmov	s2, r3
 8002ddc:	ee01 ba90 	vmov	s3, fp
 8002de0:	ee02 ea10 	vmov	s4, lr
 8002de4:	ee15 6a90 	vmov	r6, s11
 8002de8:	f851 3b04 	ldr.w	r3, [r1], #4
 8002dec:	f8d2 a000 	ldr.w	sl, [r2]
 8002df0:	f851 bb04 	ldr.w	fp, [r1], #4
 8002df4:	f8d2 5004 	ldr.w	r5, [r2, #4]
 8002df8:	f8d0 4004 	ldr.w	r4, [r0, #4]
 8002dfc:	f850 9b08 	ldr.w	r9, [r0], #8
 8002e00:	f856 8b04 	ldr.w	r8, [r6], #4
 8002e04:	fb28 970a 	smlad	r7, r8, sl, r9
 8002e08:	fb17 f91c 	smulbt	r9, r7, ip
 8002e0c:	fb1c 7909 	smlabb	r9, ip, r9, r7
 8002e10:	fb23 471a 	smladx	r7, r3, sl, r4
 8002e14:	fb17 f41c 	smulbt	r4, r7, ip
 8002e18:	fb1c 7404 	smlabb	r4, ip, r4, r7
 8002e1c:	eac4 4929 	pkhtb	r9, r4, r9, asr #16
 8002e20:	ee16 3a10 	vmov	r3, s12
 8002e24:	f843 9b04 	str.w	r9, [r3], #4
 8002e28:	f856 8b04 	ldr.w	r8, [r6], #4
 8002e2c:	f8d0 4004 	ldr.w	r4, [r0, #4]
 8002e30:	f850 9b08 	ldr.w	r9, [r0], #8
 8002e34:	fb28 9805 	smlad	r8, r8, r5, r9
 8002e38:	fb18 f91c 	smulbt	r9, r8, ip
 8002e3c:	fb1c 8909 	smlabb	r9, ip, r9, r8
 8002e40:	fb2b 4715 	smladx	r7, fp, r5, r4
 8002e44:	fb17 f41c 	smulbt	r4, r7, ip
 8002e48:	fb1c 7404 	smlabb	r4, ip, r4, r7
 8002e4c:	eac4 4929 	pkhtb	r9, r4, r9, asr #16
 8002e50:	f843 9b04 	str.w	r9, [r3], #4
 8002e54:	ee06 3a10 	vmov	s12, r3
 8002e58:	ee05 6a90 	vmov	s11, r6
 8002e5c:	ee11 3a10 	vmov	r3, s2
 8002e60:	ee11 ba90 	vmov	fp, s3
 8002e64:	ee12 ea10 	vmov	lr, s4
 8002e68:	f10e 0e01 	add.w	lr, lr, #1
 8002e6c:	f240 0a00 	movw	sl, #0
 8002e70:	ee17 8a90 	vmov	r8, s15
 8002e74:	ee10 7a90 	vmov	r7, s1
 8002e78:	eba3 0907 	sub.w	r9, r3, r7
 8002e7c:	f109 0903 	add.w	r9, r9, #3
 8002e80:	ebb9 0f08 	cmp.w	r9, r8
 8002e84:	f340 8034 	ble.w	8002ef0 <matacc_asm_opt_32_16+0x250>
 8002e88:	f1be 0f40 	cmp.w	lr, #64	@ 0x40
 8002e8c:	f280 8030 	bge.w	8002ef0 <matacc_asm_opt_32_16+0x250>
 8002e90:	eb07 0808 	add.w	r8, r7, r8
 8002e94:	f8d3 9000 	ldr.w	r9, [r3]
 8002e98:	f8c7 9000 	str.w	r9, [r7]
 8002e9c:	eba8 0903 	sub.w	r9, r8, r3
 8002ea0:	eb07 0709 	add.w	r7, r7, r9
 8002ea4:	ee10 5a90 	vmov	r5, s1
 8002ea8:	eba7 0505 	sub.w	r5, r7, r5
 8002eac:	f105 0540 	add.w	r5, r5, #64	@ 0x40
 8002eb0:	ee07 5a90 	vmov	s15, r5
 8002eb4:	ee01 0a10 	vmov	s2, r0
 8002eb8:	ee01 1a90 	vmov	s3, r1
 8002ebc:	ee02 2a10 	vmov	s4, r2
 8002ec0:	ee03 ca10 	vmov	s6, ip
 8002ec4:	ee03 ea90 	vmov	s7, lr
 8002ec8:	ea4f 0007 	mov.w	r0, r7
 8002ecc:	f04f 0101 	mov.w	r1, #1
 8002ed0:	ee15 2a10 	vmov	r2, s10
 8002ed4:	f003 fdd8 	bl	8006a88 <aes256xof_squeezeblocks>
 8002ed8:	ee11 0a10 	vmov	r0, s2
 8002edc:	ee11 1a90 	vmov	r1, s3
 8002ee0:	ee12 2a10 	vmov	r2, s4
 8002ee4:	ee13 ca10 	vmov	ip, s6
 8002ee8:	ee13 ea90 	vmov	lr, s7
 8002eec:	ee10 3a90 	vmov	r3, s1
 8002ef0:	f1be 0f40 	cmp.w	lr, #64	@ 0x40
 8002ef4:	f6ff aef4 	blt.w	8002ce0 <matacc_asm_opt_32_16+0x40>
 8002ef8:	ee16 0a90 	vmov	r0, s13
 8002efc:	e8bd 8fff 	ldmia.w	sp!, {r0, r1, r2, r3, r4, r5, r6, r7, r8, r9, sl, fp, pc}

08002f00 <packing>:
 8002f00:	f640 730f 	movw	r3, #3855	@ 0xf0f
 8002f04:	f6c0 730f 	movt	r3, #3855	@ 0xf0f
 8002f08:	ea83 0283 	eor.w	r2, r3, r3, lsl #2
 8002f0c:	ea82 0142 	eor.w	r1, r2, r2, lsl #1
 8002f10:	ea84 0c58 	eor.w	ip, r4, r8, lsr #1
 8002f14:	ea0c 0c01 	and.w	ip, ip, r1
 8002f18:	ea84 040c 	eor.w	r4, r4, ip
 8002f1c:	ea88 084c 	eor.w	r8, r8, ip, lsl #1
 8002f20:	ea85 0c59 	eor.w	ip, r5, r9, lsr #1
 8002f24:	ea0c 0c01 	and.w	ip, ip, r1
 8002f28:	ea85 050c 	eor.w	r5, r5, ip
 8002f2c:	ea89 094c 	eor.w	r9, r9, ip, lsl #1
 8002f30:	ea86 0c5a 	eor.w	ip, r6, sl, lsr #1
 8002f34:	ea0c 0c01 	and.w	ip, ip, r1
 8002f38:	ea86 060c 	eor.w	r6, r6, ip
 8002f3c:	ea8a 0a4c 	eor.w	sl, sl, ip, lsl #1
 8002f40:	ea87 0c5b 	eor.w	ip, r7, fp, lsr #1
 8002f44:	ea0c 0c01 	and.w	ip, ip, r1
 8002f48:	ea87 070c 	eor.w	r7, r7, ip
 8002f4c:	ea8b 0b4c 	eor.w	fp, fp, ip, lsl #1
 8002f50:	ea84 0c95 	eor.w	ip, r4, r5, lsr #2
 8002f54:	ea0c 0c02 	and.w	ip, ip, r2
 8002f58:	ea84 040c 	eor.w	r4, r4, ip
 8002f5c:	ea85 008c 	eor.w	r0, r5, ip, lsl #2
 8002f60:	ea88 0c99 	eor.w	ip, r8, r9, lsr #2
 8002f64:	ea0c 0c02 	and.w	ip, ip, r2
 8002f68:	ea88 050c 	eor.w	r5, r8, ip
 8002f6c:	ea89 098c 	eor.w	r9, r9, ip, lsl #2
 8002f70:	ea86 0c97 	eor.w	ip, r6, r7, lsr #2
 8002f74:	ea0c 0c02 	and.w	ip, ip, r2
 8002f78:	ea86 080c 	eor.w	r8, r6, ip
 8002f7c:	ea87 078c 	eor.w	r7, r7, ip, lsl #2
 8002f80:	ea8a 0c9b 	eor.w	ip, sl, fp, lsr #2
 8002f84:	ea0c 0c02 	and.w	ip, ip, r2
 8002f88:	ea8a 020c 	eor.w	r2, sl, ip
 8002f8c:	ea8b 0b8c 	eor.w	fp, fp, ip, lsl #2
 8002f90:	ea84 1c18 	eor.w	ip, r4, r8, lsr #4
 8002f94:	ea0c 0c03 	and.w	ip, ip, r3
 8002f98:	ea84 040c 	eor.w	r4, r4, ip
 8002f9c:	ea88 180c 	eor.w	r8, r8, ip, lsl #4
 8002fa0:	ea80 1c17 	eor.w	ip, r0, r7, lsr #4
 8002fa4:	ea0c 0c03 	and.w	ip, ip, r3
 8002fa8:	ea80 060c 	eor.w	r6, r0, ip
 8002fac:	ea87 1a0c 	eor.w	sl, r7, ip, lsl #4
 8002fb0:	ea89 1c1b 	eor.w	ip, r9, fp, lsr #4
 8002fb4:	ea0c 0c03 	and.w	ip, ip, r3
 8002fb8:	ea89 070c 	eor.w	r7, r9, ip
 8002fbc:	ea8b 1b0c 	eor.w	fp, fp, ip, lsl #4
 8002fc0:	ea85 1c12 	eor.w	ip, r5, r2, lsr #4
 8002fc4:	ea0c 0c03 	and.w	ip, ip, r3
 8002fc8:	ea85 050c 	eor.w	r5, r5, ip
 8002fcc:	ea82 190c 	eor.w	r9, r2, ip, lsl #4
 8002fd0:	4770      	bx	lr
 8002fd2:	bf00      	nop

08002fd4 <unpacking>:
 8002fd4:	f640 730f 	movw	r3, #3855	@ 0xf0f
 8002fd8:	f6c0 730f 	movt	r3, #3855	@ 0xf0f
 8002fdc:	ea85 1c19 	eor.w	ip, r5, r9, lsr #4
 8002fe0:	ea0c 0c03 	and.w	ip, ip, r3
 8002fe4:	ea85 050c 	eor.w	r5, r5, ip
 8002fe8:	ea89 120c 	eor.w	r2, r9, ip, lsl #4
 8002fec:	ea87 1c1b 	eor.w	ip, r7, fp, lsr #4
 8002ff0:	ea0c 0c03 	and.w	ip, ip, r3
 8002ff4:	ea87 090c 	eor.w	r9, r7, ip
 8002ff8:	ea8b 1b0c 	eor.w	fp, fp, ip, lsl #4
 8002ffc:	ea86 1c1a 	eor.w	ip, r6, sl, lsr #4
 8003000:	ea0c 0c03 	and.w	ip, ip, r3
 8003004:	ea86 010c 	eor.w	r1, r6, ip
 8003008:	ea8a 170c 	eor.w	r7, sl, ip, lsl #4
 800300c:	ea84 1c18 	eor.w	ip, r4, r8, lsr #4
 8003010:	ea0c 0c03 	and.w	ip, ip, r3
 8003014:	ea84 040c 	eor.w	r4, r4, ip
 8003018:	ea88 180c 	eor.w	r8, r8, ip, lsl #4
 800301c:	ea83 0383 	eor.w	r3, r3, r3, lsl #2
 8003020:	ea82 0c9b 	eor.w	ip, r2, fp, lsr #2
 8003024:	ea0c 0c03 	and.w	ip, ip, r3
 8003028:	ea82 0a0c 	eor.w	sl, r2, ip
 800302c:	ea8b 0b8c 	eor.w	fp, fp, ip, lsl #2
 8003030:	ea88 0c97 	eor.w	ip, r8, r7, lsr #2
 8003034:	ea0c 0c03 	and.w	ip, ip, r3
 8003038:	ea88 060c 	eor.w	r6, r8, ip
 800303c:	ea87 078c 	eor.w	r7, r7, ip, lsl #2
 8003040:	ea85 0c99 	eor.w	ip, r5, r9, lsr #2
 8003044:	ea0c 0c03 	and.w	ip, ip, r3
 8003048:	ea85 080c 	eor.w	r8, r5, ip
 800304c:	ea89 098c 	eor.w	r9, r9, ip, lsl #2
 8003050:	ea84 0c91 	eor.w	ip, r4, r1, lsr #2
 8003054:	ea0c 0c03 	and.w	ip, ip, r3
 8003058:	ea84 040c 	eor.w	r4, r4, ip
 800305c:	ea81 058c 	eor.w	r5, r1, ip, lsl #2
 8003060:	ea83 0143 	eor.w	r1, r3, r3, lsl #1
 8003064:	ea84 0c58 	eor.w	ip, r4, r8, lsr #1
 8003068:	ea0c 0c01 	and.w	ip, ip, r1
 800306c:	ea84 040c 	eor.w	r4, r4, ip
 8003070:	ea88 084c 	eor.w	r8, r8, ip, lsl #1
 8003074:	ea85 0c59 	eor.w	ip, r5, r9, lsr #1
 8003078:	ea0c 0c01 	and.w	ip, ip, r1
 800307c:	ea85 050c 	eor.w	r5, r5, ip
 8003080:	ea89 094c 	eor.w	r9, r9, ip, lsl #1
 8003084:	ea86 0c5a 	eor.w	ip, r6, sl, lsr #1
 8003088:	ea0c 0c01 	and.w	ip, ip, r1
 800308c:	ea86 060c 	eor.w	r6, r6, ip
 8003090:	ea8a 0a4c 	eor.w	sl, sl, ip, lsl #1
 8003094:	ea87 0c5b 	eor.w	ip, r7, fp, lsr #1
 8003098:	ea0c 0c01 	and.w	ip, ip, r1
 800309c:	ea87 070c 	eor.w	r7, r7, ip
 80030a0:	ea8b 0b4c 	eor.w	fp, fp, ip, lsl #1
 80030a4:	4770      	bx	lr
 80030a6:	bf00      	nop

080030a8 <ark_sbox>:
 80030a8:	f8dd 1030 	ldr.w	r1, [sp, #48]	@ 0x30
 80030ac:	e8b1 100d 	ldmia.w	r1!, {r0, r2, r3, ip}
 80030b0:	ea84 0400 	eor.w	r4, r4, r0
 80030b4:	ea85 0502 	eor.w	r5, r5, r2
 80030b8:	ea86 0603 	eor.w	r6, r6, r3
 80030bc:	ea87 070c 	eor.w	r7, r7, ip
 80030c0:	e8b1 100d 	ldmia.w	r1!, {r0, r2, r3, ip}
 80030c4:	ea88 0800 	eor.w	r8, r8, r0
 80030c8:	ea89 0902 	eor.w	r9, r9, r2
 80030cc:	ea8a 0a03 	eor.w	sl, sl, r3
 80030d0:	ea8b 0b0c 	eor.w	fp, fp, ip
 80030d4:	f8cd 1030 	str.w	r1, [sp, #48]	@ 0x30
 80030d8:	f8cd e034 	str.w	lr, [sp, #52]	@ 0x34
 80030dc:	ea87 0109 	eor.w	r1, r7, r9
 80030e0:	ea84 030a 	eor.w	r3, r4, sl
 80030e4:	ea83 0201 	eor.w	r2, r3, r1
 80030e8:	ea88 0002 	eor.w	r0, r8, r2
 80030ec:	ea80 0e09 	eor.w	lr, r0, r9
 80030f0:	ea02 0c0e 	and.w	ip, r2, lr
 80030f4:	ea8e 080b 	eor.w	r8, lr, fp
 80030f8:	ea80 0005 	eor.w	r0, r0, r5
 80030fc:	f8cd 202c 	str.w	r2, [sp, #44]	@ 0x2c
 8003100:	ea84 0207 	eor.w	r2, r4, r7
 8003104:	900a      	str	r0, [sp, #40]	@ 0x28
 8003106:	ea80 0002 	eor.w	r0, r0, r2
 800310a:	9209      	str	r2, [sp, #36]	@ 0x24
 800310c:	ea02 0200 	and.w	r2, r2, r0
 8003110:	f8cd 8020 	str.w	r8, [sp, #32]
 8003114:	ea8b 0800 	eor.w	r8, fp, r0
 8003118:	ea84 0909 	eor.w	r9, r4, r9
 800311c:	ea85 0606 	eor.w	r6, r5, r6
 8003120:	ea8e 0506 	eor.w	r5, lr, r6
 8003124:	f8cd e01c 	str.w	lr, [sp, #28]
 8003128:	ea85 0e00 	eor.w	lr, r5, r0
 800312c:	f8cd 1018 	str.w	r1, [sp, #24]
 8003130:	ea01 010e 	and.w	r1, r1, lr
 8003134:	ea81 0102 	eor.w	r1, r1, r2
 8003138:	f8cd e014 	str.w	lr, [sp, #20]
 800313c:	ea85 0e09 	eor.w	lr, r5, r9
 8003140:	f8cd 5010 	str.w	r5, [sp, #16]
 8003144:	ea09 0505 	and.w	r5, r9, r5
 8003148:	ea85 0202 	eor.w	r2, r5, r2
 800314c:	ea86 0500 	eor.w	r5, r6, r0
 8003150:	f8cd 000c 	str.w	r0, [sp, #12]
 8003154:	ea83 0005 	eor.w	r0, r3, r5
 8003158:	9302      	str	r3, [sp, #8]
 800315a:	ea03 0305 	and.w	r3, r3, r5
 800315e:	9501      	str	r5, [sp, #4]
 8003160:	f8cd b000 	str.w	fp, [sp]
 8003164:	ea84 0505 	eor.w	r5, r4, r5
 8003168:	ea86 060b 	eor.w	r6, r6, fp
 800316c:	ea86 0707 	eor.w	r7, r6, r7
 8003170:	ea07 0b0b 	and.w	fp, r7, fp
 8003174:	ea8b 0b0c 	eor.w	fp, fp, ip
 8003178:	ea8b 0b02 	eor.w	fp, fp, r2
 800317c:	ea8b 0e0e 	eor.w	lr, fp, lr
 8003180:	ea86 0404 	eor.w	r4, r6, r4
 8003184:	ea04 0b08 	and.w	fp, r4, r8
 8003188:	ea8b 0b03 	eor.w	fp, fp, r3
 800318c:	ea8b 0202 	eor.w	r2, fp, r2
 8003190:	ea82 0205 	eor.w	r2, r2, r5
 8003194:	ea86 0a0a 	eor.w	sl, r6, sl
 8003198:	ea0a 0b06 	and.w	fp, sl, r6
 800319c:	ea8b 0303 	eor.w	r3, fp, r3
 80031a0:	ea83 0301 	eor.w	r3, r3, r1
 80031a4:	ea83 0300 	eor.w	r3, r3, r0
 80031a8:	ea8a 0009 	eor.w	r0, sl, r9
 80031ac:	f8dd b020 	ldr.w	fp, [sp, #32]
 80031b0:	ea00 050b 	and.w	r5, r0, fp
 80031b4:	ea85 0c0c 	eor.w	ip, r5, ip
 80031b8:	9d0a      	ldr	r5, [sp, #40]	@ 0x28
 80031ba:	9708      	str	r7, [sp, #32]
 80031bc:	ea8c 0c05 	eor.w	ip, ip, r5
 80031c0:	ea8c 0101 	eor.w	r1, ip, r1
 80031c4:	ea01 0c03 	and.w	ip, r1, r3
 80031c8:	ea82 050c 	eor.w	r5, r2, ip
 80031cc:	ea8e 0c0c 	eor.w	ip, lr, ip
 80031d0:	ea81 010e 	eor.w	r1, r1, lr
 80031d4:	ea01 0705 	and.w	r7, r1, r5
 80031d8:	ea87 0e0e 	eor.w	lr, r7, lr
 80031dc:	ea0e 0404 	and.w	r4, lr, r4
 80031e0:	ea0e 0808 	and.w	r8, lr, r8
 80031e4:	ea83 0702 	eor.w	r7, r3, r2
 80031e8:	ea0c 0c07 	and.w	ip, ip, r7
 80031ec:	ea8c 0c02 	eor.w	ip, ip, r2
 80031f0:	ea85 070c 	eor.w	r7, r5, ip
 80031f4:	ea02 0207 	and.w	r2, r2, r7
 80031f8:	ea85 0502 	eor.w	r5, r5, r2
 80031fc:	ea0e 0505 	and.w	r5, lr, r5
 8003200:	ea81 0105 	eor.w	r1, r1, r5
 8003204:	ea8e 0501 	eor.w	r5, lr, r1
 8003208:	f8dd 7004 	ldr.w	r7, [sp, #4]
 800320c:	ea05 0707 	and.w	r7, r5, r7
 8003210:	ea87 0808 	eor.w	r8, r7, r8
 8003214:	f8cd 8028 	str.w	r8, [sp, #40]	@ 0x28
 8003218:	f8dd 8008 	ldr.w	r8, [sp, #8]
 800321c:	ea05 0808 	and.w	r8, r5, r8
 8003220:	ea01 0a0a 	and.w	sl, r1, sl
 8003224:	ea01 0606 	and.w	r6, r1, r6
 8003228:	ea87 0606 	eor.w	r6, r7, r6
 800322c:	ea83 030c 	eor.w	r3, r3, ip
 8003230:	ea82 0303 	eor.w	r3, r2, r3
 8003234:	ea81 0103 	eor.w	r1, r1, r3
 8003238:	f8dd 5010 	ldr.w	r5, [sp, #16]
 800323c:	ea01 0205 	and.w	r2, r1, r5
 8003240:	ea01 0909 	and.w	r9, r1, r9
 8003244:	f8cd 9010 	str.w	r9, [sp, #16]
 8003248:	ea8c 0503 	eor.w	r5, ip, r3
 800324c:	f8dd 901c 	ldr.w	r9, [sp, #28]
 8003250:	f8dd 702c 	ldr.w	r7, [sp, #44]	@ 0x2c
 8003254:	ea05 0909 	and.w	r9, r5, r9
 8003258:	ea05 0707 	and.w	r7, r5, r7
 800325c:	ea03 0000 	and.w	r0, r3, r0
 8003260:	ea03 030b 	and.w	r3, r3, fp
 8003264:	ea83 0309 	eor.w	r3, r3, r9
 8003268:	ea86 0303 	eor.w	r3, r6, r3
 800326c:	f8dd b020 	ldr.w	fp, [sp, #32]
 8003270:	f8dd 5014 	ldr.w	r5, [sp, #20]
 8003274:	ea0c 0b0b 	and.w	fp, ip, fp
 8003278:	ea8e 0e0c 	eor.w	lr, lr, ip
 800327c:	ea8e 0101 	eor.w	r1, lr, r1
 8003280:	ea01 0505 	and.w	r5, r1, r5
 8003284:	ea85 0606 	eor.w	r6, r5, r6
 8003288:	9d06      	ldr	r5, [sp, #24]
 800328a:	9408      	str	r4, [sp, #32]
 800328c:	ea01 0105 	and.w	r1, r1, r5
 8003290:	9d03      	ldr	r5, [sp, #12]
 8003292:	9c09      	ldr	r4, [sp, #36]	@ 0x24
 8003294:	ea0e 0505 	and.w	r5, lr, r5
 8003298:	ea85 0506 	eor.w	r5, r5, r6
 800329c:	ea0e 0404 	and.w	r4, lr, r4
 80032a0:	ea84 0e05 	eor.w	lr, r4, r5
 80032a4:	ea84 0401 	eor.w	r4, r4, r1
 80032a8:	ea80 0104 	eor.w	r1, r0, r4
 80032ac:	ea81 000b 	eor.w	r0, r1, fp
 80032b0:	ea87 0701 	eor.w	r7, r7, r1
 80032b4:	ea87 0105 	eor.w	r1, r7, r5
 80032b8:	ea87 0703 	eor.w	r7, r7, r3
 80032bc:	ea87 0305 	eor.w	r3, r7, r5
 80032c0:	ea8a 0b04 	eor.w	fp, sl, r4
 80032c4:	f8dd 4000 	ldr.w	r4, [sp]
 80032c8:	ea0c 0c04 	and.w	ip, ip, r4
 80032cc:	ea89 090c 	eor.w	r9, r9, ip
 80032d0:	ea88 0c09 	eor.w	ip, r8, r9
 80032d4:	ea82 020c 	eor.w	r2, r2, ip
 80032d8:	ea86 0202 	eor.w	r2, r6, r2
 80032dc:	f8dd 4020 	ldr.w	r4, [sp, #32]
 80032e0:	ea84 0c02 	eor.w	ip, r4, r2
 80032e4:	ea80 000c 	eor.w	r0, r0, ip
 80032e8:	ea8c 060e 	eor.w	r6, ip, lr
 80032ec:	f8dd 4010 	ldr.w	r4, [sp, #16]
 80032f0:	f8dd c028 	ldr.w	ip, [sp, #40]	@ 0x28
 80032f4:	ea86 0604 	eor.w	r6, r6, r4
 80032f8:	ea89 0c0c 	eor.w	ip, r9, ip
 80032fc:	ea8b 0e0c 	eor.w	lr, fp, ip
 8003300:	ea82 020e 	eor.w	r2, r2, lr
 8003304:	ea88 0b0e 	eor.w	fp, r8, lr
 8003308:	f8dd e034 	ldr.w	lr, [sp, #52]	@ 0x34
 800330c:	ea8c 0807 	eor.w	r8, ip, r7
 8003310:	4770      	bx	lr
 8003312:	bf00      	nop

08003314 <mixcolumns_0>:
 8003314:	f8cd e034 	str.w	lr, [sp, #52]	@ 0x34
 8003318:	f240 3c03 	movw	ip, #771	@ 0x303
 800331c:	f2c0 3c03 	movt	ip, #771	@ 0x303
 8003320:	ea0c 1e91 	and.w	lr, ip, r1, lsr #6
 8003324:	ea21 09bc 	bic.w	r9, r1, ip, ror #2
 8003328:	ea4e 0e89 	orr.w	lr, lr, r9, lsl #2
 800332c:	ea81 243e 	eor.w	r4, r1, lr, ror #8
 8003330:	f640 710f 	movw	r1, #3855	@ 0xf0f
 8003334:	f6c0 710f 	movt	r1, #3855	@ 0xf0f
 8003338:	ea0c 159b 	and.w	r5, ip, fp, lsr #6
 800333c:	ea2b 09bc 	bic.w	r9, fp, ip, ror #2
 8003340:	ea45 0589 	orr.w	r5, r5, r9, lsl #2
 8003344:	ea8b 2a35 	eor.w	sl, fp, r5, ror #8
 8003348:	ea01 1b1a 	and.w	fp, r1, sl, lsr #4
 800334c:	ea2a 1931 	bic.w	r9, sl, r1, ror #4
 8003350:	ea4b 1b09 	orr.w	fp, fp, r9, lsl #4
 8003354:	ea84 4b3b 	eor.w	fp, r4, fp, ror #16
 8003358:	ea8b 2b35 	eor.w	fp, fp, r5, ror #8
 800335c:	ea0c 1592 	and.w	r5, ip, r2, lsr #6
 8003360:	ea22 09bc 	bic.w	r9, r2, ip, ror #2
 8003364:	ea45 0589 	orr.w	r5, r5, r9, lsl #2
 8003368:	ea82 2235 	eor.w	r2, r2, r5, ror #8
 800336c:	ea8a 2a35 	eor.w	sl, sl, r5, ror #8
 8003370:	ea01 1512 	and.w	r5, r1, r2, lsr #4
 8003374:	ea22 1931 	bic.w	r9, r2, r1, ror #4
 8003378:	ea45 1509 	orr.w	r5, r5, r9, lsl #4
 800337c:	ea8a 4a35 	eor.w	sl, sl, r5, ror #16
 8003380:	ea8a 0a04 	eor.w	sl, sl, r4
 8003384:	ea0c 1590 	and.w	r5, ip, r0, lsr #6
 8003388:	ea20 09bc 	bic.w	r9, r0, ip, ror #2
 800338c:	ea45 0589 	orr.w	r5, r5, r9, lsl #2
 8003390:	ea80 2035 	eor.w	r0, r0, r5, ror #8
 8003394:	ea82 2935 	eor.w	r9, r2, r5, ror #8
 8003398:	ea01 1510 	and.w	r5, r1, r0, lsr #4
 800339c:	ea20 1231 	bic.w	r2, r0, r1, ror #4
 80033a0:	ea45 1502 	orr.w	r5, r5, r2, lsl #4
 80033a4:	ea89 4935 	eor.w	r9, r9, r5, ror #16
 80033a8:	ea0c 1598 	and.w	r5, ip, r8, lsr #6
 80033ac:	ea28 02bc 	bic.w	r2, r8, ip, ror #2
 80033b0:	ea45 0582 	orr.w	r5, r5, r2, lsl #2
 80033b4:	ea88 2235 	eor.w	r2, r8, r5, ror #8
 80033b8:	ea80 2835 	eor.w	r8, r0, r5, ror #8
 80033bc:	ea01 1512 	and.w	r5, r1, r2, lsr #4
 80033c0:	ea22 1031 	bic.w	r0, r2, r1, ror #4
 80033c4:	ea45 1500 	orr.w	r5, r5, r0, lsl #4
 80033c8:	ea88 4835 	eor.w	r8, r8, r5, ror #16
 80033cc:	ea88 0804 	eor.w	r8, r8, r4
 80033d0:	ea0c 1597 	and.w	r5, ip, r7, lsr #6
 80033d4:	ea27 00bc 	bic.w	r0, r7, ip, ror #2
 80033d8:	ea45 0580 	orr.w	r5, r5, r0, lsl #2
 80033dc:	ea87 2035 	eor.w	r0, r7, r5, ror #8
 80033e0:	ea82 2735 	eor.w	r7, r2, r5, ror #8
 80033e4:	ea01 1510 	and.w	r5, r1, r0, lsr #4
 80033e8:	ea20 1231 	bic.w	r2, r0, r1, ror #4
 80033ec:	ea45 1502 	orr.w	r5, r5, r2, lsl #4
 80033f0:	ea87 4735 	eor.w	r7, r7, r5, ror #16
 80033f4:	ea87 0704 	eor.w	r7, r7, r4
 80033f8:	ea0c 1596 	and.w	r5, ip, r6, lsr #6
 80033fc:	ea26 02bc 	bic.w	r2, r6, ip, ror #2
 8003400:	ea45 0582 	orr.w	r5, r5, r2, lsl #2
 8003404:	ea86 2235 	eor.w	r2, r6, r5, ror #8
 8003408:	ea80 2635 	eor.w	r6, r0, r5, ror #8
 800340c:	ea01 1512 	and.w	r5, r1, r2, lsr #4
 8003410:	ea22 1031 	bic.w	r0, r2, r1, ror #4
 8003414:	ea45 1500 	orr.w	r5, r5, r0, lsl #4
 8003418:	ea86 4635 	eor.w	r6, r6, r5, ror #16
 800341c:	ea0c 1593 	and.w	r5, ip, r3, lsr #6
 8003420:	ea23 00bc 	bic.w	r0, r3, ip, ror #2
 8003424:	ea45 0580 	orr.w	r5, r5, r0, lsl #2
 8003428:	ea83 2035 	eor.w	r0, r3, r5, ror #8
 800342c:	ea82 2335 	eor.w	r3, r2, r5, ror #8
 8003430:	ea01 1510 	and.w	r5, r1, r0, lsr #4
 8003434:	ea20 1231 	bic.w	r2, r0, r1, ror #4
 8003438:	ea45 1502 	orr.w	r5, r5, r2, lsl #4
 800343c:	ea83 4535 	eor.w	r5, r3, r5, ror #16
 8003440:	ea80 2e3e 	eor.w	lr, r0, lr, ror #8
 8003444:	ea01 1014 	and.w	r0, r1, r4, lsr #4
 8003448:	ea24 1231 	bic.w	r2, r4, r1, ror #4
 800344c:	ea40 1002 	orr.w	r0, r0, r2, lsl #4
 8003450:	ea8e 4430 	eor.w	r4, lr, r0, ror #16
 8003454:	f8dd e034 	ldr.w	lr, [sp, #52]	@ 0x34
 8003458:	4770      	bx	lr
 800345a:	bf00      	nop

0800345c <mixcolumns_1>:
 800345c:	f8cd e034 	str.w	lr, [sp, #52]	@ 0x34
 8003460:	f640 7e0f 	movw	lr, #3855	@ 0xf0f
 8003464:	f6c0 7e0f 	movt	lr, #3855	@ 0xf0f
 8003468:	ea0e 1511 	and.w	r5, lr, r1, lsr #4
 800346c:	ea0e 0901 	and.w	r9, lr, r1
 8003470:	ea45 1509 	orr.w	r5, r5, r9, lsl #4
 8003474:	ea81 2435 	eor.w	r4, r1, r5, ror #8
 8003478:	ea4f 2135 	mov.w	r1, r5, ror #8
 800347c:	ea0e 151b 	and.w	r5, lr, fp, lsr #4
 8003480:	ea0e 090b 	and.w	r9, lr, fp
 8003484:	ea45 1509 	orr.w	r5, r5, r9, lsl #4
 8003488:	ea8b 2c35 	eor.w	ip, fp, r5, ror #8
 800348c:	ea84 0a0c 	eor.w	sl, r4, ip
 8003490:	ea8b 0b0a 	eor.w	fp, fp, sl
 8003494:	ea8b 4b3c 	eor.w	fp, fp, ip, ror #16
 8003498:	ea0e 1512 	and.w	r5, lr, r2, lsr #4
 800349c:	ea0e 0902 	and.w	r9, lr, r2
 80034a0:	ea45 1509 	orr.w	r5, r5, r9, lsl #4
 80034a4:	ea8a 2a35 	eor.w	sl, sl, r5, ror #8
 80034a8:	ea82 2c35 	eor.w	ip, r2, r5, ror #8
 80034ac:	ea8a 4a3c 	eor.w	sl, sl, ip, ror #16
 80034b0:	ea0e 1510 	and.w	r5, lr, r0, lsr #4
 80034b4:	ea0e 0900 	and.w	r9, lr, r0
 80034b8:	ea45 1509 	orr.w	r5, r5, r9, lsl #4
 80034bc:	ea8c 2935 	eor.w	r9, ip, r5, ror #8
 80034c0:	ea80 2c35 	eor.w	ip, r0, r5, ror #8
 80034c4:	ea89 493c 	eor.w	r9, r9, ip, ror #16
 80034c8:	ea84 000c 	eor.w	r0, r4, ip
 80034cc:	ea0e 1518 	and.w	r5, lr, r8, lsr #4
 80034d0:	ea0e 0208 	and.w	r2, lr, r8
 80034d4:	ea45 1202 	orr.w	r2, r5, r2, lsl #4
 80034d8:	ea80 2032 	eor.w	r0, r0, r2, ror #8
 80034dc:	ea88 2232 	eor.w	r2, r8, r2, ror #8
 80034e0:	ea80 4832 	eor.w	r8, r0, r2, ror #16
 80034e4:	ea82 0204 	eor.w	r2, r2, r4
 80034e8:	ea0e 1517 	and.w	r5, lr, r7, lsr #4
 80034ec:	ea0e 0007 	and.w	r0, lr, r7
 80034f0:	ea45 1000 	orr.w	r0, r5, r0, lsl #4
 80034f4:	ea82 2230 	eor.w	r2, r2, r0, ror #8
 80034f8:	ea87 2030 	eor.w	r0, r7, r0, ror #8
 80034fc:	ea82 4730 	eor.w	r7, r2, r0, ror #16
 8003500:	ea0e 1516 	and.w	r5, lr, r6, lsr #4
 8003504:	ea0e 0206 	and.w	r2, lr, r6
 8003508:	ea45 1202 	orr.w	r2, r5, r2, lsl #4
 800350c:	ea80 2032 	eor.w	r0, r0, r2, ror #8
 8003510:	ea86 2232 	eor.w	r2, r6, r2, ror #8
 8003514:	ea80 4632 	eor.w	r6, r0, r2, ror #16
 8003518:	ea0e 1513 	and.w	r5, lr, r3, lsr #4
 800351c:	ea0e 0003 	and.w	r0, lr, r3
 8003520:	ea45 1000 	orr.w	r0, r5, r0, lsl #4
 8003524:	f8dd e034 	ldr.w	lr, [sp, #52]	@ 0x34
 8003528:	ea82 2230 	eor.w	r2, r2, r0, ror #8
 800352c:	ea83 2030 	eor.w	r0, r3, r0, ror #8
 8003530:	ea82 4530 	eor.w	r5, r2, r0, ror #16
 8003534:	ea80 0101 	eor.w	r1, r0, r1
 8003538:	ea81 4434 	eor.w	r4, r1, r4, ror #16
 800353c:	4770      	bx	lr
 800353e:	bf00      	nop

08003540 <mixcolumns_2>:
 8003540:	f8cd e034 	str.w	lr, [sp, #52]	@ 0x34
 8003544:	f643 7c3f 	movw	ip, #16191	@ 0x3f3f
 8003548:	f6c3 7c3f 	movt	ip, #16191	@ 0x3f3f
 800354c:	ea0c 0e91 	and.w	lr, ip, r1, lsr #2
 8003550:	ea21 19bc 	bic.w	r9, r1, ip, ror #6
 8003554:	ea4e 1e89 	orr.w	lr, lr, r9, lsl #6
 8003558:	ea81 243e 	eor.w	r4, r1, lr, ror #8
 800355c:	f640 710f 	movw	r1, #3855	@ 0xf0f
 8003560:	f6c0 710f 	movt	r1, #3855	@ 0xf0f
 8003564:	ea0c 059b 	and.w	r5, ip, fp, lsr #2
 8003568:	ea2b 19bc 	bic.w	r9, fp, ip, ror #6
 800356c:	ea45 1589 	orr.w	r5, r5, r9, lsl #6
 8003570:	ea8b 2a35 	eor.w	sl, fp, r5, ror #8
 8003574:	ea01 1b1a 	and.w	fp, r1, sl, lsr #4
 8003578:	ea2a 1931 	bic.w	r9, sl, r1, ror #4
 800357c:	ea4b 1b09 	orr.w	fp, fp, r9, lsl #4
 8003580:	ea84 4b3b 	eor.w	fp, r4, fp, ror #16
 8003584:	ea8b 2b35 	eor.w	fp, fp, r5, ror #8
 8003588:	ea0c 0592 	and.w	r5, ip, r2, lsr #2
 800358c:	ea22 19bc 	bic.w	r9, r2, ip, ror #6
 8003590:	ea45 1589 	orr.w	r5, r5, r9, lsl #6
 8003594:	ea82 2235 	eor.w	r2, r2, r5, ror #8
 8003598:	ea8a 2a35 	eor.w	sl, sl, r5, ror #8
 800359c:	ea01 1512 	and.w	r5, r1, r2, lsr #4
 80035a0:	ea22 1931 	bic.w	r9, r2, r1, ror #4
 80035a4:	ea45 1509 	orr.w	r5, r5, r9, lsl #4
 80035a8:	ea8a 4a35 	eor.w	sl, sl, r5, ror #16
 80035ac:	ea8a 0a04 	eor.w	sl, sl, r4
 80035b0:	ea0c 0590 	and.w	r5, ip, r0, lsr #2
 80035b4:	ea20 19bc 	bic.w	r9, r0, ip, ror #6
 80035b8:	ea45 1589 	orr.w	r5, r5, r9, lsl #6
 80035bc:	ea80 2035 	eor.w	r0, r0, r5, ror #8
 80035c0:	ea82 2935 	eor.w	r9, r2, r5, ror #8
 80035c4:	ea01 1510 	and.w	r5, r1, r0, lsr #4
 80035c8:	ea20 1231 	bic.w	r2, r0, r1, ror #4
 80035cc:	ea45 1502 	orr.w	r5, r5, r2, lsl #4
 80035d0:	ea89 4935 	eor.w	r9, r9, r5, ror #16
 80035d4:	ea0c 0598 	and.w	r5, ip, r8, lsr #2
 80035d8:	ea28 12bc 	bic.w	r2, r8, ip, ror #6
 80035dc:	ea45 1582 	orr.w	r5, r5, r2, lsl #6
 80035e0:	ea88 2235 	eor.w	r2, r8, r5, ror #8
 80035e4:	ea80 2835 	eor.w	r8, r0, r5, ror #8
 80035e8:	ea01 1512 	and.w	r5, r1, r2, lsr #4
 80035ec:	ea22 1031 	bic.w	r0, r2, r1, ror #4
 80035f0:	ea45 1500 	orr.w	r5, r5, r0, lsl #4
 80035f4:	ea88 4835 	eor.w	r8, r8, r5, ror #16
 80035f8:	ea88 0804 	eor.w	r8, r8, r4
 80035fc:	ea0c 0597 	and.w	r5, ip, r7, lsr #2
 8003600:	ea27 10bc 	bic.w	r0, r7, ip, ror #6
 8003604:	ea45 1580 	orr.w	r5, r5, r0, lsl #6
 8003608:	ea87 2035 	eor.w	r0, r7, r5, ror #8
 800360c:	ea82 2735 	eor.w	r7, r2, r5, ror #8
 8003610:	ea01 1510 	and.w	r5, r1, r0, lsr #4
 8003614:	ea20 1231 	bic.w	r2, r0, r1, ror #4
 8003618:	ea45 1502 	orr.w	r5, r5, r2, lsl #4
 800361c:	ea87 4735 	eor.w	r7, r7, r5, ror #16
 8003620:	ea87 0704 	eor.w	r7, r7, r4
 8003624:	ea0c 0596 	and.w	r5, ip, r6, lsr #2
 8003628:	ea26 12bc 	bic.w	r2, r6, ip, ror #6
 800362c:	ea45 1582 	orr.w	r5, r5, r2, lsl #6
 8003630:	ea86 2235 	eor.w	r2, r6, r5, ror #8
 8003634:	ea80 2635 	eor.w	r6, r0, r5, ror #8
 8003638:	ea01 1512 	and.w	r5, r1, r2, lsr #4
 800363c:	ea22 1031 	bic.w	r0, r2, r1, ror #4
 8003640:	ea45 1500 	orr.w	r5, r5, r0, lsl #4
 8003644:	ea86 4635 	eor.w	r6, r6, r5, ror #16
 8003648:	ea0c 0593 	and.w	r5, ip, r3, lsr #2
 800364c:	ea23 10bc 	bic.w	r0, r3, ip, ror #6
 8003650:	ea45 1580 	orr.w	r5, r5, r0, lsl #6
 8003654:	ea83 2035 	eor.w	r0, r3, r5, ror #8
 8003658:	ea82 2335 	eor.w	r3, r2, r5, ror #8
 800365c:	ea01 1510 	and.w	r5, r1, r0, lsr #4
 8003660:	ea20 1231 	bic.w	r2, r0, r1, ror #4
 8003664:	ea45 1502 	orr.w	r5, r5, r2, lsl #4
 8003668:	ea83 4535 	eor.w	r5, r3, r5, ror #16
 800366c:	ea80 2e3e 	eor.w	lr, r0, lr, ror #8
 8003670:	ea01 1014 	and.w	r0, r1, r4, lsr #4
 8003674:	ea24 1231 	bic.w	r2, r4, r1, ror #4
 8003678:	ea40 1002 	orr.w	r0, r0, r2, lsl #4
 800367c:	ea8e 4430 	eor.w	r4, lr, r0, ror #16
 8003680:	f8dd e034 	ldr.w	lr, [sp, #52]	@ 0x34
 8003684:	4770      	bx	lr
 8003686:	bf00      	nop

08003688 <mixcolumns_3>:
 8003688:	ea8b 2c3b 	eor.w	ip, fp, fp, ror #8
 800368c:	ea81 2431 	eor.w	r4, r1, r1, ror #8
 8003690:	ea84 2b3b 	eor.w	fp, r4, fp, ror #8
 8003694:	ea8b 4b3c 	eor.w	fp, fp, ip, ror #16
 8003698:	ea8c 2a32 	eor.w	sl, ip, r2, ror #8
 800369c:	ea82 2c32 	eor.w	ip, r2, r2, ror #8
 80036a0:	ea8a 4a3c 	eor.w	sl, sl, ip, ror #16
 80036a4:	ea8a 0a04 	eor.w	sl, sl, r4
 80036a8:	ea8c 2930 	eor.w	r9, ip, r0, ror #8
 80036ac:	ea80 2c30 	eor.w	ip, r0, r0, ror #8
 80036b0:	ea89 493c 	eor.w	r9, r9, ip, ror #16
 80036b4:	ea88 2238 	eor.w	r2, r8, r8, ror #8
 80036b8:	ea8c 2838 	eor.w	r8, ip, r8, ror #8
 80036bc:	ea88 0804 	eor.w	r8, r8, r4
 80036c0:	ea88 4832 	eor.w	r8, r8, r2, ror #16
 80036c4:	ea87 2c37 	eor.w	ip, r7, r7, ror #8
 80036c8:	ea82 2737 	eor.w	r7, r2, r7, ror #8
 80036cc:	ea87 0704 	eor.w	r7, r7, r4
 80036d0:	ea87 473c 	eor.w	r7, r7, ip, ror #16
 80036d4:	ea86 2236 	eor.w	r2, r6, r6, ror #8
 80036d8:	ea8c 2636 	eor.w	r6, ip, r6, ror #8
 80036dc:	ea86 4632 	eor.w	r6, r6, r2, ror #16
 80036e0:	ea83 2c33 	eor.w	ip, r3, r3, ror #8
 80036e4:	ea82 2533 	eor.w	r5, r2, r3, ror #8
 80036e8:	ea85 453c 	eor.w	r5, r5, ip, ror #16
 80036ec:	ea8c 4434 	eor.w	r4, ip, r4, ror #16
 80036f0:	ea84 2431 	eor.w	r4, r4, r1, ror #8
 80036f4:	4770      	bx	lr
 80036f6:	bf00      	nop

080036f8 <double_shiftrows>:
 80036f8:	f640 7a00 	movw	sl, #3840	@ 0xf00
 80036fc:	f6c0 7a00 	movt	sl, #3840	@ 0xf00
 8003700:	ea80 1c10 	eor.w	ip, r0, r0, lsr #4
 8003704:	ea0c 0c0a 	and.w	ip, ip, sl
 8003708:	ea80 000c 	eor.w	r0, r0, ip
 800370c:	ea80 100c 	eor.w	r0, r0, ip, lsl #4
 8003710:	ea81 1c11 	eor.w	ip, r1, r1, lsr #4
 8003714:	ea0c 0c0a 	and.w	ip, ip, sl
 8003718:	ea81 010c 	eor.w	r1, r1, ip
 800371c:	ea81 110c 	eor.w	r1, r1, ip, lsl #4
 8003720:	ea82 1c12 	eor.w	ip, r2, r2, lsr #4
 8003724:	ea0c 0c0a 	and.w	ip, ip, sl
 8003728:	ea82 020c 	eor.w	r2, r2, ip
 800372c:	ea82 120c 	eor.w	r2, r2, ip, lsl #4
 8003730:	ea83 1c13 	eor.w	ip, r3, r3, lsr #4
 8003734:	ea0c 0c0a 	and.w	ip, ip, sl
 8003738:	ea83 030c 	eor.w	r3, r3, ip
 800373c:	ea83 130c 	eor.w	r3, r3, ip, lsl #4
 8003740:	ea86 1c16 	eor.w	ip, r6, r6, lsr #4
 8003744:	ea0c 0c0a 	and.w	ip, ip, sl
 8003748:	ea86 060c 	eor.w	r6, r6, ip
 800374c:	ea86 160c 	eor.w	r6, r6, ip, lsl #4
 8003750:	ea87 1c17 	eor.w	ip, r7, r7, lsr #4
 8003754:	ea0c 0c0a 	and.w	ip, ip, sl
 8003758:	ea87 070c 	eor.w	r7, r7, ip
 800375c:	ea87 170c 	eor.w	r7, r7, ip, lsl #4
 8003760:	ea88 1c18 	eor.w	ip, r8, r8, lsr #4
 8003764:	ea0c 0c0a 	and.w	ip, ip, sl
 8003768:	ea88 080c 	eor.w	r8, r8, ip
 800376c:	ea88 180c 	eor.w	r8, r8, ip, lsl #4
 8003770:	ea8b 1c1b 	eor.w	ip, fp, fp, lsr #4
 8003774:	ea0c 0c0a 	and.w	ip, ip, sl
 8003778:	ea8b 0b0c 	eor.w	fp, fp, ip
 800377c:	ea8b 1b0c 	eor.w	fp, fp, ip, lsl #4
 8003780:	4770      	bx	lr
 8003782:	bf00      	nop

08003784 <aes128_encrypt_ffs>:
 8003784:	e92d 5fff 	stmdb	sp!, {r0, r1, r2, r3, r4, r5, r6, r7, r8, r9, sl, fp, ip, lr}
 8003788:	f1ad 0d38 	sub.w	sp, sp, #56	@ 0x38
 800378c:	f8d2 4000 	ldr.w	r4, [r2]
 8003790:	6855      	ldr	r5, [r2, #4]
 8003792:	6896      	ldr	r6, [r2, #8]
 8003794:	68d7      	ldr	r7, [r2, #12]
 8003796:	f8d3 8000 	ldr.w	r8, [r3]
 800379a:	f8d3 9004 	ldr.w	r9, [r3, #4]
 800379e:	f8d3 a008 	ldr.w	sl, [r3, #8]
 80037a2:	f8d3 b00c 	ldr.w	fp, [r3, #12]
 80037a6:	f8dd 1070 	ldr.w	r1, [sp, #112]	@ 0x70
 80037aa:	f8cd 1030 	str.w	r1, [sp, #48]	@ 0x30
 80037ae:	f7ff fba7 	bl	8002f00 <packing>
 80037b2:	f7ff fc79 	bl	80030a8 <ark_sbox>
 80037b6:	f7ff fdad 	bl	8003314 <mixcolumns_0>
 80037ba:	f7ff fc75 	bl	80030a8 <ark_sbox>
 80037be:	f7ff fe4d 	bl	800345c <mixcolumns_1>
 80037c2:	f7ff fc71 	bl	80030a8 <ark_sbox>
 80037c6:	f7ff febb 	bl	8003540 <mixcolumns_2>
 80037ca:	f7ff fc6d 	bl	80030a8 <ark_sbox>
 80037ce:	f7ff ff5b 	bl	8003688 <mixcolumns_3>
 80037d2:	f7ff fc69 	bl	80030a8 <ark_sbox>
 80037d6:	f7ff fd9d 	bl	8003314 <mixcolumns_0>
 80037da:	f7ff fc65 	bl	80030a8 <ark_sbox>
 80037de:	f7ff fe3d 	bl	800345c <mixcolumns_1>
 80037e2:	f7ff fc61 	bl	80030a8 <ark_sbox>
 80037e6:	f7ff feab 	bl	8003540 <mixcolumns_2>
 80037ea:	f7ff fc5d 	bl	80030a8 <ark_sbox>
 80037ee:	f7ff ff4b 	bl	8003688 <mixcolumns_3>
 80037f2:	f7ff fc59 	bl	80030a8 <ark_sbox>
 80037f6:	f7ff fd8d 	bl	8003314 <mixcolumns_0>
 80037fa:	f7ff fc55 	bl	80030a8 <ark_sbox>
 80037fe:	f7ff ff7b 	bl	80036f8 <double_shiftrows>
 8003802:	f8dd e030 	ldr.w	lr, [sp, #48]	@ 0x30
 8003806:	e8be 1430 	ldmia.w	lr!, {r4, r5, sl, ip}
 800380a:	ea84 0401 	eor.w	r4, r4, r1
 800380e:	ea85 0503 	eor.w	r5, r5, r3
 8003812:	ea86 060a 	eor.w	r6, r6, sl
 8003816:	ea87 070c 	eor.w	r7, r7, ip
 800381a:	e8be 140a 	ldmia.w	lr!, {r1, r3, sl, ip}
 800381e:	ea88 0801 	eor.w	r8, r8, r1
 8003822:	ea80 0903 	eor.w	r9, r0, r3
 8003826:	ea8a 0a02 	eor.w	sl, sl, r2
 800382a:	ea8b 0b0c 	eor.w	fp, fp, ip
 800382e:	f7ff fbd1 	bl	8002fd4 <unpacking>
 8003832:	e9dd 010e 	ldrd	r0, r1, [sp, #56]	@ 0x38
 8003836:	f10d 0d40 	add.w	sp, sp, #64	@ 0x40
 800383a:	f8c0 4000 	str.w	r4, [r0]
 800383e:	6045      	str	r5, [r0, #4]
 8003840:	6086      	str	r6, [r0, #8]
 8003842:	60c7      	str	r7, [r0, #12]
 8003844:	f8c1 8000 	str.w	r8, [r1]
 8003848:	f8c1 9004 	str.w	r9, [r1, #4]
 800384c:	f8c1 a008 	str.w	sl, [r1, #8]
 8003850:	f8c1 b00c 	str.w	fp, [r1, #12]
 8003854:	e8bd 5ffc 	ldmia.w	sp!, {r2, r3, r4, r5, r6, r7, r8, r9, sl, fp, ip, lr}
 8003858:	4770      	bx	lr
 800385a:	bf00      	nop

0800385c <aes256_encrypt_ffs>:
 800385c:	e92d 5fff 	stmdb	sp!, {r0, r1, r2, r3, r4, r5, r6, r7, r8, r9, sl, fp, ip, lr}
 8003860:	f1ad 0d38 	sub.w	sp, sp, #56	@ 0x38
 8003864:	f8d2 4000 	ldr.w	r4, [r2]
 8003868:	6855      	ldr	r5, [r2, #4]
 800386a:	6896      	ldr	r6, [r2, #8]
 800386c:	68d7      	ldr	r7, [r2, #12]
 800386e:	f8d3 8000 	ldr.w	r8, [r3]
 8003872:	f8d3 9004 	ldr.w	r9, [r3, #4]
 8003876:	f8d3 a008 	ldr.w	sl, [r3, #8]
 800387a:	f8d3 b00c 	ldr.w	fp, [r3, #12]
 800387e:	f8dd 1070 	ldr.w	r1, [sp, #112]	@ 0x70
 8003882:	f8cd 1030 	str.w	r1, [sp, #48]	@ 0x30
 8003886:	f7ff fb3b 	bl	8002f00 <packing>
 800388a:	f7ff fc0d 	bl	80030a8 <ark_sbox>
 800388e:	f7ff fd41 	bl	8003314 <mixcolumns_0>
 8003892:	f7ff fc09 	bl	80030a8 <ark_sbox>
 8003896:	f7ff fde1 	bl	800345c <mixcolumns_1>
 800389a:	f7ff fc05 	bl	80030a8 <ark_sbox>
 800389e:	f7ff fe4f 	bl	8003540 <mixcolumns_2>
 80038a2:	f7ff fc01 	bl	80030a8 <ark_sbox>
 80038a6:	f7ff feef 	bl	8003688 <mixcolumns_3>
 80038aa:	f7ff fbfd 	bl	80030a8 <ark_sbox>
 80038ae:	f7ff fd31 	bl	8003314 <mixcolumns_0>
 80038b2:	f7ff fbf9 	bl	80030a8 <ark_sbox>
 80038b6:	f7ff fdd1 	bl	800345c <mixcolumns_1>
 80038ba:	f7ff fbf5 	bl	80030a8 <ark_sbox>
 80038be:	f7ff fe3f 	bl	8003540 <mixcolumns_2>
 80038c2:	f7ff fbf1 	bl	80030a8 <ark_sbox>
 80038c6:	f7ff fedf 	bl	8003688 <mixcolumns_3>
 80038ca:	f7ff fbed 	bl	80030a8 <ark_sbox>
 80038ce:	f7ff fd21 	bl	8003314 <mixcolumns_0>
 80038d2:	f7ff fbe9 	bl	80030a8 <ark_sbox>
 80038d6:	f7ff fdc1 	bl	800345c <mixcolumns_1>
 80038da:	f7ff fbe5 	bl	80030a8 <ark_sbox>
 80038de:	f7ff fe2f 	bl	8003540 <mixcolumns_2>
 80038e2:	f7ff fbe1 	bl	80030a8 <ark_sbox>
 80038e6:	f7ff fecf 	bl	8003688 <mixcolumns_3>
 80038ea:	f7ff fbdd 	bl	80030a8 <ark_sbox>
 80038ee:	f7ff fd11 	bl	8003314 <mixcolumns_0>
 80038f2:	f7ff fbd9 	bl	80030a8 <ark_sbox>
 80038f6:	f7ff feff 	bl	80036f8 <double_shiftrows>
 80038fa:	f8dd e030 	ldr.w	lr, [sp, #48]	@ 0x30
 80038fe:	e8be 1430 	ldmia.w	lr!, {r4, r5, sl, ip}
 8003902:	ea84 0401 	eor.w	r4, r4, r1
 8003906:	ea85 0503 	eor.w	r5, r5, r3
 800390a:	ea86 060a 	eor.w	r6, r6, sl
 800390e:	ea87 070c 	eor.w	r7, r7, ip
 8003912:	e8be 140a 	ldmia.w	lr!, {r1, r3, sl, ip}
 8003916:	ea88 0801 	eor.w	r8, r8, r1
 800391a:	ea80 0903 	eor.w	r9, r0, r3
 800391e:	ea8a 0a02 	eor.w	sl, sl, r2
 8003922:	ea8b 0b0c 	eor.w	fp, fp, ip
 8003926:	f7ff fb55 	bl	8002fd4 <unpacking>
 800392a:	e9dd 010e 	ldrd	r0, r1, [sp, #56]	@ 0x38
 800392e:	f10d 0d40 	add.w	sp, sp, #64	@ 0x40
 8003932:	f8c0 4000 	str.w	r4, [r0]
 8003936:	6045      	str	r5, [r0, #4]
 8003938:	6086      	str	r6, [r0, #8]
 800393a:	60c7      	str	r7, [r0, #12]
 800393c:	f8c1 8000 	str.w	r8, [r1]
 8003940:	f8c1 9004 	str.w	r9, [r1, #4]
 8003944:	f8c1 a008 	str.w	sl, [r1, #8]
 8003948:	f8c1 b00c 	str.w	fp, [r1, #12]
 800394c:	e8bd 5ffc 	ldmia.w	sp!, {r2, r3, r4, r5, r6, r7, r8, r9, sl, fp, ip, lr}
 8003950:	4770      	bx	lr
 8003952:	bf00      	nop

08003954 <packing>:
 8003954:	f640 730f 	movw	r3, #3855	@ 0xf0f
 8003958:	f6c0 730f 	movt	r3, #3855	@ 0xf0f
 800395c:	ea83 0283 	eor.w	r2, r3, r3, lsl #2
 8003960:	ea82 0142 	eor.w	r1, r2, r2, lsl #1
 8003964:	ea84 0c58 	eor.w	ip, r4, r8, lsr #1
 8003968:	ea0c 0c01 	and.w	ip, ip, r1
 800396c:	ea84 040c 	eor.w	r4, r4, ip
 8003970:	ea88 084c 	eor.w	r8, r8, ip, lsl #1
 8003974:	ea85 0c59 	eor.w	ip, r5, r9, lsr #1
 8003978:	ea0c 0c01 	and.w	ip, ip, r1
 800397c:	ea85 050c 	eor.w	r5, r5, ip
 8003980:	ea89 094c 	eor.w	r9, r9, ip, lsl #1
 8003984:	ea86 0c5a 	eor.w	ip, r6, sl, lsr #1
 8003988:	ea0c 0c01 	and.w	ip, ip, r1
 800398c:	ea86 060c 	eor.w	r6, r6, ip
 8003990:	ea8a 0a4c 	eor.w	sl, sl, ip, lsl #1
 8003994:	ea87 0c5b 	eor.w	ip, r7, fp, lsr #1
 8003998:	ea0c 0c01 	and.w	ip, ip, r1
 800399c:	ea87 070c 	eor.w	r7, r7, ip
 80039a0:	ea8b 0b4c 	eor.w	fp, fp, ip, lsl #1
 80039a4:	ea84 0c95 	eor.w	ip, r4, r5, lsr #2
 80039a8:	ea0c 0c02 	and.w	ip, ip, r2
 80039ac:	ea84 040c 	eor.w	r4, r4, ip
 80039b0:	ea85 008c 	eor.w	r0, r5, ip, lsl #2
 80039b4:	ea88 0c99 	eor.w	ip, r8, r9, lsr #2
 80039b8:	ea0c 0c02 	and.w	ip, ip, r2
 80039bc:	ea88 050c 	eor.w	r5, r8, ip
 80039c0:	ea89 098c 	eor.w	r9, r9, ip, lsl #2
 80039c4:	ea86 0c97 	eor.w	ip, r6, r7, lsr #2
 80039c8:	ea0c 0c02 	and.w	ip, ip, r2
 80039cc:	ea86 080c 	eor.w	r8, r6, ip
 80039d0:	ea87 078c 	eor.w	r7, r7, ip, lsl #2
 80039d4:	ea8a 0c9b 	eor.w	ip, sl, fp, lsr #2
 80039d8:	ea0c 0c02 	and.w	ip, ip, r2
 80039dc:	ea8a 020c 	eor.w	r2, sl, ip
 80039e0:	ea8b 0b8c 	eor.w	fp, fp, ip, lsl #2
 80039e4:	ea84 1c18 	eor.w	ip, r4, r8, lsr #4
 80039e8:	ea0c 0c03 	and.w	ip, ip, r3
 80039ec:	ea84 040c 	eor.w	r4, r4, ip
 80039f0:	ea88 180c 	eor.w	r8, r8, ip, lsl #4
 80039f4:	ea80 1c17 	eor.w	ip, r0, r7, lsr #4
 80039f8:	ea0c 0c03 	and.w	ip, ip, r3
 80039fc:	ea80 060c 	eor.w	r6, r0, ip
 8003a00:	ea87 1a0c 	eor.w	sl, r7, ip, lsl #4
 8003a04:	ea89 1c1b 	eor.w	ip, r9, fp, lsr #4
 8003a08:	ea0c 0c03 	and.w	ip, ip, r3
 8003a0c:	ea89 070c 	eor.w	r7, r9, ip
 8003a10:	ea8b 1b0c 	eor.w	fp, fp, ip, lsl #4
 8003a14:	ea85 1c12 	eor.w	ip, r5, r2, lsr #4
 8003a18:	ea0c 0c03 	and.w	ip, ip, r3
 8003a1c:	ea85 050c 	eor.w	r5, r5, ip
 8003a20:	ea82 190c 	eor.w	r9, r2, ip, lsl #4
 8003a24:	4770      	bx	lr
 8003a26:	bf00      	nop

08003a28 <sbox>:
 8003a28:	f8cd e034 	str.w	lr, [sp, #52]	@ 0x34
 8003a2c:	ea87 0109 	eor.w	r1, r7, r9
 8003a30:	ea84 030a 	eor.w	r3, r4, sl
 8003a34:	ea83 0201 	eor.w	r2, r3, r1
 8003a38:	ea88 0002 	eor.w	r0, r8, r2
 8003a3c:	ea80 0e09 	eor.w	lr, r0, r9
 8003a40:	ea02 0c0e 	and.w	ip, r2, lr
 8003a44:	ea8e 080b 	eor.w	r8, lr, fp
 8003a48:	ea80 0005 	eor.w	r0, r0, r5
 8003a4c:	f8cd 202c 	str.w	r2, [sp, #44]	@ 0x2c
 8003a50:	ea84 0207 	eor.w	r2, r4, r7
 8003a54:	900a      	str	r0, [sp, #40]	@ 0x28
 8003a56:	ea80 0002 	eor.w	r0, r0, r2
 8003a5a:	9209      	str	r2, [sp, #36]	@ 0x24
 8003a5c:	ea02 0200 	and.w	r2, r2, r0
 8003a60:	f8cd 8020 	str.w	r8, [sp, #32]
 8003a64:	ea8b 0800 	eor.w	r8, fp, r0
 8003a68:	ea84 0909 	eor.w	r9, r4, r9
 8003a6c:	ea85 0606 	eor.w	r6, r5, r6
 8003a70:	ea8e 0506 	eor.w	r5, lr, r6
 8003a74:	f8cd e01c 	str.w	lr, [sp, #28]
 8003a78:	ea85 0e00 	eor.w	lr, r5, r0
 8003a7c:	f8cd 1018 	str.w	r1, [sp, #24]
 8003a80:	ea01 010e 	and.w	r1, r1, lr
 8003a84:	ea81 0102 	eor.w	r1, r1, r2
 8003a88:	f8cd e014 	str.w	lr, [sp, #20]
 8003a8c:	ea85 0e09 	eor.w	lr, r5, r9
 8003a90:	f8cd 5010 	str.w	r5, [sp, #16]
 8003a94:	ea09 0505 	and.w	r5, r9, r5
 8003a98:	ea85 0202 	eor.w	r2, r5, r2
 8003a9c:	ea86 0500 	eor.w	r5, r6, r0
 8003aa0:	f8cd 000c 	str.w	r0, [sp, #12]
 8003aa4:	ea83 0005 	eor.w	r0, r3, r5
 8003aa8:	9302      	str	r3, [sp, #8]
 8003aaa:	ea03 0305 	and.w	r3, r3, r5
 8003aae:	9501      	str	r5, [sp, #4]
 8003ab0:	f8cd b000 	str.w	fp, [sp]
 8003ab4:	ea84 0505 	eor.w	r5, r4, r5
 8003ab8:	ea86 060b 	eor.w	r6, r6, fp
 8003abc:	ea86 0707 	eor.w	r7, r6, r7
 8003ac0:	ea07 0b0b 	and.w	fp, r7, fp
 8003ac4:	ea8b 0b0c 	eor.w	fp, fp, ip
 8003ac8:	ea8b 0b02 	eor.w	fp, fp, r2
 8003acc:	ea8b 0e0e 	eor.w	lr, fp, lr
 8003ad0:	ea86 0404 	eor.w	r4, r6, r4
 8003ad4:	ea04 0b08 	and.w	fp, r4, r8
 8003ad8:	ea8b 0b03 	eor.w	fp, fp, r3
 8003adc:	ea8b 0202 	eor.w	r2, fp, r2
 8003ae0:	ea82 0205 	eor.w	r2, r2, r5
 8003ae4:	ea86 0a0a 	eor.w	sl, r6, sl
 8003ae8:	ea0a 0b06 	and.w	fp, sl, r6
 8003aec:	ea8b 0303 	eor.w	r3, fp, r3
 8003af0:	ea83 0301 	eor.w	r3, r3, r1
 8003af4:	ea83 0300 	eor.w	r3, r3, r0
 8003af8:	ea8a 0009 	eor.w	r0, sl, r9
 8003afc:	f8dd b020 	ldr.w	fp, [sp, #32]
 8003b00:	ea00 050b 	and.w	r5, r0, fp
 8003b04:	ea85 0c0c 	eor.w	ip, r5, ip
 8003b08:	9d0a      	ldr	r5, [sp, #40]	@ 0x28
 8003b0a:	9708      	str	r7, [sp, #32]
 8003b0c:	ea8c 0c05 	eor.w	ip, ip, r5
 8003b10:	ea8c 0101 	eor.w	r1, ip, r1
 8003b14:	ea01 0c03 	and.w	ip, r1, r3
 8003b18:	ea82 050c 	eor.w	r5, r2, ip
 8003b1c:	ea8e 0c0c 	eor.w	ip, lr, ip
 8003b20:	ea81 010e 	eor.w	r1, r1, lr
 8003b24:	ea01 0705 	and.w	r7, r1, r5
 8003b28:	ea87 0e0e 	eor.w	lr, r7, lr
 8003b2c:	ea0e 0404 	and.w	r4, lr, r4
 8003b30:	ea0e 0808 	and.w	r8, lr, r8
 8003b34:	ea83 0702 	eor.w	r7, r3, r2
 8003b38:	ea0c 0c07 	and.w	ip, ip, r7
 8003b3c:	ea8c 0c02 	eor.w	ip, ip, r2
 8003b40:	ea85 070c 	eor.w	r7, r5, ip
 8003b44:	ea02 0207 	and.w	r2, r2, r7
 8003b48:	ea85 0502 	eor.w	r5, r5, r2
 8003b4c:	ea0e 0505 	and.w	r5, lr, r5
 8003b50:	ea81 0105 	eor.w	r1, r1, r5
 8003b54:	ea8e 0501 	eor.w	r5, lr, r1
 8003b58:	f8dd 7004 	ldr.w	r7, [sp, #4]
 8003b5c:	ea05 0707 	and.w	r7, r5, r7
 8003b60:	ea87 0808 	eor.w	r8, r7, r8
 8003b64:	f8cd 8028 	str.w	r8, [sp, #40]	@ 0x28
 8003b68:	f8dd 8008 	ldr.w	r8, [sp, #8]
 8003b6c:	ea05 0808 	and.w	r8, r5, r8
 8003b70:	ea01 0a0a 	and.w	sl, r1, sl
 8003b74:	ea01 0606 	and.w	r6, r1, r6
 8003b78:	ea87 0606 	eor.w	r6, r7, r6
 8003b7c:	ea83 030c 	eor.w	r3, r3, ip
 8003b80:	ea82 0303 	eor.w	r3, r2, r3
 8003b84:	ea81 0103 	eor.w	r1, r1, r3
 8003b88:	f8dd 5010 	ldr.w	r5, [sp, #16]
 8003b8c:	ea01 0205 	and.w	r2, r1, r5
 8003b90:	ea01 0909 	and.w	r9, r1, r9
 8003b94:	f8cd 9010 	str.w	r9, [sp, #16]
 8003b98:	ea8c 0503 	eor.w	r5, ip, r3
 8003b9c:	f8dd 901c 	ldr.w	r9, [sp, #28]
 8003ba0:	f8dd 702c 	ldr.w	r7, [sp, #44]	@ 0x2c
 8003ba4:	ea05 0909 	and.w	r9, r5, r9
 8003ba8:	ea05 0707 	and.w	r7, r5, r7
 8003bac:	ea03 0000 	and.w	r0, r3, r0
 8003bb0:	ea03 030b 	and.w	r3, r3, fp
 8003bb4:	ea83 0309 	eor.w	r3, r3, r9
 8003bb8:	ea86 0303 	eor.w	r3, r6, r3
 8003bbc:	f8dd b020 	ldr.w	fp, [sp, #32]
 8003bc0:	f8dd 5014 	ldr.w	r5, [sp, #20]
 8003bc4:	ea0c 0b0b 	and.w	fp, ip, fp
 8003bc8:	ea8e 0e0c 	eor.w	lr, lr, ip
 8003bcc:	ea8e 0101 	eor.w	r1, lr, r1
 8003bd0:	ea01 0505 	and.w	r5, r1, r5
 8003bd4:	ea85 0606 	eor.w	r6, r5, r6
 8003bd8:	9d06      	ldr	r5, [sp, #24]
 8003bda:	9408      	str	r4, [sp, #32]
 8003bdc:	ea01 0105 	and.w	r1, r1, r5
 8003be0:	9d03      	ldr	r5, [sp, #12]
 8003be2:	9c09      	ldr	r4, [sp, #36]	@ 0x24
 8003be4:	ea0e 0505 	and.w	r5, lr, r5
 8003be8:	ea85 0506 	eor.w	r5, r5, r6
 8003bec:	ea0e 0404 	and.w	r4, lr, r4
 8003bf0:	ea84 0e05 	eor.w	lr, r4, r5
 8003bf4:	ea84 0401 	eor.w	r4, r4, r1
 8003bf8:	ea80 0104 	eor.w	r1, r0, r4
 8003bfc:	ea81 000b 	eor.w	r0, r1, fp
 8003c00:	ea87 0701 	eor.w	r7, r7, r1
 8003c04:	ea87 0105 	eor.w	r1, r7, r5
 8003c08:	ea87 0703 	eor.w	r7, r7, r3
 8003c0c:	ea87 0305 	eor.w	r3, r7, r5
 8003c10:	ea8a 0b04 	eor.w	fp, sl, r4
 8003c14:	f8dd 4000 	ldr.w	r4, [sp]
 8003c18:	ea0c 0c04 	and.w	ip, ip, r4
 8003c1c:	ea89 090c 	eor.w	r9, r9, ip
 8003c20:	ea88 0c09 	eor.w	ip, r8, r9
 8003c24:	ea82 020c 	eor.w	r2, r2, ip
 8003c28:	ea86 0202 	eor.w	r2, r6, r2
 8003c2c:	f8dd 4020 	ldr.w	r4, [sp, #32]
 8003c30:	ea84 0c02 	eor.w	ip, r4, r2
 8003c34:	ea80 000c 	eor.w	r0, r0, ip
 8003c38:	ea8c 060e 	eor.w	r6, ip, lr
 8003c3c:	f8dd 4010 	ldr.w	r4, [sp, #16]
 8003c40:	f8dd c028 	ldr.w	ip, [sp, #40]	@ 0x28
 8003c44:	ea86 0604 	eor.w	r6, r6, r4
 8003c48:	ea89 0c0c 	eor.w	ip, r9, ip
 8003c4c:	ea8b 0e0c 	eor.w	lr, fp, ip
 8003c50:	ea82 020e 	eor.w	r2, r2, lr
 8003c54:	ea88 0b0e 	eor.w	fp, r8, lr
 8003c58:	f8dd e034 	ldr.w	lr, [sp, #52]	@ 0x34
 8003c5c:	ea8c 0807 	eor.w	r8, ip, r7
 8003c60:	4770      	bx	lr
 8003c62:	bf00      	nop

08003c64 <aes128_xorcolumns_rotword>:
 8003c64:	f8dd c038 	ldr.w	ip, [sp, #56]	@ 0x38
 8003c68:	f8dc 501c 	ldr.w	r5, [ip, #28]
 8003c6c:	f24c 04c0 	movw	r4, #49344	@ 0xc0c0
 8003c70:	f2cc 04c0 	movt	r4, #49344	@ 0xc0c0
 8003c74:	ea85 0bbb 	eor.w	fp, r5, fp, ror #2
 8003c78:	ea24 0b0b 	bic.w	fp, r4, fp
 8003c7c:	ea85 09bb 	eor.w	r9, r5, fp, ror #2
 8003c80:	ea09 09b4 	and.w	r9, r9, r4, ror #2
 8003c84:	ea4b 0b09 	orr.w	fp, fp, r9
 8003c88:	ea85 09bb 	eor.w	r9, r5, fp, ror #2
 8003c8c:	ea09 1934 	and.w	r9, r9, r4, ror #4
 8003c90:	ea4b 0b09 	orr.w	fp, fp, r9
 8003c94:	ea85 09bb 	eor.w	r9, r5, fp, ror #2
 8003c98:	ea09 19b4 	and.w	r9, r9, r4, ror #6
 8003c9c:	ea4b 0b09 	orr.w	fp, fp, r9
 8003ca0:	ea6f 0905 	mvn.w	r9, r5
 8003ca4:	f8dc 5018 	ldr.w	r5, [ip, #24]
 8003ca8:	f8cc 901c 	str.w	r9, [ip, #28]
 8003cac:	f8cc b03c 	str.w	fp, [ip, #60]	@ 0x3c
 8003cb0:	ea85 0ab2 	eor.w	sl, r5, r2, ror #2
 8003cb4:	ea24 0a0a 	bic.w	sl, r4, sl
 8003cb8:	ea85 09ba 	eor.w	r9, r5, sl, ror #2
 8003cbc:	ea09 09b4 	and.w	r9, r9, r4, ror #2
 8003cc0:	ea4a 0a09 	orr.w	sl, sl, r9
 8003cc4:	ea85 09ba 	eor.w	r9, r5, sl, ror #2
 8003cc8:	ea09 1934 	and.w	r9, r9, r4, ror #4
 8003ccc:	ea4a 0a09 	orr.w	sl, sl, r9
 8003cd0:	ea85 09ba 	eor.w	r9, r5, sl, ror #2
 8003cd4:	ea09 19b4 	and.w	r9, r9, r4, ror #6
 8003cd8:	ea4a 0a09 	orr.w	sl, sl, r9
 8003cdc:	ea6f 0905 	mvn.w	r9, r5
 8003ce0:	f8dc 2014 	ldr.w	r2, [ip, #20]
 8003ce4:	f8cc 9018 	str.w	r9, [ip, #24]
 8003ce8:	f8cc a038 	str.w	sl, [ip, #56]	@ 0x38
 8003cec:	ea82 09b0 	eor.w	r9, r2, r0, ror #2
 8003cf0:	ea04 0909 	and.w	r9, r4, r9
 8003cf4:	ea82 00b9 	eor.w	r0, r2, r9, ror #2
 8003cf8:	ea00 00b4 	and.w	r0, r0, r4, ror #2
 8003cfc:	ea49 0900 	orr.w	r9, r9, r0
 8003d00:	ea82 00b9 	eor.w	r0, r2, r9, ror #2
 8003d04:	ea00 1034 	and.w	r0, r0, r4, ror #4
 8003d08:	ea49 0900 	orr.w	r9, r9, r0
 8003d0c:	ea82 00b9 	eor.w	r0, r2, r9, ror #2
 8003d10:	ea00 10b4 	and.w	r0, r0, r4, ror #6
 8003d14:	ea49 0900 	orr.w	r9, r9, r0
 8003d18:	f8dc 2010 	ldr.w	r2, [ip, #16]
 8003d1c:	f8cc 9034 	str.w	r9, [ip, #52]	@ 0x34
 8003d20:	ea82 08b8 	eor.w	r8, r2, r8, ror #2
 8003d24:	ea04 0808 	and.w	r8, r4, r8
 8003d28:	ea82 00b8 	eor.w	r0, r2, r8, ror #2
 8003d2c:	ea00 00b4 	and.w	r0, r0, r4, ror #2
 8003d30:	ea48 0800 	orr.w	r8, r8, r0
 8003d34:	ea82 00b8 	eor.w	r0, r2, r8, ror #2
 8003d38:	ea00 1034 	and.w	r0, r0, r4, ror #4
 8003d3c:	ea48 0800 	orr.w	r8, r8, r0
 8003d40:	ea82 00b8 	eor.w	r0, r2, r8, ror #2
 8003d44:	ea00 10b4 	and.w	r0, r0, r4, ror #6
 8003d48:	ea48 0800 	orr.w	r8, r8, r0
 8003d4c:	f8dc 200c 	ldr.w	r2, [ip, #12]
 8003d50:	f8cc 8030 	str.w	r8, [ip, #48]	@ 0x30
 8003d54:	ea82 07b7 	eor.w	r7, r2, r7, ror #2
 8003d58:	ea04 0707 	and.w	r7, r4, r7
 8003d5c:	ea82 00b7 	eor.w	r0, r2, r7, ror #2
 8003d60:	ea00 00b4 	and.w	r0, r0, r4, ror #2
 8003d64:	ea47 0700 	orr.w	r7, r7, r0
 8003d68:	ea82 00b7 	eor.w	r0, r2, r7, ror #2
 8003d6c:	ea00 1034 	and.w	r0, r0, r4, ror #4
 8003d70:	ea47 0700 	orr.w	r7, r7, r0
 8003d74:	ea82 00b7 	eor.w	r0, r2, r7, ror #2
 8003d78:	ea00 10b4 	and.w	r0, r0, r4, ror #6
 8003d7c:	ea47 0700 	orr.w	r7, r7, r0
 8003d80:	f8dc 2008 	ldr.w	r2, [ip, #8]
 8003d84:	f8cc 702c 	str.w	r7, [ip, #44]	@ 0x2c
 8003d88:	ea82 06b6 	eor.w	r6, r2, r6, ror #2
 8003d8c:	ea24 0606 	bic.w	r6, r4, r6
 8003d90:	ea82 00b6 	eor.w	r0, r2, r6, ror #2
 8003d94:	ea00 00b4 	and.w	r0, r0, r4, ror #2
 8003d98:	ea46 0600 	orr.w	r6, r6, r0
 8003d9c:	ea82 00b6 	eor.w	r0, r2, r6, ror #2
 8003da0:	ea00 1034 	and.w	r0, r0, r4, ror #4
 8003da4:	ea46 0600 	orr.w	r6, r6, r0
 8003da8:	ea82 00b6 	eor.w	r0, r2, r6, ror #2
 8003dac:	ea00 10b4 	and.w	r0, r0, r4, ror #6
 8003db0:	ea46 0600 	orr.w	r6, r6, r0
 8003db4:	ea6f 0002 	mvn.w	r0, r2
 8003db8:	f8dc 2004 	ldr.w	r2, [ip, #4]
 8003dbc:	f8cc 0008 	str.w	r0, [ip, #8]
 8003dc0:	f8cc 6028 	str.w	r6, [ip, #40]	@ 0x28
 8003dc4:	ea82 05b3 	eor.w	r5, r2, r3, ror #2
 8003dc8:	ea24 0505 	bic.w	r5, r4, r5
 8003dcc:	ea82 00b5 	eor.w	r0, r2, r5, ror #2
 8003dd0:	ea00 00b4 	and.w	r0, r0, r4, ror #2
 8003dd4:	ea45 0500 	orr.w	r5, r5, r0
 8003dd8:	ea82 00b5 	eor.w	r0, r2, r5, ror #2
 8003ddc:	ea00 1034 	and.w	r0, r0, r4, ror #4
 8003de0:	ea45 0500 	orr.w	r5, r5, r0
 8003de4:	ea82 00b5 	eor.w	r0, r2, r5, ror #2
 8003de8:	ea00 10b4 	and.w	r0, r0, r4, ror #6
 8003dec:	ea45 0500 	orr.w	r5, r5, r0
 8003df0:	ea6f 0002 	mvn.w	r0, r2
 8003df4:	f85c 2b20 	ldr.w	r2, [ip], #32
 8003df8:	f84c 0c1c 	str.w	r0, [ip, #-28]
 8003dfc:	f8cc 5004 	str.w	r5, [ip, #4]
 8003e00:	ea82 03b1 	eor.w	r3, r2, r1, ror #2
 8003e04:	ea04 0303 	and.w	r3, r4, r3
 8003e08:	ea82 00b3 	eor.w	r0, r2, r3, ror #2
 8003e0c:	ea00 00b4 	and.w	r0, r0, r4, ror #2
 8003e10:	ea43 0300 	orr.w	r3, r3, r0
 8003e14:	ea82 00b3 	eor.w	r0, r2, r3, ror #2
 8003e18:	ea00 1034 	and.w	r0, r0, r4, ror #4
 8003e1c:	ea43 0300 	orr.w	r3, r3, r0
 8003e20:	ea82 00b3 	eor.w	r0, r2, r3, ror #2
 8003e24:	ea00 10b4 	and.w	r0, r0, r4, ror #6
 8003e28:	ea43 0400 	orr.w	r4, r3, r0
 8003e2c:	f8cc 4000 	str.w	r4, [ip]
 8003e30:	f8cd c038 	str.w	ip, [sp, #56]	@ 0x38
 8003e34:	4770      	bx	lr
 8003e36:	bf00      	nop

08003e38 <aes256_xorcolumns_rotword>:
 8003e38:	f8dd c038 	ldr.w	ip, [sp, #56]	@ 0x38
 8003e3c:	f8dc 501c 	ldr.w	r5, [ip, #28]
 8003e40:	f24c 04c0 	movw	r4, #49344	@ 0xc0c0
 8003e44:	f2cc 04c0 	movt	r4, #49344	@ 0xc0c0
 8003e48:	ea85 0bbb 	eor.w	fp, r5, fp, ror #2
 8003e4c:	ea24 0b0b 	bic.w	fp, r4, fp
 8003e50:	ea85 09bb 	eor.w	r9, r5, fp, ror #2
 8003e54:	ea09 09b4 	and.w	r9, r9, r4, ror #2
 8003e58:	ea4b 0b09 	orr.w	fp, fp, r9
 8003e5c:	ea85 09bb 	eor.w	r9, r5, fp, ror #2
 8003e60:	ea09 1934 	and.w	r9, r9, r4, ror #4
 8003e64:	ea4b 0b09 	orr.w	fp, fp, r9
 8003e68:	ea85 09bb 	eor.w	r9, r5, fp, ror #2
 8003e6c:	ea09 19b4 	and.w	r9, r9, r4, ror #6
 8003e70:	ea4b 0b09 	orr.w	fp, fp, r9
 8003e74:	ea6f 0905 	mvn.w	r9, r5
 8003e78:	f8dc 5018 	ldr.w	r5, [ip, #24]
 8003e7c:	f8cc 901c 	str.w	r9, [ip, #28]
 8003e80:	f8cc b05c 	str.w	fp, [ip, #92]	@ 0x5c
 8003e84:	ea85 0ab2 	eor.w	sl, r5, r2, ror #2
 8003e88:	ea24 0a0a 	bic.w	sl, r4, sl
 8003e8c:	ea85 09ba 	eor.w	r9, r5, sl, ror #2
 8003e90:	ea09 09b4 	and.w	r9, r9, r4, ror #2
 8003e94:	ea4a 0a09 	orr.w	sl, sl, r9
 8003e98:	ea85 09ba 	eor.w	r9, r5, sl, ror #2
 8003e9c:	ea09 1934 	and.w	r9, r9, r4, ror #4
 8003ea0:	ea4a 0a09 	orr.w	sl, sl, r9
 8003ea4:	ea85 09ba 	eor.w	r9, r5, sl, ror #2
 8003ea8:	ea09 19b4 	and.w	r9, r9, r4, ror #6
 8003eac:	ea4a 0a09 	orr.w	sl, sl, r9
 8003eb0:	ea6f 0905 	mvn.w	r9, r5
 8003eb4:	f8dc 2014 	ldr.w	r2, [ip, #20]
 8003eb8:	f8cc 9018 	str.w	r9, [ip, #24]
 8003ebc:	f8cc a058 	str.w	sl, [ip, #88]	@ 0x58
 8003ec0:	ea82 09b0 	eor.w	r9, r2, r0, ror #2
 8003ec4:	ea04 0909 	and.w	r9, r4, r9
 8003ec8:	ea82 00b9 	eor.w	r0, r2, r9, ror #2
 8003ecc:	ea00 00b4 	and.w	r0, r0, r4, ror #2
 8003ed0:	ea49 0900 	orr.w	r9, r9, r0
 8003ed4:	ea82 00b9 	eor.w	r0, r2, r9, ror #2
 8003ed8:	ea00 1034 	and.w	r0, r0, r4, ror #4
 8003edc:	ea49 0900 	orr.w	r9, r9, r0
 8003ee0:	ea82 00b9 	eor.w	r0, r2, r9, ror #2
 8003ee4:	ea00 10b4 	and.w	r0, r0, r4, ror #6
 8003ee8:	ea49 0900 	orr.w	r9, r9, r0
 8003eec:	f8dc 2010 	ldr.w	r2, [ip, #16]
 8003ef0:	f8cc 9054 	str.w	r9, [ip, #84]	@ 0x54
 8003ef4:	ea82 08b8 	eor.w	r8, r2, r8, ror #2
 8003ef8:	ea04 0808 	and.w	r8, r4, r8
 8003efc:	ea82 00b8 	eor.w	r0, r2, r8, ror #2
 8003f00:	ea00 00b4 	and.w	r0, r0, r4, ror #2
 8003f04:	ea48 0800 	orr.w	r8, r8, r0
 8003f08:	ea82 00b8 	eor.w	r0, r2, r8, ror #2
 8003f0c:	ea00 1034 	and.w	r0, r0, r4, ror #4
 8003f10:	ea48 0800 	orr.w	r8, r8, r0
 8003f14:	ea82 00b8 	eor.w	r0, r2, r8, ror #2
 8003f18:	ea00 10b4 	and.w	r0, r0, r4, ror #6
 8003f1c:	ea48 0800 	orr.w	r8, r8, r0
 8003f20:	f8dc 200c 	ldr.w	r2, [ip, #12]
 8003f24:	f8cc 8050 	str.w	r8, [ip, #80]	@ 0x50
 8003f28:	ea82 07b7 	eor.w	r7, r2, r7, ror #2
 8003f2c:	ea04 0707 	and.w	r7, r4, r7
 8003f30:	ea82 00b7 	eor.w	r0, r2, r7, ror #2
 8003f34:	ea00 00b4 	and.w	r0, r0, r4, ror #2
 8003f38:	ea47 0700 	orr.w	r7, r7, r0
 8003f3c:	ea82 00b7 	eor.w	r0, r2, r7, ror #2
 8003f40:	ea00 1034 	and.w	r0, r0, r4, ror #4
 8003f44:	ea47 0700 	orr.w	r7, r7, r0
 8003f48:	ea82 00b7 	eor.w	r0, r2, r7, ror #2
 8003f4c:	ea00 10b4 	and.w	r0, r0, r4, ror #6
 8003f50:	ea47 0700 	orr.w	r7, r7, r0
 8003f54:	f8dc 2008 	ldr.w	r2, [ip, #8]
 8003f58:	f8cc 704c 	str.w	r7, [ip, #76]	@ 0x4c
 8003f5c:	ea82 06b6 	eor.w	r6, r2, r6, ror #2
 8003f60:	ea24 0606 	bic.w	r6, r4, r6
 8003f64:	ea82 00b6 	eor.w	r0, r2, r6, ror #2
 8003f68:	ea00 00b4 	and.w	r0, r0, r4, ror #2
 8003f6c:	ea46 0600 	orr.w	r6, r6, r0
 8003f70:	ea82 00b6 	eor.w	r0, r2, r6, ror #2
 8003f74:	ea00 1034 	and.w	r0, r0, r4, ror #4
 8003f78:	ea46 0600 	orr.w	r6, r6, r0
 8003f7c:	ea82 00b6 	eor.w	r0, r2, r6, ror #2
 8003f80:	ea00 10b4 	and.w	r0, r0, r4, ror #6
 8003f84:	ea46 0600 	orr.w	r6, r6, r0
 8003f88:	ea6f 0002 	mvn.w	r0, r2
 8003f8c:	f8dc 2004 	ldr.w	r2, [ip, #4]
 8003f90:	f8cc 0008 	str.w	r0, [ip, #8]
 8003f94:	f8cc 6048 	str.w	r6, [ip, #72]	@ 0x48
 8003f98:	ea82 05b3 	eor.w	r5, r2, r3, ror #2
 8003f9c:	ea24 0505 	bic.w	r5, r4, r5
 8003fa0:	ea82 00b5 	eor.w	r0, r2, r5, ror #2
 8003fa4:	ea00 00b4 	and.w	r0, r0, r4, ror #2
 8003fa8:	ea45 0500 	orr.w	r5, r5, r0
 8003fac:	ea82 00b5 	eor.w	r0, r2, r5, ror #2
 8003fb0:	ea00 1034 	and.w	r0, r0, r4, ror #4
 8003fb4:	ea45 0500 	orr.w	r5, r5, r0
 8003fb8:	ea82 00b5 	eor.w	r0, r2, r5, ror #2
 8003fbc:	ea00 10b4 	and.w	r0, r0, r4, ror #6
 8003fc0:	ea45 0500 	orr.w	r5, r5, r0
 8003fc4:	ea6f 0002 	mvn.w	r0, r2
 8003fc8:	f85c 2b20 	ldr.w	r2, [ip], #32
 8003fcc:	f84c 0c1c 	str.w	r0, [ip, #-28]
 8003fd0:	f8cc 5024 	str.w	r5, [ip, #36]	@ 0x24
 8003fd4:	ea82 03b1 	eor.w	r3, r2, r1, ror #2
 8003fd8:	ea04 0303 	and.w	r3, r4, r3
 8003fdc:	ea82 00b3 	eor.w	r0, r2, r3, ror #2
 8003fe0:	ea00 00b4 	and.w	r0, r0, r4, ror #2
 8003fe4:	ea43 0300 	orr.w	r3, r3, r0
 8003fe8:	ea82 00b3 	eor.w	r0, r2, r3, ror #2
 8003fec:	ea00 1034 	and.w	r0, r0, r4, ror #4
 8003ff0:	ea43 0300 	orr.w	r3, r3, r0
 8003ff4:	ea82 00b3 	eor.w	r0, r2, r3, ror #2
 8003ff8:	ea00 10b4 	and.w	r0, r0, r4, ror #6
 8003ffc:	ea43 0400 	orr.w	r4, r3, r0
 8004000:	f8cc 4020 	str.w	r4, [ip, #32]
 8004004:	f8cd c038 	str.w	ip, [sp, #56]	@ 0x38
 8004008:	4770      	bx	lr
 800400a:	bf00      	nop

0800400c <aes256_xorcolumns>:
 800400c:	f8dd c038 	ldr.w	ip, [sp, #56]	@ 0x38
 8004010:	f8dc 501c 	ldr.w	r5, [ip, #28]
 8004014:	f24c 04c0 	movw	r4, #49344	@ 0xc0c0
 8004018:	f2cc 04c0 	movt	r4, #49344	@ 0xc0c0
 800401c:	ea85 6bbb 	eor.w	fp, r5, fp, ror #26
 8004020:	ea24 0b0b 	bic.w	fp, r4, fp
 8004024:	ea85 09bb 	eor.w	r9, r5, fp, ror #2
 8004028:	ea09 09b4 	and.w	r9, r9, r4, ror #2
 800402c:	ea4b 0b09 	orr.w	fp, fp, r9
 8004030:	ea85 09bb 	eor.w	r9, r5, fp, ror #2
 8004034:	ea09 1934 	and.w	r9, r9, r4, ror #4
 8004038:	ea4b 0b09 	orr.w	fp, fp, r9
 800403c:	ea85 09bb 	eor.w	r9, r5, fp, ror #2
 8004040:	ea09 19b4 	and.w	r9, r9, r4, ror #6
 8004044:	ea4b 0b09 	orr.w	fp, fp, r9
 8004048:	ea6f 0905 	mvn.w	r9, r5
 800404c:	f8dc 5018 	ldr.w	r5, [ip, #24]
 8004050:	f8cc 901c 	str.w	r9, [ip, #28]
 8004054:	f8cc b05c 	str.w	fp, [ip, #92]	@ 0x5c
 8004058:	ea85 6ab2 	eor.w	sl, r5, r2, ror #26
 800405c:	ea24 0a0a 	bic.w	sl, r4, sl
 8004060:	ea85 09ba 	eor.w	r9, r5, sl, ror #2
 8004064:	ea09 09b4 	and.w	r9, r9, r4, ror #2
 8004068:	ea4a 0a09 	orr.w	sl, sl, r9
 800406c:	ea85 09ba 	eor.w	r9, r5, sl, ror #2
 8004070:	ea09 1934 	and.w	r9, r9, r4, ror #4
 8004074:	ea4a 0a09 	orr.w	sl, sl, r9
 8004078:	ea85 09ba 	eor.w	r9, r5, sl, ror #2
 800407c:	ea09 19b4 	and.w	r9, r9, r4, ror #6
 8004080:	ea4a 0a09 	orr.w	sl, sl, r9
 8004084:	ea6f 0905 	mvn.w	r9, r5
 8004088:	f8dc 2014 	ldr.w	r2, [ip, #20]
 800408c:	f8cc 9018 	str.w	r9, [ip, #24]
 8004090:	f8cc a058 	str.w	sl, [ip, #88]	@ 0x58
 8004094:	ea82 69b0 	eor.w	r9, r2, r0, ror #26
 8004098:	ea04 0909 	and.w	r9, r4, r9
 800409c:	ea82 00b9 	eor.w	r0, r2, r9, ror #2
 80040a0:	ea00 00b4 	and.w	r0, r0, r4, ror #2
 80040a4:	ea49 0900 	orr.w	r9, r9, r0
 80040a8:	ea82 00b9 	eor.w	r0, r2, r9, ror #2
 80040ac:	ea00 1034 	and.w	r0, r0, r4, ror #4
 80040b0:	ea49 0900 	orr.w	r9, r9, r0
 80040b4:	ea82 00b9 	eor.w	r0, r2, r9, ror #2
 80040b8:	ea00 10b4 	and.w	r0, r0, r4, ror #6
 80040bc:	ea49 0900 	orr.w	r9, r9, r0
 80040c0:	f8dc 2010 	ldr.w	r2, [ip, #16]
 80040c4:	f8cc 9054 	str.w	r9, [ip, #84]	@ 0x54
 80040c8:	ea82 68b8 	eor.w	r8, r2, r8, ror #26
 80040cc:	ea04 0808 	and.w	r8, r4, r8
 80040d0:	ea82 00b8 	eor.w	r0, r2, r8, ror #2
 80040d4:	ea00 00b4 	and.w	r0, r0, r4, ror #2
 80040d8:	ea48 0800 	orr.w	r8, r8, r0
 80040dc:	ea82 00b8 	eor.w	r0, r2, r8, ror #2
 80040e0:	ea00 1034 	and.w	r0, r0, r4, ror #4
 80040e4:	ea48 0800 	orr.w	r8, r8, r0
 80040e8:	ea82 00b8 	eor.w	r0, r2, r8, ror #2
 80040ec:	ea00 10b4 	and.w	r0, r0, r4, ror #6
 80040f0:	ea48 0800 	orr.w	r8, r8, r0
 80040f4:	f8dc 200c 	ldr.w	r2, [ip, #12]
 80040f8:	f8cc 8050 	str.w	r8, [ip, #80]	@ 0x50
 80040fc:	ea82 67b7 	eor.w	r7, r2, r7, ror #26
 8004100:	ea04 0707 	and.w	r7, r4, r7
 8004104:	ea82 00b7 	eor.w	r0, r2, r7, ror #2
 8004108:	ea00 00b4 	and.w	r0, r0, r4, ror #2
 800410c:	ea47 0700 	orr.w	r7, r7, r0
 8004110:	ea82 00b7 	eor.w	r0, r2, r7, ror #2
 8004114:	ea00 1034 	and.w	r0, r0, r4, ror #4
 8004118:	ea47 0700 	orr.w	r7, r7, r0
 800411c:	ea82 00b7 	eor.w	r0, r2, r7, ror #2
 8004120:	ea00 10b4 	and.w	r0, r0, r4, ror #6
 8004124:	ea47 0700 	orr.w	r7, r7, r0
 8004128:	f8dc 2008 	ldr.w	r2, [ip, #8]
 800412c:	f8cc 704c 	str.w	r7, [ip, #76]	@ 0x4c
 8004130:	ea82 66b6 	eor.w	r6, r2, r6, ror #26
 8004134:	ea24 0606 	bic.w	r6, r4, r6
 8004138:	ea82 00b6 	eor.w	r0, r2, r6, ror #2
 800413c:	ea00 00b4 	and.w	r0, r0, r4, ror #2
 8004140:	ea46 0600 	orr.w	r6, r6, r0
 8004144:	ea82 00b6 	eor.w	r0, r2, r6, ror #2
 8004148:	ea00 1034 	and.w	r0, r0, r4, ror #4
 800414c:	ea46 0600 	orr.w	r6, r6, r0
 8004150:	ea82 00b6 	eor.w	r0, r2, r6, ror #2
 8004154:	ea00 10b4 	and.w	r0, r0, r4, ror #6
 8004158:	ea46 0600 	orr.w	r6, r6, r0
 800415c:	ea6f 0002 	mvn.w	r0, r2
 8004160:	f8dc 2004 	ldr.w	r2, [ip, #4]
 8004164:	f8cc 0008 	str.w	r0, [ip, #8]
 8004168:	f8cc 6048 	str.w	r6, [ip, #72]	@ 0x48
 800416c:	ea82 65b3 	eor.w	r5, r2, r3, ror #26
 8004170:	ea24 0505 	bic.w	r5, r4, r5
 8004174:	ea82 00b5 	eor.w	r0, r2, r5, ror #2
 8004178:	ea00 00b4 	and.w	r0, r0, r4, ror #2
 800417c:	ea45 0500 	orr.w	r5, r5, r0
 8004180:	ea82 00b5 	eor.w	r0, r2, r5, ror #2
 8004184:	ea00 1034 	and.w	r0, r0, r4, ror #4
 8004188:	ea45 0500 	orr.w	r5, r5, r0
 800418c:	ea82 00b5 	eor.w	r0, r2, r5, ror #2
 8004190:	ea00 10b4 	and.w	r0, r0, r4, ror #6
 8004194:	ea45 0500 	orr.w	r5, r5, r0
 8004198:	ea6f 0002 	mvn.w	r0, r2
 800419c:	f85c 2b20 	ldr.w	r2, [ip], #32
 80041a0:	f84c 0c1c 	str.w	r0, [ip, #-28]
 80041a4:	f8cc 5024 	str.w	r5, [ip, #36]	@ 0x24
 80041a8:	ea82 63b1 	eor.w	r3, r2, r1, ror #26
 80041ac:	ea04 0303 	and.w	r3, r4, r3
 80041b0:	ea82 00b3 	eor.w	r0, r2, r3, ror #2
 80041b4:	ea00 00b4 	and.w	r0, r0, r4, ror #2
 80041b8:	ea43 0300 	orr.w	r3, r3, r0
 80041bc:	ea82 00b3 	eor.w	r0, r2, r3, ror #2
 80041c0:	ea00 1034 	and.w	r0, r0, r4, ror #4
 80041c4:	ea43 0300 	orr.w	r3, r3, r0
 80041c8:	ea82 00b3 	eor.w	r0, r2, r3, ror #2
 80041cc:	ea00 10b4 	and.w	r0, r0, r4, ror #6
 80041d0:	ea43 0400 	orr.w	r4, r3, r0
 80041d4:	f8cc 4020 	str.w	r4, [ip, #32]
 80041d8:	f8cd c038 	str.w	ip, [sp, #56]	@ 0x38
 80041dc:	4770      	bx	lr
 80041de:	bf00      	nop

080041e0 <inv_shiftrows_1>:
 80041e0:	f85c 2d20 	ldr.w	r2, [ip, #-32]!
 80041e4:	f8cd e034 	str.w	lr, [sp, #52]	@ 0x34
 80041e8:	f240 0108 	movw	r1, #8
 80041ec:	f240 3e00 	movw	lr, #768	@ 0x300
 80041f0:	f6c0 4e0f 	movt	lr, #3087	@ 0xc0f

080041f4 <loop_inv_sr_1>:
 80041f4:	f243 3300 	movw	r3, #13056	@ 0x3300
 80041f8:	f2c3 3300 	movt	r3, #13056	@ 0x3300
 80041fc:	ea82 1012 	eor.w	r0, r2, r2, lsr #4
 8004200:	ea00 000e 	and.w	r0, r0, lr
 8004204:	ea82 0200 	eor.w	r2, r2, r0
 8004208:	ea82 1200 	eor.w	r2, r2, r0, lsl #4
 800420c:	ea82 0092 	eor.w	r0, r2, r2, lsr #2
 8004210:	ea00 0003 	and.w	r0, r0, r3
 8004214:	ea82 0200 	eor.w	r2, r2, r0
 8004218:	ea82 0380 	eor.w	r3, r2, r0, lsl #2
 800421c:	f85c 2f04 	ldr.w	r2, [ip, #4]!
 8004220:	f84c 3c04 	str.w	r3, [ip, #-4]
 8004224:	3901      	subs	r1, #1
 8004226:	d1e5      	bne.n	80041f4 <loop_inv_sr_1>
 8004228:	f8dd e034 	ldr.w	lr, [sp, #52]	@ 0x34
 800422c:	4770      	bx	lr
 800422e:	bf00      	nop

08004230 <inv_shiftrows_2>:
 8004230:	f85c 2d20 	ldr.w	r2, [ip, #-32]!
 8004234:	f8cd e034 	str.w	lr, [sp, #52]	@ 0x34
 8004238:	f240 0108 	movw	r1, #8
 800423c:	f640 7e00 	movw	lr, #3840	@ 0xf00
 8004240:	f6c0 7e00 	movt	lr, #3840	@ 0xf00

08004244 <loop_inv_sr_2>:
 8004244:	ea82 1012 	eor.w	r0, r2, r2, lsr #4
 8004248:	ea00 000e 	and.w	r0, r0, lr
 800424c:	ea82 0200 	eor.w	r2, r2, r0
 8004250:	ea82 1300 	eor.w	r3, r2, r0, lsl #4
 8004254:	f85c 2f04 	ldr.w	r2, [ip, #4]!
 8004258:	f84c 3c04 	str.w	r3, [ip, #-4]
 800425c:	3901      	subs	r1, #1
 800425e:	d1f1      	bne.n	8004244 <loop_inv_sr_2>
 8004260:	f8dd e034 	ldr.w	lr, [sp, #52]	@ 0x34
 8004264:	4770      	bx	lr
 8004266:	bf00      	nop

08004268 <inv_shiftrows_3>:
 8004268:	f85c 2d20 	ldr.w	r2, [ip, #-32]!
 800426c:	f8cd e034 	str.w	lr, [sp, #52]	@ 0x34
 8004270:	f240 0108 	movw	r1, #8
 8004274:	f640 4e00 	movw	lr, #3072	@ 0xc00
 8004278:	f2c0 3e0f 	movt	lr, #783	@ 0x30f

0800427c <loop_inv_sr_3>:
 800427c:	f243 3300 	movw	r3, #13056	@ 0x3300
 8004280:	f2c3 3300 	movt	r3, #13056	@ 0x3300
 8004284:	ea82 1012 	eor.w	r0, r2, r2, lsr #4
 8004288:	ea00 000e 	and.w	r0, r0, lr
 800428c:	ea82 0200 	eor.w	r2, r2, r0
 8004290:	ea82 1200 	eor.w	r2, r2, r0, lsl #4
 8004294:	ea82 0092 	eor.w	r0, r2, r2, lsr #2
 8004298:	ea00 0003 	and.w	r0, r0, r3
 800429c:	ea82 0200 	eor.w	r2, r2, r0
 80042a0:	ea82 0380 	eor.w	r3, r2, r0, lsl #2
 80042a4:	f85c 2f04 	ldr.w	r2, [ip, #4]!
 80042a8:	f84c 3c04 	str.w	r3, [ip, #-4]
 80042ac:	3901      	subs	r1, #1
 80042ae:	d1e5      	bne.n	800427c <loop_inv_sr_3>
 80042b0:	f8dd e034 	ldr.w	lr, [sp, #52]	@ 0x34
 80042b4:	4770      	bx	lr
 80042b6:	bf00      	nop

080042b8 <aes128_keyschedule_ffs>:
 80042b8:	e92d 5fff 	stmdb	sp!, {r0, r1, r2, r3, r4, r5, r6, r7, r8, r9, sl, fp, ip, lr}
 80042bc:	f1ad 0d38 	sub.w	sp, sp, #56	@ 0x38
 80042c0:	f8d1 4000 	ldr.w	r4, [r1]
 80042c4:	684d      	ldr	r5, [r1, #4]
 80042c6:	688e      	ldr	r6, [r1, #8]
 80042c8:	68cf      	ldr	r7, [r1, #12]
 80042ca:	f8d1 8000 	ldr.w	r8, [r1]
 80042ce:	f8d1 9004 	ldr.w	r9, [r1, #4]
 80042d2:	f8d1 a008 	ldr.w	sl, [r1, #8]
 80042d6:	f8d1 b00c 	ldr.w	fp, [r1, #12]
 80042da:	f7ff fb3b 	bl	8003954 <packing>
 80042de:	f8dd 0038 	ldr.w	r0, [sp, #56]	@ 0x38
 80042e2:	e880 0ff0 	stmia.w	r0, {r4, r5, r6, r7, r8, r9, sl, fp}
 80042e6:	f7ff fb9f 	bl	8003a28 <sbox>
 80042ea:	f48b 7b40 	eor.w	fp, fp, #768	@ 0x300
 80042ee:	f7ff fcb9 	bl	8003c64 <aes128_xorcolumns_rotword>
 80042f2:	f7ff fb99 	bl	8003a28 <sbox>
 80042f6:	f482 7240 	eor.w	r2, r2, #768	@ 0x300
 80042fa:	f7ff fcb3 	bl	8003c64 <aes128_xorcolumns_rotword>
 80042fe:	f7ff ff6f 	bl	80041e0 <inv_shiftrows_1>
 8004302:	f7ff fb91 	bl	8003a28 <sbox>
 8004306:	f480 7040 	eor.w	r0, r0, #768	@ 0x300
 800430a:	f7ff fcab 	bl	8003c64 <aes128_xorcolumns_rotword>
 800430e:	f7ff ff8f 	bl	8004230 <inv_shiftrows_2>
 8004312:	f7ff fb89 	bl	8003a28 <sbox>
 8004316:	f488 7840 	eor.w	r8, r8, #768	@ 0x300
 800431a:	f7ff fca3 	bl	8003c64 <aes128_xorcolumns_rotword>
 800431e:	f7ff ffa3 	bl	8004268 <inv_shiftrows_3>
 8004322:	f7ff fb81 	bl	8003a28 <sbox>
 8004326:	f487 7740 	eor.w	r7, r7, #768	@ 0x300
 800432a:	f7ff fc9b 	bl	8003c64 <aes128_xorcolumns_rotword>
 800432e:	f7ff fb7b 	bl	8003a28 <sbox>
 8004332:	f486 7640 	eor.w	r6, r6, #768	@ 0x300
 8004336:	f7ff fc95 	bl	8003c64 <aes128_xorcolumns_rotword>
 800433a:	f7ff ff51 	bl	80041e0 <inv_shiftrows_1>
 800433e:	f7ff fb73 	bl	8003a28 <sbox>
 8004342:	f483 7340 	eor.w	r3, r3, #768	@ 0x300
 8004346:	f7ff fc8d 	bl	8003c64 <aes128_xorcolumns_rotword>
 800434a:	f7ff ff71 	bl	8004230 <inv_shiftrows_2>
 800434e:	f7ff fb6b 	bl	8003a28 <sbox>
 8004352:	f481 7140 	eor.w	r1, r1, #768	@ 0x300
 8004356:	f7ff fc85 	bl	8003c64 <aes128_xorcolumns_rotword>
 800435a:	f7ff ff85 	bl	8004268 <inv_shiftrows_3>
 800435e:	f7ff fb63 	bl	8003a28 <sbox>
 8004362:	f48b 7b40 	eor.w	fp, fp, #768	@ 0x300
 8004366:	f482 7240 	eor.w	r2, r2, #768	@ 0x300
 800436a:	f488 7840 	eor.w	r8, r8, #768	@ 0x300
 800436e:	f487 7740 	eor.w	r7, r7, #768	@ 0x300
 8004372:	f7ff fc77 	bl	8003c64 <aes128_xorcolumns_rotword>
 8004376:	f7ff fb57 	bl	8003a28 <sbox>
 800437a:	f482 7240 	eor.w	r2, r2, #768	@ 0x300
 800437e:	f480 7040 	eor.w	r0, r0, #768	@ 0x300
 8004382:	f487 7740 	eor.w	r7, r7, #768	@ 0x300
 8004386:	f486 7640 	eor.w	r6, r6, #768	@ 0x300
 800438a:	f7ff fc6b 	bl	8003c64 <aes128_xorcolumns_rotword>
 800438e:	f7ff ff27 	bl	80041e0 <inv_shiftrows_1>
 8004392:	ea6f 0505 	mvn.w	r5, r5
 8004396:	ea6f 0606 	mvn.w	r6, r6
 800439a:	ea6f 0a0a 	mvn.w	sl, sl
 800439e:	ea6f 0b0b 	mvn.w	fp, fp
 80043a2:	e9cc 5601 	strd	r5, r6, [ip, #4]
 80043a6:	e9cc ab06 	strd	sl, fp, [ip, #24]
 80043aa:	e95c 014f 	ldrd	r0, r1, [ip, #-316]	@ 0x13c
 80043ae:	e95c 234a 	ldrd	r2, r3, [ip, #-296]	@ 0x128
 80043b2:	ea6f 0000 	mvn.w	r0, r0
 80043b6:	ea6f 0101 	mvn.w	r1, r1
 80043ba:	ea6f 0202 	mvn.w	r2, r2
 80043be:	ea6f 0303 	mvn.w	r3, r3
 80043c2:	e94c 014f 	strd	r0, r1, [ip, #-316]	@ 0x13c
 80043c6:	e94c 234a 	strd	r2, r3, [ip, #-296]	@ 0x128
 80043ca:	f10d 0d38 	add.w	sp, sp, #56	@ 0x38
 80043ce:	e8bd 5fff 	ldmia.w	sp!, {r0, r1, r2, r3, r4, r5, r6, r7, r8, r9, sl, fp, ip, lr}
 80043d2:	4770      	bx	lr

080043d4 <aes256_keyschedule_ffs>:
 80043d4:	e92d 5fff 	stmdb	sp!, {r0, r1, r2, r3, r4, r5, r6, r7, r8, r9, sl, fp, ip, lr}
 80043d8:	f1ad 0d38 	sub.w	sp, sp, #56	@ 0x38
 80043dc:	f8d1 4000 	ldr.w	r4, [r1]
 80043e0:	684d      	ldr	r5, [r1, #4]
 80043e2:	688e      	ldr	r6, [r1, #8]
 80043e4:	68cf      	ldr	r7, [r1, #12]
 80043e6:	f8d1 8000 	ldr.w	r8, [r1]
 80043ea:	f8d1 9004 	ldr.w	r9, [r1, #4]
 80043ee:	f8d1 a008 	ldr.w	sl, [r1, #8]
 80043f2:	f8d1 b00c 	ldr.w	fp, [r1, #12]
 80043f6:	f7ff faad 	bl	8003954 <packing>
 80043fa:	e9dd 010e 	ldrd	r0, r1, [sp, #56]	@ 0x38
 80043fe:	e880 0ff0 	stmia.w	r0, {r4, r5, r6, r7, r8, r9, sl, fp}
 8004402:	f101 0110 	add.w	r1, r1, #16
 8004406:	f8d1 4000 	ldr.w	r4, [r1]
 800440a:	684d      	ldr	r5, [r1, #4]
 800440c:	688e      	ldr	r6, [r1, #8]
 800440e:	68cf      	ldr	r7, [r1, #12]
 8004410:	f8d1 8000 	ldr.w	r8, [r1]
 8004414:	f8d1 9004 	ldr.w	r9, [r1, #4]
 8004418:	f8d1 a008 	ldr.w	sl, [r1, #8]
 800441c:	f8d1 b00c 	ldr.w	fp, [r1, #12]
 8004420:	f7ff fa98 	bl	8003954 <packing>
 8004424:	f8dd 0038 	ldr.w	r0, [sp, #56]	@ 0x38
 8004428:	f100 0020 	add.w	r0, r0, #32
 800442c:	e880 0ff0 	stmia.w	r0, {r4, r5, r6, r7, r8, r9, sl, fp}
 8004430:	f7ff fafa 	bl	8003a28 <sbox>
 8004434:	f48b 7b40 	eor.w	fp, fp, #768	@ 0x300
 8004438:	f7ff fcfe 	bl	8003e38 <aes256_xorcolumns_rotword>
 800443c:	f7ff faf4 	bl	8003a28 <sbox>
 8004440:	f7ff fde4 	bl	800400c <aes256_xorcolumns>
 8004444:	f7ff fecc 	bl	80041e0 <inv_shiftrows_1>
 8004448:	f7ff faee 	bl	8003a28 <sbox>
 800444c:	f482 7240 	eor.w	r2, r2, #768	@ 0x300
 8004450:	f7ff fcf2 	bl	8003e38 <aes256_xorcolumns_rotword>
 8004454:	f7ff feec 	bl	8004230 <inv_shiftrows_2>
 8004458:	f7ff fae6 	bl	8003a28 <sbox>
 800445c:	f7ff fdd6 	bl	800400c <aes256_xorcolumns>
 8004460:	f7ff ff02 	bl	8004268 <inv_shiftrows_3>
 8004464:	f7ff fae0 	bl	8003a28 <sbox>
 8004468:	f480 7040 	eor.w	r0, r0, #768	@ 0x300
 800446c:	f7ff fce4 	bl	8003e38 <aes256_xorcolumns_rotword>
 8004470:	f7ff fada 	bl	8003a28 <sbox>
 8004474:	f7ff fdca 	bl	800400c <aes256_xorcolumns>
 8004478:	f7ff feb2 	bl	80041e0 <inv_shiftrows_1>
 800447c:	f7ff fad4 	bl	8003a28 <sbox>
 8004480:	f488 7840 	eor.w	r8, r8, #768	@ 0x300
 8004484:	f7ff fcd8 	bl	8003e38 <aes256_xorcolumns_rotword>
 8004488:	f7ff fed2 	bl	8004230 <inv_shiftrows_2>
 800448c:	f7ff facc 	bl	8003a28 <sbox>
 8004490:	f7ff fdbc 	bl	800400c <aes256_xorcolumns>
 8004494:	f7ff fee8 	bl	8004268 <inv_shiftrows_3>
 8004498:	f7ff fac6 	bl	8003a28 <sbox>
 800449c:	f487 7740 	eor.w	r7, r7, #768	@ 0x300
 80044a0:	f7ff fcca 	bl	8003e38 <aes256_xorcolumns_rotword>
 80044a4:	f7ff fac0 	bl	8003a28 <sbox>
 80044a8:	f7ff fdb0 	bl	800400c <aes256_xorcolumns>
 80044ac:	f7ff fe98 	bl	80041e0 <inv_shiftrows_1>
 80044b0:	f7ff faba 	bl	8003a28 <sbox>
 80044b4:	f486 7640 	eor.w	r6, r6, #768	@ 0x300
 80044b8:	f7ff fcbe 	bl	8003e38 <aes256_xorcolumns_rotword>
 80044bc:	f7ff feb8 	bl	8004230 <inv_shiftrows_2>
 80044c0:	f7ff fab2 	bl	8003a28 <sbox>
 80044c4:	f7ff fda2 	bl	800400c <aes256_xorcolumns>
 80044c8:	f7ff fece 	bl	8004268 <inv_shiftrows_3>
 80044cc:	f7ff faac 	bl	8003a28 <sbox>
 80044d0:	f483 7340 	eor.w	r3, r3, #768	@ 0x300
 80044d4:	f7ff fcb0 	bl	8003e38 <aes256_xorcolumns_rotword>
 80044d8:	f10c 0c20 	add.w	ip, ip, #32
 80044dc:	f7ff fe80 	bl	80041e0 <inv_shiftrows_1>
 80044e0:	ea6f 0505 	mvn.w	r5, r5
 80044e4:	ea6f 0606 	mvn.w	r6, r6
 80044e8:	ea6f 0a0a 	mvn.w	sl, sl
 80044ec:	ea6f 0b0b 	mvn.w	fp, fp
 80044f0:	e95c 0107 	ldrd	r0, r1, [ip, #-28]
 80044f4:	e95c 2302 	ldrd	r2, r3, [ip, #-8]
 80044f8:	e9cc 5601 	strd	r5, r6, [ip, #4]
 80044fc:	e9cc ab06 	strd	sl, fp, [ip, #24]
 8004500:	ea6f 0000 	mvn.w	r0, r0
 8004504:	ea6f 0101 	mvn.w	r1, r1
 8004508:	ea6f 0202 	mvn.w	r2, r2
 800450c:	ea6f 0303 	mvn.w	r3, r3
 8004510:	e95c 566f 	ldrd	r5, r6, [ip, #-444]	@ 0x1bc
 8004514:	e95c ab6a 	ldrd	sl, fp, [ip, #-424]	@ 0x1a8
 8004518:	e94c 0107 	strd	r0, r1, [ip, #-28]
 800451c:	e94c 2302 	strd	r2, r3, [ip, #-8]
 8004520:	ea6f 0505 	mvn.w	r5, r5
 8004524:	ea6f 0606 	mvn.w	r6, r6
 8004528:	ea6f 0a0a 	mvn.w	sl, sl
 800452c:	ea6f 0b0b 	mvn.w	fp, fp
 8004530:	e94c 566f 	strd	r5, r6, [ip, #-444]	@ 0x1bc
 8004534:	e94c ab6a 	strd	sl, fp, [ip, #-424]	@ 0x1a8
 8004538:	f10d 0d38 	add.w	sp, sp, #56	@ 0x38
 800453c:	e8bd 5fff 	ldmia.w	sp!, {r0, r1, r2, r3, r4, r5, r6, r7, r8, r9, sl, fp, ip, lr}
 8004540:	4770      	bx	lr
 8004542:	bf00      	nop

08004544 <crypto_hashblocks_sha512_m4nofpu_inner>:
.global crypto_hashblocks_sha512_m4nofpu_inner
.type crypto_hashblocks_sha512_m4nofpu_inner,%function
.thumb
.thumb_func
crypto_hashblocks_sha512_m4nofpu_inner:
push {r4,r5,r6,r7,r8,r9,r10,r11,r14}
 8004544:	e92d 4ff0 	stmdb	sp!, {r4, r5, r6, r7, r8, r9, sl, fp, lr}
sub.w sp,sp,#288
 8004548:	f5ad 7d90 	sub.w	sp, sp, #288	@ 0x120

# qhasm: input_1 = input_2 - 128
# asm 1: sub >input_1=int32#2,<input_2=int32#3,#128
# asm 2: sub >input_1=r1,<input_2=r2,#128
# copy-collector output starts
strd r0,r1,[sp,#0]
 800454c:	e9cd 0100 	strd	r0, r1, [sp]
# copy-collector output ends
sub r1,r2,#128
 8004550:	f1a2 0180 	sub.w	r1, r2, #128	@ 0x80

# qhasm: lou0 = lou0[3]lou0[2]lou0[1]lou0[0]
# asm 1: rev >lou0=int32#3,<lou0=int32#3
# asm 2: rev >lou0=r2,<lou0=r2
# copy-collector output starts
strd r1,r3,[sp,#8]
 8004554:	e9cd 1302 	strd	r1, r3, [sp, #8]
ldr r1,[r0]
 8004558:	6801      	ldr	r1, [r0, #0]
ldr r2,[r0,#4]
 800455a:	6842      	ldr	r2, [r0, #4]
ldr r3,[r0,#8]
 800455c:	6883      	ldr	r3, [r0, #8]
ldr r4,[r0,#12]
 800455e:	68c4      	ldr	r4, [r0, #12]
ldr r5,[r0,#16]
 8004560:	6905      	ldr	r5, [r0, #16]
ldr r6,[r0,#20]
 8004562:	6946      	ldr	r6, [r0, #20]
ldr.w r7,[r0,#24]
 8004564:	f8d0 7018 	ldr.w	r7, [r0, #24]
ldr r8,[r0,#28]
 8004568:	f8d0 801c 	ldr.w	r8, [r0, #28]
# copy-collector output ends
rev r2,r2
 800456c:	ba12      	rev	r2, r2

# qhasm: hiu0 = hiu0[3]hiu0[2]hiu0[1]hiu0[0]
# asm 1: rev >hiu0=int32#2,<hiu0=int32#2
# asm 2: rev >hiu0=r1,<hiu0=r1
rev r1,r1
 800456e:	ba09      	rev	r1, r1

# qhasm: lou1 = lou1[3]lou1[2]lou1[1]lou1[0]
# asm 1: rev >lou1=int32#5,<lou1=int32#5
# asm 2: rev >lou1=r4,<lou1=r4
rev r4,r4
 8004570:	ba24      	rev	r4, r4

# qhasm: hiu1 = hiu1[3]hiu1[2]hiu1[1]hiu1[0]
# asm 1: rev >hiu1=int32#4,<hiu1=int32#4
# asm 2: rev >hiu1=r3,<hiu1=r3
rev r3,r3
 8004572:	ba1b      	rev	r3, r3

# qhasm: lou2 = lou2[3]lou2[2]lou2[1]lou2[0]
# asm 1: rev >lou2=int32#7,<lou2=int32#7
# asm 2: rev >lou2=r6,<lou2=r6
rev r6,r6
 8004574:	ba36      	rev	r6, r6

# qhasm: hiu2 = hiu2[3]hiu2[2]hiu2[1]hiu2[0]
# asm 1: rev >hiu2=int32#6,<hiu2=int32#6
# asm 2: rev >hiu2=r5,<hiu2=r5
rev r5,r5
 8004576:	ba2d      	rev	r5, r5

# qhasm: lou3 = lou3[3]lou3[2]lou3[1]lou3[0]
# asm 1: rev >lou3=int32#9,<lou3=int32#9
# asm 2: rev >lou3=r8,<lou3=r8
rev r8,r8
 8004578:	fa98 f888 	rev.w	r8, r8

# qhasm: hiu3 = hiu3[3]hiu3[2]hiu3[1]hiu3[0]
# asm 1: rev >hiu3=int32#8,<hiu3=int32#8
# asm 2: rev >hiu3=r7,<hiu3=r7
rev.w r7,r7
 800457c:	fa97 f787 	rev.w	r7, r7

# qhasm: lou0 = lou0[3]lou0[2]lou0[1]lou0[0]
# asm 1: rev >lou0=int32#3,<lou0=int32#3
# asm 2: rev >lou0=r2,<lou0=r2
# copy-collector output starts
strd r2,r1,[sp,#16]
 8004580:	e9cd 2104 	strd	r2, r1, [sp, #16]
strd r4,r3,[sp,#24]
 8004584:	e9cd 4306 	strd	r4, r3, [sp, #24]
strd r6,r5,[sp,#32]
 8004588:	e9cd 6508 	strd	r6, r5, [sp, #32]
strd r8,r7,[sp,#40]
 800458c:	e9cd 870a 	strd	r8, r7, [sp, #40]	@ 0x28
strd r2,r1,[sp,#48]
 8004590:	e9cd 210c 	strd	r2, r1, [sp, #48]	@ 0x30
strd r4,r3,[sp,#56]
 8004594:	e9cd 430e 	strd	r4, r3, [sp, #56]	@ 0x38
strd r6,r5,[sp,#64]
 8004598:	e9cd 6510 	strd	r6, r5, [sp, #64]	@ 0x40
strd r8,r7,[sp,#72]
 800459c:	e9cd 8712 	strd	r8, r7, [sp, #72]	@ 0x48
ldr r1,[r0,#32]
 80045a0:	6a01      	ldr	r1, [r0, #32]
ldr r2,[r0,#36]
 80045a2:	6a42      	ldr	r2, [r0, #36]	@ 0x24
ldr r3,[r0,#40]
 80045a4:	6a83      	ldr	r3, [r0, #40]	@ 0x28
ldr r4,[r0,#44]
 80045a6:	6ac4      	ldr	r4, [r0, #44]	@ 0x2c
ldr r5,[r0,#48]
 80045a8:	6b05      	ldr	r5, [r0, #48]	@ 0x30
ldr r6,[r0,#52]
 80045aa:	6b46      	ldr	r6, [r0, #52]	@ 0x34
ldr r7,[r0,#56]
 80045ac:	6b87      	ldr	r7, [r0, #56]	@ 0x38
ldr r0,[r0,#60]
 80045ae:	6bc0      	ldr	r0, [r0, #60]	@ 0x3c
# copy-collector output ends
rev r2,r2
 80045b0:	ba12      	rev	r2, r2

# qhasm: hiu0 = hiu0[3]hiu0[2]hiu0[1]hiu0[0]
# asm 1: rev >hiu0=int32#2,<hiu0=int32#2
# asm 2: rev >hiu0=r1,<hiu0=r1
rev r1,r1
 80045b2:	ba09      	rev	r1, r1

# qhasm: lou1 = lou1[3]lou1[2]lou1[1]lou1[0]
# asm 1: rev >lou1=int32#5,<lou1=int32#5
# asm 2: rev >lou1=r4,<lou1=r4
rev r4,r4
 80045b4:	ba24      	rev	r4, r4

# qhasm: hiu1 = hiu1[3]hiu1[2]hiu1[1]hiu1[0]
# asm 1: rev >hiu1=int32#4,<hiu1=int32#4
# asm 2: rev >hiu1=r3,<hiu1=r3
rev r3,r3
 80045b6:	ba1b      	rev	r3, r3

# qhasm: lou2 = lou2[3]lou2[2]lou2[1]lou2[0]
# asm 1: rev >lou2=int32#7,<lou2=int32#7
# asm 2: rev >lou2=r6,<lou2=r6
rev r6,r6
 80045b8:	ba36      	rev	r6, r6

# qhasm: hiu2 = hiu2[3]hiu2[2]hiu2[1]hiu2[0]
# asm 1: rev >hiu2=int32#6,<hiu2=int32#6
# asm 2: rev >hiu2=r5,<hiu2=r5
rev r5,r5
 80045ba:	ba2d      	rev	r5, r5

# qhasm: lou3 = lou3[3]lou3[2]lou3[1]lou3[0]
# asm 1: rev >lou3=int32#1,<lou3=int32#1
# asm 2: rev >lou3=r0,<lou3=r0
rev r0,r0
 80045bc:	ba00      	rev	r0, r0

# qhasm: hiu3 = hiu3[3]hiu3[2]hiu3[1]hiu3[0]
# asm 1: rev >hiu3=int32#8,<hiu3=int32#8
# asm 2: rev >hiu3=r7,<hiu3=r7
rev r7,r7
 80045be:	ba3f      	rev	r7, r7
# asm 2: str <hiu3=r7,>hid7=[sp,#140]
# copy-collector input: str r7,[sp,#140]

# qhasm: mainloop:
# copy-collector output starts
strd r2,r1,[sp,#80]
 80045c0:	e9cd 2114 	strd	r2, r1, [sp, #80]	@ 0x50
strd r4,r3,[sp,#88]
 80045c4:	e9cd 4316 	strd	r4, r3, [sp, #88]	@ 0x58
strd r6,r5,[sp,#96]
 80045c8:	e9cd 6518 	strd	r6, r5, [sp, #96]	@ 0x60
strd r0,r7,[sp,#104]
 80045cc:	e9cd 071a 	strd	r0, r7, [sp, #104]	@ 0x68
strd r2,r1,[sp,#112]
 80045d0:	e9cd 211c 	strd	r2, r1, [sp, #112]	@ 0x70
strd r4,r3,[sp,#120]
 80045d4:	e9cd 431e 	strd	r4, r3, [sp, #120]	@ 0x78
strd r6,r5,[sp,#128]
 80045d8:	e9cd 6520 	strd	r6, r5, [sp, #128]	@ 0x80
strd r0,r7,[sp,#136]
 80045dc:	e9cd 0722 	strd	r0, r7, [sp, #136]	@ 0x88

080045e0 <._mainloop>:

# qhasm: lou0 = lou0[3]lou0[2]lou0[1]lou0[0]
# asm 1: rev >lou0=int32#3,<lou0=int32#3
# asm 2: rev >lou0=r2,<lou0=r2
# copy-collector output starts
ldr.w r0,[sp,#4]
 80045e0:	f8dd 0004 	ldr.w	r0, [sp, #4]
ldr r1,[r0],#4
 80045e4:	f850 1b04 	ldr.w	r1, [r0], #4
ldr r2,[r0],#4
 80045e8:	f850 2b04 	ldr.w	r2, [r0], #4
ldr r3,[r0],#4
 80045ec:	f850 3b04 	ldr.w	r3, [r0], #4
ldr r4,[r0],#4
 80045f0:	f850 4b04 	ldr.w	r4, [r0], #4
ldr r5,[r0],#4
 80045f4:	f850 5b04 	ldr.w	r5, [r0], #4
ldr r6,[r0],#4
 80045f8:	f850 6b04 	ldr.w	r6, [r0], #4
ldr r7,[r0],#4
 80045fc:	f850 7b04 	ldr.w	r7, [r0], #4
ldr r8,[r0],#4
 8004600:	f850 8b04 	ldr.w	r8, [r0], #4
# copy-collector output ends
rev r2,r2
 8004604:	ba12      	rev	r2, r2

# qhasm: hiu0 = hiu0[3]hiu0[2]hiu0[1]hiu0[0]
# asm 1: rev >hiu0=int32#2,<hiu0=int32#2
# asm 2: rev >hiu0=r1,<hiu0=r1
rev r1,r1
 8004606:	ba09      	rev	r1, r1

# qhasm: lou1 = lou1[3]lou1[2]lou1[1]lou1[0]
# asm 1: rev >lou1=int32#5,<lou1=int32#5
# asm 2: rev >lou1=r4,<lou1=r4
rev r4,r4
 8004608:	ba24      	rev	r4, r4

# qhasm: hiu1 = hiu1[3]hiu1[2]hiu1[1]hiu1[0]
# asm 1: rev >hiu1=int32#4,<hiu1=int32#4
# asm 2: rev >hiu1=r3,<hiu1=r3
rev r3,r3
 800460a:	ba1b      	rev	r3, r3

# qhasm: lou2 = lou2[3]lou2[2]lou2[1]lou2[0]
# asm 1: rev >lou2=int32#7,<lou2=int32#7
# asm 2: rev >lou2=r6,<lou2=r6
rev r6,r6
 800460c:	ba36      	rev	r6, r6

# qhasm: hiu2 = hiu2[3]hiu2[2]hiu2[1]hiu2[0]
# asm 1: rev >hiu2=int32#6,<hiu2=int32#6
# asm 2: rev >hiu2=r5,<hiu2=r5
rev r5,r5
 800460e:	ba2d      	rev	r5, r5

# qhasm: lou3 = lou3[3]lou3[2]lou3[1]lou3[0]
# asm 1: rev >lou3=int32#9,<lou3=int32#9
# asm 2: rev >lou3=r8,<lou3=r8
rev r8,r8
 8004610:	fa98 f888 	rev.w	r8, r8

# qhasm: hiu3 = hiu3[3]hiu3[2]hiu3[1]hiu3[0]
# asm 1: rev >hiu3=int32#8,<hiu3=int32#8
# asm 2: rev >hiu3=r7,<hiu3=r7
rev.w r7,r7
 8004614:	fa97 f787 	rev.w	r7, r7

# qhasm: lou0 = lou0[3]lou0[2]lou0[1]lou0[0]
# asm 1: rev >lou0=int32#3,<lou0=int32#3
# asm 2: rev >lou0=r2,<lou0=r2
# copy-collector output starts
strd r2,r1,[sp,#144]
 8004618:	e9cd 2124 	strd	r2, r1, [sp, #144]	@ 0x90
strd r4,r3,[sp,#152]
 800461c:	e9cd 4326 	strd	r4, r3, [sp, #152]	@ 0x98
strd r6,r5,[sp,#160]
 8004620:	e9cd 6528 	strd	r6, r5, [sp, #160]	@ 0xa0
strd r8,r7,[sp,#168]
 8004624:	e9cd 872a 	strd	r8, r7, [sp, #168]	@ 0xa8
ldr r1,[r0],#4
 8004628:	f850 1b04 	ldr.w	r1, [r0], #4
ldr r2,[r0],#4
 800462c:	f850 2b04 	ldr.w	r2, [r0], #4
ldr r3,[r0],#4
 8004630:	f850 3b04 	ldr.w	r3, [r0], #4
ldr r4,[r0],#4
 8004634:	f850 4b04 	ldr.w	r4, [r0], #4
ldr r5,[r0],#4
 8004638:	f850 5b04 	ldr.w	r5, [r0], #4
ldr r6,[r0],#4
 800463c:	f850 6b04 	ldr.w	r6, [r0], #4
ldr r7,[r0],#4
 8004640:	f850 7b04 	ldr.w	r7, [r0], #4
ldr r8,[r0],#4
 8004644:	f850 8b04 	ldr.w	r8, [r0], #4
# copy-collector output ends
rev r2,r2
 8004648:	ba12      	rev	r2, r2

# qhasm: hiu0 = hiu0[3]hiu0[2]hiu0[1]hiu0[0]
# asm 1: rev >hiu0=int32#2,<hiu0=int32#2
# asm 2: rev >hiu0=r1,<hiu0=r1
rev r1,r1
 800464a:	ba09      	rev	r1, r1

# qhasm: lou1 = lou1[3]lou1[2]lou1[1]lou1[0]
# asm 1: rev >lou1=int32#5,<lou1=int32#5
# asm 2: rev >lou1=r4,<lou1=r4
rev r4,r4
 800464c:	ba24      	rev	r4, r4

# qhasm: hiu1 = hiu1[3]hiu1[2]hiu1[1]hiu1[0]
# asm 1: rev >hiu1=int32#4,<hiu1=int32#4
# asm 2: rev >hiu1=r3,<hiu1=r3
rev r3,r3
 800464e:	ba1b      	rev	r3, r3

# qhasm: lou2 = lou2[3]lou2[2]lou2[1]lou2[0]
# asm 1: rev >lou2=int32#7,<lou2=int32#7
# asm 2: rev >lou2=r6,<lou2=r6
rev r6,r6
 8004650:	ba36      	rev	r6, r6

# qhasm: hiu2 = hiu2[3]hiu2[2]hiu2[1]hiu2[0]
# asm 1: rev >hiu2=int32#6,<hiu2=int32#6
# asm 2: rev >hiu2=r5,<hiu2=r5
rev r5,r5
 8004652:	ba2d      	rev	r5, r5

# qhasm: lou3 = lou3[3]lou3[2]lou3[1]lou3[0]
# asm 1: rev >lou3=int32#9,<lou3=int32#9
# asm 2: rev >lou3=r8,<lou3=r8
rev r8,r8
 8004654:	fa98 f888 	rev.w	r8, r8

# qhasm: hiu3 = hiu3[3]hiu3[2]hiu3[1]hiu3[0]
# asm 1: rev >hiu3=int32#8,<hiu3=int32#8
# asm 2: rev >hiu3=r7,<hiu3=r7
rev.w r7,r7
 8004658:	fa97 f787 	rev.w	r7, r7

# qhasm: lou0 = lou0[3]lou0[2]lou0[1]lou0[0]
# asm 1: rev >lou0=int32#3,<lou0=int32#3
# asm 2: rev >lou0=r2,<lou0=r2
# copy-collector output starts
strd r2,r1,[sp,#176]
 800465c:	e9cd 212c 	strd	r2, r1, [sp, #176]	@ 0xb0
strd r4,r3,[sp,#184]
 8004660:	e9cd 432e 	strd	r4, r3, [sp, #184]	@ 0xb8
strd r6,r5,[sp,#192]
 8004664:	e9cd 6530 	strd	r6, r5, [sp, #192]	@ 0xc0
strd r8,r7,[sp,#200]
 8004668:	e9cd 8732 	strd	r8, r7, [sp, #200]	@ 0xc8
ldr r1,[r0],#4
 800466c:	f850 1b04 	ldr.w	r1, [r0], #4
ldr r2,[r0],#4
 8004670:	f850 2b04 	ldr.w	r2, [r0], #4
ldr r3,[r0],#4
 8004674:	f850 3b04 	ldr.w	r3, [r0], #4
ldr r4,[r0],#4
 8004678:	f850 4b04 	ldr.w	r4, [r0], #4
ldr r5,[r0],#4
 800467c:	f850 5b04 	ldr.w	r5, [r0], #4
ldr r6,[r0],#4
 8004680:	f850 6b04 	ldr.w	r6, [r0], #4
ldr r7,[r0],#4
 8004684:	f850 7b04 	ldr.w	r7, [r0], #4
ldr r8,[r0],#4
 8004688:	f850 8b04 	ldr.w	r8, [r0], #4
# copy-collector output ends
rev r2,r2
 800468c:	ba12      	rev	r2, r2

# qhasm: hiu0 = hiu0[3]hiu0[2]hiu0[1]hiu0[0]
# asm 1: rev >hiu0=int32#2,<hiu0=int32#2
# asm 2: rev >hiu0=r1,<hiu0=r1
rev r1,r1
 800468e:	ba09      	rev	r1, r1

# qhasm: lou1 = lou1[3]lou1[2]lou1[1]lou1[0]
# asm 1: rev >lou1=int32#5,<lou1=int32#5
# asm 2: rev >lou1=r4,<lou1=r4
rev r4,r4
 8004690:	ba24      	rev	r4, r4

# qhasm: hiu1 = hiu1[3]hiu1[2]hiu1[1]hiu1[0]
# asm 1: rev >hiu1=int32#4,<hiu1=int32#4
# asm 2: rev >hiu1=r3,<hiu1=r3
rev r3,r3
 8004692:	ba1b      	rev	r3, r3

# qhasm: lou2 = lou2[3]lou2[2]lou2[1]lou2[0]
# asm 1: rev >lou2=int32#7,<lou2=int32#7
# asm 2: rev >lou2=r6,<lou2=r6
rev r6,r6
 8004694:	ba36      	rev	r6, r6

# qhasm: hiu2 = hiu2[3]hiu2[2]hiu2[1]hiu2[0]
# asm 1: rev >hiu2=int32#6,<hiu2=int32#6
# asm 2: rev >hiu2=r5,<hiu2=r5
rev r5,r5
 8004696:	ba2d      	rev	r5, r5

# qhasm: lou3 = lou3[3]lou3[2]lou3[1]lou3[0]
# asm 1: rev >lou3=int32#9,<lou3=int32#9
# asm 2: rev >lou3=r8,<lou3=r8
rev r8,r8
 8004698:	fa98 f888 	rev.w	r8, r8

# qhasm: hiu3 = hiu3[3]hiu3[2]hiu3[1]hiu3[0]
# asm 1: rev >hiu3=int32#8,<hiu3=int32#8
# asm 2: rev >hiu3=r7,<hiu3=r7
rev.w r7,r7
 800469c:	fa97 f787 	rev.w	r7, r7

# qhasm: lou0 = lou0[3]lou0[2]lou0[1]lou0[0]
# asm 1: rev >lou0=int32#3,<lou0=int32#3
# asm 2: rev >lou0=r2,<lou0=r2
# copy-collector output starts
strd r2,r1,[sp,#208]
 80046a0:	e9cd 2134 	strd	r2, r1, [sp, #208]	@ 0xd0
strd r4,r3,[sp,#216]
 80046a4:	e9cd 4336 	strd	r4, r3, [sp, #216]	@ 0xd8
strd r6,r5,[sp,#224]
 80046a8:	e9cd 6538 	strd	r6, r5, [sp, #224]	@ 0xe0
strd r8,r7,[sp,#232]
 80046ac:	e9cd 873a 	strd	r8, r7, [sp, #232]	@ 0xe8
ldr r1,[r0],#4
 80046b0:	f850 1b04 	ldr.w	r1, [r0], #4
ldr r2,[r0],#4
 80046b4:	f850 2b04 	ldr.w	r2, [r0], #4
ldr r3,[r0],#4
 80046b8:	f850 3b04 	ldr.w	r3, [r0], #4
ldr r4,[r0],#4
 80046bc:	f850 4b04 	ldr.w	r4, [r0], #4
ldr r5,[r0],#4
 80046c0:	f850 5b04 	ldr.w	r5, [r0], #4
ldr r6,[r0],#4
 80046c4:	f850 6b04 	ldr.w	r6, [r0], #4
ldr r7,[r0],#4
 80046c8:	f850 7b04 	ldr.w	r7, [r0], #4
ldr r8,[r0],#4
 80046cc:	f850 8b04 	ldr.w	r8, [r0], #4
# copy-collector output ends
rev r2,r2
 80046d0:	ba12      	rev	r2, r2

# qhasm: hiu0 = hiu0[3]hiu0[2]hiu0[1]hiu0[0]
# asm 1: rev >hiu0=int32#2,<hiu0=int32#2
# asm 2: rev >hiu0=r1,<hiu0=r1
rev r1,r1
 80046d2:	ba09      	rev	r1, r1

# qhasm: lou1 = lou1[3]lou1[2]lou1[1]lou1[0]
# asm 1: rev >lou1=int32#5,<lou1=int32#5
# asm 2: rev >lou1=r4,<lou1=r4
rev r4,r4
 80046d4:	ba24      	rev	r4, r4

# qhasm: hiu1 = hiu1[3]hiu1[2]hiu1[1]hiu1[0]
# asm 1: rev >hiu1=int32#4,<hiu1=int32#4
# asm 2: rev >hiu1=r3,<hiu1=r3
rev r3,r3
 80046d6:	ba1b      	rev	r3, r3

# qhasm: lou2 = lou2[3]lou2[2]lou2[1]lou2[0]
# asm 1: rev >lou2=int32#7,<lou2=int32#7
# asm 2: rev >lou2=r6,<lou2=r6
rev r6,r6
 80046d8:	ba36      	rev	r6, r6

# qhasm: hiu2 = hiu2[3]hiu2[2]hiu2[1]hiu2[0]
# asm 1: rev >hiu2=int32#6,<hiu2=int32#6
# asm 2: rev >hiu2=r5,<hiu2=r5
rev r5,r5
 80046da:	ba2d      	rev	r5, r5

# qhasm: lou3 = lou3[3]lou3[2]lou3[1]lou3[0]
# asm 1: rev >lou3=int32#9,<lou3=int32#9
# asm 2: rev >lou3=r8,<lou3=r8
rev r8,r8
 80046dc:	fa98 f888 	rev.w	r8, r8

# qhasm: hiu3 = hiu3[3]hiu3[2]hiu3[1]hiu3[0]
# asm 1: rev >hiu3=int32#8,<hiu3=int32#8
# asm 2: rev >hiu3=r7,<hiu3=r7
rev.w r7,r7
 80046e0:	fa97 f787 	rev.w	r7, r7

# qhasm: input_0 = 80 simple
# asm 1: mov >input_0=int32#1,80
# asm 2: mov >input_0=r0,80
# copy-collector output starts
strd r2,r1,[sp,#240]
 80046e4:	e9cd 213c 	strd	r2, r1, [sp, #240]	@ 0xf0
strd r4,r3,[sp,#248]
 80046e8:	e9cd 433e 	strd	r4, r3, [sp, #248]	@ 0xf8
strd r6,r5,[sp,#256]
 80046ec:	e9cd 6540 	strd	r6, r5, [sp, #256]	@ 0x100
strd r8,r7,[sp,#264]
 80046f0:	e9cd 8742 	strd	r8, r7, [sp, #264]	@ 0x108
str r0,[sp,#4]
 80046f4:	9001      	str	r0, [sp, #4]
# copy-collector output ends
mov r0,80
 80046f6:	f04f 0050 	mov.w	r0, #80	@ 0x50
# asm 2: str <input_0=r0,>o4=[sp,#272]
# copy-collector input: str r0,[sp,#272]

# qhasm: innerloop:
# copy-collector output starts
str r0,[sp,#272]
 80046fa:	9044      	str	r0, [sp, #272]	@ 0x110

080046fc <._innerloop>:

# qhasm: two23 = 0x800000 simple
# asm 1: mov >two23=int32#14,0x800000
# asm 2: mov >two23=r14,0x800000
# copy-collector output starts
ldr r0,[sp,#12]
 80046fc:	9803      	ldr	r0, [sp, #12]
ldr r1,[sp,#72]
 80046fe:	9912      	ldr	r1, [sp, #72]	@ 0x48
ldr r2,[sp,#76]
 8004700:	9a13      	ldr	r2, [sp, #76]	@ 0x4c
ldr r3,[sp,#112]
 8004702:	9b1c      	ldr	r3, [sp, #112]	@ 0x70
ldr r4,[sp,#116]
 8004704:	9c1d      	ldr	r4, [sp, #116]	@ 0x74
ldr r5,[sp,#120]
 8004706:	9d1e      	ldr	r5, [sp, #120]	@ 0x78
ldr r6,[sp,#124]
 8004708:	9e1f      	ldr	r6, [sp, #124]	@ 0x7c
ldr r7,[sp,#128]
 800470a:	9f20      	ldr	r7, [sp, #128]	@ 0x80
ldr r8,[sp,#132]
 800470c:	f8dd 8084 	ldr.w	r8, [sp, #132]	@ 0x84
ldr r9,[sp,#136]
 8004710:	f8dd 9088 	ldr.w	r9, [sp, #136]	@ 0x88
ldr r10,[sp,#140]
 8004714:	f8dd a08c 	ldr.w	sl, [sp, #140]	@ 0x8c
ldr r11,[sp,#144]
 8004718:	f8dd b090 	ldr.w	fp, [sp, #144]	@ 0x90
ldr r12,[sp,#148]
 800471c:	f8dd c094 	ldr.w	ip, [sp, #148]	@ 0x94
# copy-collector output ends
mov r14,0x800000
 8004720:	f44f 0e00 	mov.w	lr, #8388608	@ 0x800000

# qhasm: carry?  lou4 += lou5
# asm 1: adds >lou4=int32#10,<lou4=int32#10,<lou5=int32#12
# asm 2: adds >lou4=r9,<lou4=r9,<lou5=r11
adds r9,r9,r11
 8004724:	eb19 090b 	adds.w	r9, r9, fp

# qhasm: hiu4 += hiu5 + carry
# asm 1: adc >hiu4=int32#11,<hiu4=int32#11,<hiu5=int32#13
# asm 2: adc >hiu4=r10,<hiu4=r10,<hiu5=r12
adc r10,r10,r12
 8004728:	eb4a 0a0c 	adc.w	sl, sl, ip

# qhasm: carry? lou4 += lotmp
# asm 1: adds >lou4=int32#10,<lou4=int32#10,<lotmp=int32#12
# asm 2: adds >lou4=r9,<lou4=r9,<lotmp=r11
# copy-collector output starts
ldr r11,[r0],#4
 800472c:	f850 bb04 	ldr.w	fp, [r0], #4
ldr r12,[r0],#4
 8004730:	f850 cb04 	ldr.w	ip, [r0], #4
# copy-collector output ends
adds r9,r9,r11
 8004734:	eb19 090b 	adds.w	r9, r9, fp

# qhasm: hiu4 += hitmp + carry
# asm 1: adc >hiu4=int32#11,<hiu4=int32#11,<hitmp=int32#13
# asm 2: adc >hiu4=r10,<hiu4=r10,<hitmp=r12
adc r10,r10,r12
 8004738:	eb4a 0a0c 	adc.w	sl, sl, ip

# qhasm: hitmp lotmp = lou1 * two23
# asm 1: umull >lotmp=int32#13,>hitmp=int32#12,<lou1=int32#4,<two23=int32#14
# asm 2: umull >lotmp=r12,>hitmp=r11,<lou1=r3,<two23=r14
umull r12,r11,r3,r14
 800473c:	fba3 cb0e 	umull	ip, fp, r3, lr

# qhasm: lotmp hitmp += hiu1 * two23
# asm 1: umlal <hitmp=int32#12,<lotmp=int32#13,<hiu1=int32#5,<two23=int32#14
# asm 2: umlal <hitmp=r11,<lotmp=r12,<hiu1=r4,<two23=r14
umlal r11,r12,r4,r14
 8004740:	fbe4 bc0e 	umlal	fp, ip, r4, lr

# qhasm: lotmp ^= (lou1 unsigned>> 18)
# asm 1: eor >lotmp=int32#13,<lotmp=int32#13,<lou1=int32#4,LSR #18
# asm 2: eor >lotmp=r12,<lotmp=r12,<lou1=r3,LSR #18
eor r12,r12,r3,LSR #18
 8004744:	ea8c 4c93 	eor.w	ip, ip, r3, lsr #18

# qhasm: lotmp ^= (hiu1 << 14)
# asm 1: eor >lotmp=int32#13,<lotmp=int32#13,<hiu1=int32#5,LSL #14
# asm 2: eor >lotmp=r12,<lotmp=r12,<hiu1=r4,LSL #14
eor r12,r12,r4,LSL #14
 8004748:	ea8c 3c84 	eor.w	ip, ip, r4, lsl #14

# qhasm: lotmp ^= (lou1 unsigned>> 14)
# asm 1: eor >lotmp=int32#13,<lotmp=int32#13,<lou1=int32#4,LSR #14
# asm 2: eor >lotmp=r12,<lotmp=r12,<lou1=r3,LSR #14
eor r12,r12,r3,LSR #14
 800474c:	ea8c 3c93 	eor.w	ip, ip, r3, lsr #14

# qhasm: lotmp ^= (hiu1 << 18)
# asm 1: eor >lotmp=int32#13,<lotmp=int32#13,<hiu1=int32#5,LSL #18
# asm 2: eor >lotmp=r12,<lotmp=r12,<hiu1=r4,LSL #18
eor r12,r12,r4,LSL #18
 8004750:	ea8c 4c84 	eor.w	ip, ip, r4, lsl #18

# qhasm: hitmp ^= (hiu1 unsigned>> 18)
# asm 1: eor >hitmp=int32#12,<hitmp=int32#12,<hiu1=int32#5,LSR #18
# asm 2: eor >hitmp=r11,<hitmp=r11,<hiu1=r4,LSR #18
eor r11,r11,r4,LSR #18
 8004754:	ea8b 4b94 	eor.w	fp, fp, r4, lsr #18

# qhasm: hitmp ^= (lou1 << 14)
# asm 1: eor >hitmp=int32#12,<hitmp=int32#12,<lou1=int32#4,LSL #14
# asm 2: eor >hitmp=r11,<hitmp=r11,<lou1=r3,LSL #14
eor r11,r11,r3,LSL #14
 8004758:	ea8b 3b83 	eor.w	fp, fp, r3, lsl #14

# qhasm: hitmp ^= (hiu1 unsigned>> 14)
# asm 1: eor >hitmp=int32#12,<hitmp=int32#12,<hiu1=int32#5,LSR #14
# asm 2: eor >hitmp=r11,<hitmp=r11,<hiu1=r4,LSR #14
eor r11,r11,r4,LSR #14
 800475c:	ea8b 3b94 	eor.w	fp, fp, r4, lsr #14

# qhasm: hitmp ^= (lou1 << 18)
# asm 1: eor >hitmp=int32#12,<hitmp=int32#12,<lou1=int32#4,LSL #18
# asm 2: eor >hitmp=r11,<hitmp=r11,<lou1=r3,LSL #18
eor r11,r11,r3,LSL #18
 8004760:	ea8b 4b83 	eor.w	fp, fp, r3, lsl #18

# qhasm: carry? lou4 += lotmp
# asm 1: adds >lou4=int32#10,<lou4=int32#10,<lotmp=int32#13
# asm 2: adds >lou4=r9,<lou4=r9,<lotmp=r12
adds r9,r9,r12
 8004764:	eb19 090c 	adds.w	r9, r9, ip

# qhasm: hiu4 += hitmp + carry
# asm 1: adc >hiu4=int32#11,<hiu4=int32#11,<hitmp=int32#12
# asm 2: adc >hiu4=r10,<hiu4=r10,<hitmp=r11
adc r10,r10,r11
 8004768:	eb4a 0a0b 	adc.w	sl, sl, fp

# qhasm: lotmp = lou1 & lou2
# asm 1: and >lotmp=int32#6,<lou1=int32#4,<lou2=int32#6
# asm 2: and >lotmp=r5,<lou1=r3,<lou2=r5
and r5,r3,r5
 800476c:	ea03 0505 	and.w	r5, r3, r5

# qhasm: lotmp2 = lou3 & ~lou1
# asm 1: bic >lotmp2=int32#4,<lou3=int32#8,<lou1=int32#4
# asm 2: bic >lotmp2=r3,<lou3=r7,<lou1=r3
bic r3,r7,r3
 8004770:	ea27 0303 	bic.w	r3, r7, r3

# qhasm: lotmp ^= lotmp2
# asm 1: eor >lotmp=int32#4,<lotmp=int32#6,<lotmp2=int32#4
# asm 2: eor >lotmp=r3,<lotmp=r5,<lotmp2=r3
eor r3,r5,r3
 8004774:	ea85 0303 	eor.w	r3, r5, r3

# qhasm: carry? lou4 += lotmp
# asm 1: adds >lou4=int32#4,<lou4=int32#10,<lotmp=int32#4
# asm 2: adds >lou4=r3,<lou4=r9,<lotmp=r3
adds r3,r9,r3
 8004778:	eb19 0303 	adds.w	r3, r9, r3

# qhasm: hitmp = hiu1 & hiu2
# asm 1: and >hitmp=int32#6,<hiu1=int32#5,<hiu2=int32#7
# asm 2: and >hitmp=r5,<hiu1=r4,<hiu2=r6
and r5,r4,r6
 800477c:	ea04 0506 	and.w	r5, r4, r6

# qhasm: hitmp2 = hiu3 & ~hiu1
# asm 1: bic >hitmp2=int32#5,<hiu3=int32#9,<hiu1=int32#5
# asm 2: bic >hitmp2=r4,<hiu3=r8,<hiu1=r4
bic r4,r8,r4
 8004780:	ea28 0404 	bic.w	r4, r8, r4

# qhasm: hitmp ^= hitmp2
# asm 1: eor >hitmp=int32#5,<hitmp=int32#6,<hitmp2=int32#5
# asm 2: eor >hitmp=r4,<hitmp=r5,<hitmp2=r4
eor r4,r5,r4
 8004784:	ea85 0404 	eor.w	r4, r5, r4

# qhasm: hiu4 += hitmp + carry
# asm 1: adc >hiu4=int32#5,<hiu4=int32#11,<hitmp=int32#5
# asm 2: adc >hiu4=r4,<hiu4=r10,<hitmp=r4
adc r4,r10,r4
 8004788:	eb4a 0404 	adc.w	r4, sl, r4

# qhasm: carry? lou0 += lou4
# asm 1: adds >lou0=int32#2,<lou0=int32#2,<lou4=int32#4
# asm 2: adds >lou0=r1,<lou0=r1,<lou4=r3
adds r1,r1,r3
 800478c:	18c9      	adds	r1, r1, r3

# qhasm: hiu0 += hiu4 + carry
# asm 1: adc >hiu0=int32#3,<hiu0=int32#3,<hiu4=int32#5
# asm 2: adc >hiu0=r2,<hiu0=r2,<hiu4=r4
adc r2,r2,r4
 800478e:	eb42 0204 	adc.w	r2, r2, r4

# qhasm: two25 = 0x2000000 simple
# asm 1: mov >two25=int32#12,0x2000000
# asm 2: mov >two25=r11,0x2000000
# copy-collector output starts
str r1,[sp,#12]
 8004792:	9103      	str	r1, [sp, #12]
str r2,[sp,#72]
 8004794:	9212      	str	r2, [sp, #72]	@ 0x48
ldr r5,[sp,#48]
 8004796:	9d0c      	ldr	r5, [sp, #48]	@ 0x30
ldr r6,[sp,#52]
 8004798:	9e0d      	ldr	r6, [sp, #52]	@ 0x34
ldr r7,[sp,#56]
 800479a:	9f0e      	ldr	r7, [sp, #56]	@ 0x38
ldr r8,[sp,#60]
 800479c:	f8dd 803c 	ldr.w	r8, [sp, #60]	@ 0x3c
ldr r9,[sp,#64]
 80047a0:	f8dd 9040 	ldr.w	r9, [sp, #64]	@ 0x40
ldr r10,[sp,#68]
 80047a4:	f8dd a044 	ldr.w	sl, [sp, #68]	@ 0x44
# copy-collector output ends
mov r11,0x2000000
 80047a8:	f04f 7b00 	mov.w	fp, #33554432	@ 0x2000000

# qhasm: hitmp lotmp = lou1 * two25
# asm 1: umull >lotmp=int32#14,>hitmp=int32#13,<lou1=int32#6,<two25=int32#12
# asm 2: umull >lotmp=r14,>hitmp=r12,<lou1=r5,<two25=r11
umull r14,r12,r5,r11
 80047ac:	fba5 ec0b 	umull	lr, ip, r5, fp

# qhasm: lotmp hitmp += hiu1 * two25
# asm 1: umlal <hitmp=int32#13,<lotmp=int32#14,<hiu1=int32#7,<two25=int32#12
# asm 2: umlal <hitmp=r12,<lotmp=r14,<hiu1=r6,<two25=r11
umlal r12,r14,r6,r11
 80047b0:	fbe6 ce0b 	umlal	ip, lr, r6, fp

# qhasm: lotmp ^= (hiu1 unsigned>> 2)
# asm 1: eor >lotmp=int32#12,<lotmp=int32#14,<hiu1=int32#7,LSR #2
# asm 2: eor >lotmp=r11,<lotmp=r14,<hiu1=r6,LSR #2
eor r11,r14,r6,LSR #2
 80047b4:	ea8e 0b96 	eor.w	fp, lr, r6, lsr #2

# qhasm: lotmp ^= (lou1 << 30)
# asm 1: eor >lotmp=int32#12,<lotmp=int32#12,<lou1=int32#6,LSL #30
# asm 2: eor >lotmp=r11,<lotmp=r11,<lou1=r5,LSL #30
eor r11,r11,r5,LSL #30
 80047b8:	ea8b 7b85 	eor.w	fp, fp, r5, lsl #30

# qhasm: lotmp ^= (lou1 unsigned>> 28)
# asm 1: eor >lotmp=int32#12,<lotmp=int32#12,<lou1=int32#6,LSR #28
# asm 2: eor >lotmp=r11,<lotmp=r11,<lou1=r5,LSR #28
eor r11,r11,r5,LSR #28
 80047bc:	ea8b 7b15 	eor.w	fp, fp, r5, lsr #28

# qhasm: lotmp ^= (hiu1 << 4)
# asm 1: eor >lotmp=int32#12,<lotmp=int32#12,<hiu1=int32#7,LSL #4
# asm 2: eor >lotmp=r11,<lotmp=r11,<hiu1=r6,LSL #4
eor r11,r11,r6,LSL #4
 80047c0:	ea8b 1b06 	eor.w	fp, fp, r6, lsl #4

# qhasm: hitmp ^= (lou1 unsigned>> 2)
# asm 1: eor >hitmp=int32#13,<hitmp=int32#13,<lou1=int32#6,LSR #2
# asm 2: eor >hitmp=r12,<hitmp=r12,<lou1=r5,LSR #2
eor r12,r12,r5,LSR #2
 80047c4:	ea8c 0c95 	eor.w	ip, ip, r5, lsr #2

# qhasm: hitmp ^= (hiu1 << 30)
# asm 1: eor >hitmp=int32#13,<hitmp=int32#13,<hiu1=int32#7,LSL #30
# asm 2: eor >hitmp=r12,<hitmp=r12,<hiu1=r6,LSL #30
eor r12,r12,r6,LSL #30
 80047c8:	ea8c 7c86 	eor.w	ip, ip, r6, lsl #30

# qhasm: hitmp ^= (hiu1 unsigned>> 28)
# asm 1: eor >hitmp=int32#13,<hitmp=int32#13,<hiu1=int32#7,LSR #28
# asm 2: eor >hitmp=r12,<hitmp=r12,<hiu1=r6,LSR #28
eor r12,r12,r6,LSR #28
 80047cc:	ea8c 7c16 	eor.w	ip, ip, r6, lsr #28

# qhasm: hitmp ^= (lou1 << 4)
# asm 1: eor >hitmp=int32#13,<hitmp=int32#13,<lou1=int32#6,LSL #4
# asm 2: eor >hitmp=r12,<hitmp=r12,<lou1=r5,LSL #4
eor r12,r12,r5,LSL #4
 80047d0:	ea8c 1c05 	eor.w	ip, ip, r5, lsl #4

# qhasm: carry? lou4 += lotmp
# asm 1: adds >lou4=int32#4,<lou4=int32#4,<lotmp=int32#12
# asm 2: adds >lou4=r3,<lou4=r3,<lotmp=r11
adds r3,r3,r11
 80047d4:	eb13 030b 	adds.w	r3, r3, fp

# qhasm: hiu4 += hitmp + carry
# asm 1: adc >hiu4=int32#5,<hiu4=int32#5,<hitmp=int32#13
# asm 2: adc >hiu4=r4,<hiu4=r4,<hitmp=r12
adc r4,r4,r12
 80047d8:	eb44 040c 	adc.w	r4, r4, ip

# qhasm: lotmp = lou2 ^ lou3
# asm 1: eor >lotmp=int32#12,<lou2=int32#8,<lou3=int32#10
# asm 2: eor >lotmp=r11,<lou2=r7,<lou3=r9
eor r11,r7,r9
 80047dc:	ea87 0b09 	eor.w	fp, r7, r9

# qhasm: lotmp &= lou1
# asm 1: and >lotmp=int32#6,<lotmp=int32#12,<lou1=int32#6
# asm 2: and >lotmp=r5,<lotmp=r11,<lou1=r5
and r5,r11,r5
 80047e0:	ea0b 0505 	and.w	r5, fp, r5

# qhasm: lotmp2 = lou2 & lou3
# asm 1: and >lotmp2=int32#8,<lou2=int32#8,<lou3=int32#10
# asm 2: and >lotmp2=r7,<lou2=r7,<lou3=r9
and r7,r7,r9
 80047e4:	ea07 0709 	and.w	r7, r7, r9

# qhasm: lotmp ^= lotmp2
# asm 1: eor >lotmp=int32#6,<lotmp=int32#6,<lotmp2=int32#8
# asm 2: eor >lotmp=r5,<lotmp=r5,<lotmp2=r7
eor r5,r5,r7
 80047e8:	ea85 0507 	eor.w	r5, r5, r7

# qhasm: carry? lou4 += lotmp
# asm 1: adds >lou4=int32#4,<lou4=int32#4,<lotmp=int32#6
# asm 2: adds >lou4=r3,<lou4=r3,<lotmp=r5
adds.w r3,r3,r5
 80047ec:	eb13 0305 	adds.w	r3, r3, r5

# qhasm: hitmp = hiu2 ^ hiu3
# asm 1: eor >hitmp=int32#6,<hiu2=int32#9,<hiu3=int32#11
# asm 2: eor >hitmp=r5,<hiu2=r8,<hiu3=r10
eor r5,r8,r10
 80047f0:	ea88 050a 	eor.w	r5, r8, sl

# qhasm: hitmp &= hiu1
# asm 1: and >hitmp=int32#6,<hitmp=int32#6,<hiu1=int32#7
# asm 2: and >hitmp=r5,<hitmp=r5,<hiu1=r6
and r5,r5,r6
 80047f4:	ea05 0506 	and.w	r5, r5, r6

# qhasm: hitmp2 = hiu2 & hiu3
# asm 1: and >hitmp2=int32#7,<hiu2=int32#9,<hiu3=int32#11
# asm 2: and >hitmp2=r6,<hiu2=r8,<hiu3=r10
and r6,r8,r10
 80047f8:	ea08 060a 	and.w	r6, r8, sl

# qhasm: hitmp ^= hitmp2
# asm 1: eor >hitmp=int32#6,<hitmp=int32#6,<hitmp2=int32#7
# asm 2: eor >hitmp=r5,<hitmp=r5,<hitmp2=r6
eor r5,r5,r6
 80047fc:	ea85 0506 	eor.w	r5, r5, r6

# qhasm: hiu4 += hitmp + carry
# asm 1: adc >hiu4=int32#5,<hiu4=int32#5,<hitmp=int32#6
# asm 2: adc >hiu4=r4,<hiu4=r4,<hitmp=r5
adc r4,r4,r5
 8004800:	eb44 0405 	adc.w	r4, r4, r5

# qhasm: two23 = 0x800000 simple
# asm 1: mov >two23=int32#14,0x800000
# asm 2: mov >two23=r14,0x800000
# copy-collector output starts
strd r3,r4,[sp,#64]
 8004804:	e9cd 3410 	strd	r3, r4, [sp, #64]	@ 0x40
ldr r3,[sp,#112]
 8004808:	9b1c      	ldr	r3, [sp, #112]	@ 0x70
ldr r4,[sp,#116]
 800480a:	9c1d      	ldr	r4, [sp, #116]	@ 0x74
ldr r5,[sp,#120]
 800480c:	9d1e      	ldr	r5, [sp, #120]	@ 0x78
ldr r6,[sp,#124]
 800480e:	9e1f      	ldr	r6, [sp, #124]	@ 0x7c
ldr.w r7,[sp,#128]
 8004810:	f8dd 7080 	ldr.w	r7, [sp, #128]	@ 0x80
ldr r8,[sp,#132]
 8004814:	f8dd 8084 	ldr.w	r8, [sp, #132]	@ 0x84
ldr r11,[sp,#152]
 8004818:	f8dd b098 	ldr.w	fp, [sp, #152]	@ 0x98
ldr r12,[sp,#156]
 800481c:	f8dd c09c 	ldr.w	ip, [sp, #156]	@ 0x9c
# copy-collector output ends
mov r14,0x800000
 8004820:	f44f 0e00 	mov.w	lr, #8388608	@ 0x800000

# qhasm: carry?  lou4 += lou5
# asm 1: adds >lou4=int32#8,<lou4=int32#8,<lou5=int32#12
# asm 2: adds >lou4=r7,<lou4=r7,<lou5=r11
adds r7,r7,r11
 8004824:	eb17 070b 	adds.w	r7, r7, fp

# qhasm: hiu4 += hiu5 + carry
# asm 1: adc >hiu4=int32#9,<hiu4=int32#9,<hiu5=int32#13
# asm 2: adc >hiu4=r8,<hiu4=r8,<hiu5=r12
adc r8,r8,r12
 8004828:	eb48 080c 	adc.w	r8, r8, ip

# qhasm: carry? lou4 += lotmp
# asm 1: adds >lou4=int32#8,<lou4=int32#8,<lotmp=int32#12
# asm 2: adds >lou4=r7,<lou4=r7,<lotmp=r11
# copy-collector output starts
ldr r11,[r0],#4
 800482c:	f850 bb04 	ldr.w	fp, [r0], #4
ldr r12,[r0],#4
 8004830:	f850 cb04 	ldr.w	ip, [r0], #4
# copy-collector output ends
adds r7,r7,r11
 8004834:	eb17 070b 	adds.w	r7, r7, fp

# qhasm: hiu4 += hitmp + carry
# asm 1: adc >hiu4=int32#9,<hiu4=int32#9,<hitmp=int32#13
# asm 2: adc >hiu4=r8,<hiu4=r8,<hitmp=r12
adc r8,r8,r12
 8004838:	eb48 080c 	adc.w	r8, r8, ip

# qhasm: hitmp lotmp = lou0 * two23
# asm 1: umull >lotmp=int32#13,>hitmp=int32#12,<lou0=int32#2,<two23=int32#14
# asm 2: umull >lotmp=r12,>hitmp=r11,<lou0=r1,<two23=r14
umull r12,r11,r1,r14
 800483c:	fba1 cb0e 	umull	ip, fp, r1, lr

# qhasm: lotmp hitmp += hiu0 * two23
# asm 1: umlal <hitmp=int32#12,<lotmp=int32#13,<hiu0=int32#3,<two23=int32#14
# asm 2: umlal <hitmp=r11,<lotmp=r12,<hiu0=r2,<two23=r14
umlal r11,r12,r2,r14
 8004840:	fbe2 bc0e 	umlal	fp, ip, r2, lr

# qhasm: lotmp ^= (lou0 unsigned>> 18)
# asm 1: eor >lotmp=int32#13,<lotmp=int32#13,<lou0=int32#2,LSR #18
# asm 2: eor >lotmp=r12,<lotmp=r12,<lou0=r1,LSR #18
eor r12,r12,r1,LSR #18
 8004844:	ea8c 4c91 	eor.w	ip, ip, r1, lsr #18

# qhasm: lotmp ^= (hiu0 << 14)
# asm 1: eor >lotmp=int32#13,<lotmp=int32#13,<hiu0=int32#3,LSL #14
# asm 2: eor >lotmp=r12,<lotmp=r12,<hiu0=r2,LSL #14
eor r12,r12,r2,LSL #14
 8004848:	ea8c 3c82 	eor.w	ip, ip, r2, lsl #14

# qhasm: lotmp ^= (lou0 unsigned>> 14)
# asm 1: eor >lotmp=int32#13,<lotmp=int32#13,<lou0=int32#2,LSR #14
# asm 2: eor >lotmp=r12,<lotmp=r12,<lou0=r1,LSR #14
eor r12,r12,r1,LSR #14
 800484c:	ea8c 3c91 	eor.w	ip, ip, r1, lsr #14

# qhasm: lotmp ^= (hiu0 << 18)
# asm 1: eor >lotmp=int32#13,<lotmp=int32#13,<hiu0=int32#3,LSL #18
# asm 2: eor >lotmp=r12,<lotmp=r12,<hiu0=r2,LSL #18
eor r12,r12,r2,LSL #18
 8004850:	ea8c 4c82 	eor.w	ip, ip, r2, lsl #18

# qhasm: hitmp ^= (hiu0 unsigned>> 18)
# asm 1: eor >hitmp=int32#12,<hitmp=int32#12,<hiu0=int32#3,LSR #18
# asm 2: eor >hitmp=r11,<hitmp=r11,<hiu0=r2,LSR #18
eor r11,r11,r2,LSR #18
 8004854:	ea8b 4b92 	eor.w	fp, fp, r2, lsr #18

# qhasm: hitmp ^= (lou0 << 14)
# asm 1: eor >hitmp=int32#12,<hitmp=int32#12,<lou0=int32#2,LSL #14
# asm 2: eor >hitmp=r11,<hitmp=r11,<lou0=r1,LSL #14
eor r11,r11,r1,LSL #14
 8004858:	ea8b 3b81 	eor.w	fp, fp, r1, lsl #14

# qhasm: hitmp ^= (hiu0 unsigned>> 14)
# asm 1: eor >hitmp=int32#12,<hitmp=int32#12,<hiu0=int32#3,LSR #14
# asm 2: eor >hitmp=r11,<hitmp=r11,<hiu0=r2,LSR #14
eor r11,r11,r2,LSR #14
 800485c:	ea8b 3b92 	eor.w	fp, fp, r2, lsr #14

# qhasm: hitmp ^= (lou0 << 18)
# asm 1: eor >hitmp=int32#12,<hitmp=int32#12,<lou0=int32#2,LSL #18
# asm 2: eor >hitmp=r11,<hitmp=r11,<lou0=r1,LSL #18
eor r11,r11,r1,LSL #18
 8004860:	ea8b 4b81 	eor.w	fp, fp, r1, lsl #18

# qhasm: carry? lou4 += lotmp
# asm 1: adds >lou4=int32#8,<lou4=int32#8,<lotmp=int32#13
# asm 2: adds >lou4=r7,<lou4=r7,<lotmp=r12
adds r7,r7,r12
 8004864:	eb17 070c 	adds.w	r7, r7, ip

# qhasm: hiu4 += hitmp + carry
# asm 1: adc >hiu4=int32#9,<hiu4=int32#9,<hitmp=int32#12
# asm 2: adc >hiu4=r8,<hiu4=r8,<hitmp=r11
adc r8,r8,r11
 8004868:	eb48 080b 	adc.w	r8, r8, fp

# qhasm: lotmp = lou0 & lou1
# asm 1: and >lotmp=int32#4,<lou0=int32#2,<lou1=int32#4
# asm 2: and >lotmp=r3,<lou0=r1,<lou1=r3
and r3,r1,r3
 800486c:	ea01 0303 	and.w	r3, r1, r3

# qhasm: lotmp2 = lou2 & ~lou0
# asm 1: bic >lotmp2=int32#2,<lou2=int32#6,<lou0=int32#2
# asm 2: bic >lotmp2=r1,<lou2=r5,<lou0=r1
bic r1,r5,r1
 8004870:	ea25 0101 	bic.w	r1, r5, r1

# qhasm: lotmp ^= lotmp2
# asm 1: eor >lotmp=int32#2,<lotmp=int32#4,<lotmp2=int32#2
# asm 2: eor >lotmp=r1,<lotmp=r3,<lotmp2=r1
eor r1,r3,r1
 8004874:	ea83 0101 	eor.w	r1, r3, r1

# qhasm: carry? lou4 += lotmp
# asm 1: adds >lou4=int32#2,<lou4=int32#8,<lotmp=int32#2
# asm 2: adds >lou4=r1,<lou4=r7,<lotmp=r1
adds.w r1,r7,r1
 8004878:	eb17 0101 	adds.w	r1, r7, r1

# qhasm: hitmp = hiu0 & hiu1
# asm 1: and >hitmp=int32#4,<hiu0=int32#3,<hiu1=int32#5
# asm 2: and >hitmp=r3,<hiu0=r2,<hiu1=r4
and r3,r2,r4
 800487c:	ea02 0304 	and.w	r3, r2, r4

# qhasm: hitmp2 = hiu2 & ~hiu0
# asm 1: bic >hitmp2=int32#3,<hiu2=int32#7,<hiu0=int32#3
# asm 2: bic >hitmp2=r2,<hiu2=r6,<hiu0=r2
bic r2,r6,r2
 8004880:	ea26 0202 	bic.w	r2, r6, r2

# qhasm: hitmp ^= hitmp2
# asm 1: eor >hitmp=int32#3,<hitmp=int32#4,<hitmp2=int32#3
# asm 2: eor >hitmp=r2,<hitmp=r3,<hitmp2=r2
eor r2,r3,r2
 8004884:	ea83 0202 	eor.w	r2, r3, r2

# qhasm: hiu4 += hitmp + carry
# asm 1: adc >hiu4=int32#3,<hiu4=int32#9,<hitmp=int32#3
# asm 2: adc >hiu4=r2,<hiu4=r8,<hitmp=r2
adc r2,r8,r2
 8004888:	eb48 0202 	adc.w	r2, r8, r2

# qhasm: carry? lou3 += lou4
# asm 1: adds >lou3=int32#4,<lou3=int32#10,<lou4=int32#2
# asm 2: adds >lou3=r3,<lou3=r9,<lou4=r1
adds r3,r9,r1
 800488c:	eb19 0301 	adds.w	r3, r9, r1

# qhasm: hiu3 += hiu4 + carry
# asm 1: adc >hiu3=int32#5,<hiu3=int32#11,<hiu4=int32#3
# asm 2: adc >hiu3=r4,<hiu3=r10,<hiu4=r2
adc r4,r10,r2
 8004890:	eb4a 0402 	adc.w	r4, sl, r2

# qhasm: two25 = 0x2000000 simple
# asm 1: mov >two25=int32#12,0x2000000
# asm 2: mov >two25=r11,0x2000000
# copy-collector output starts
strd r3,r4,[sp,#128]
 8004894:	e9cd 3420 	strd	r3, r4, [sp, #128]	@ 0x80
ldr r5,[sp,#64]
 8004898:	9d10      	ldr	r5, [sp, #64]	@ 0x40
ldr r6,[sp,#68]
 800489a:	9e11      	ldr	r6, [sp, #68]	@ 0x44
ldr.w r7,[sp,#48]
 800489c:	f8dd 7030 	ldr.w	r7, [sp, #48]	@ 0x30
ldr r8,[sp,#52]
 80048a0:	f8dd 8034 	ldr.w	r8, [sp, #52]	@ 0x34
ldr r9,[sp,#56]
 80048a4:	f8dd 9038 	ldr.w	r9, [sp, #56]	@ 0x38
ldr r10,[sp,#60]
 80048a8:	f8dd a03c 	ldr.w	sl, [sp, #60]	@ 0x3c
# copy-collector output ends
mov r11,0x2000000
 80048ac:	f04f 7b00 	mov.w	fp, #33554432	@ 0x2000000

# qhasm: hitmp lotmp = lou0 * two25
# asm 1: umull >lotmp=int32#14,>hitmp=int32#13,<lou0=int32#6,<two25=int32#12
# asm 2: umull >lotmp=r14,>hitmp=r12,<lou0=r5,<two25=r11
umull r14,r12,r5,r11
 80048b0:	fba5 ec0b 	umull	lr, ip, r5, fp

# qhasm: lotmp hitmp += hiu0 * two25
# asm 1: umlal <hitmp=int32#13,<lotmp=int32#14,<hiu0=int32#7,<two25=int32#12
# asm 2: umlal <hitmp=r12,<lotmp=r14,<hiu0=r6,<two25=r11
umlal r12,r14,r6,r11
 80048b4:	fbe6 ce0b 	umlal	ip, lr, r6, fp

# qhasm: lotmp ^= (hiu0 unsigned>> 2)
# asm 1: eor >lotmp=int32#12,<lotmp=int32#14,<hiu0=int32#7,LSR #2
# asm 2: eor >lotmp=r11,<lotmp=r14,<hiu0=r6,LSR #2
eor r11,r14,r6,LSR #2
 80048b8:	ea8e 0b96 	eor.w	fp, lr, r6, lsr #2

# qhasm: lotmp ^= (lou0 << 30)
# asm 1: eor >lotmp=int32#12,<lotmp=int32#12,<lou0=int32#6,LSL #30
# asm 2: eor >lotmp=r11,<lotmp=r11,<lou0=r5,LSL #30
eor r11,r11,r5,LSL #30
 80048bc:	ea8b 7b85 	eor.w	fp, fp, r5, lsl #30

# qhasm: lotmp ^= (lou0 unsigned>> 28)
# asm 1: eor >lotmp=int32#12,<lotmp=int32#12,<lou0=int32#6,LSR #28
# asm 2: eor >lotmp=r11,<lotmp=r11,<lou0=r5,LSR #28
eor r11,r11,r5,LSR #28
 80048c0:	ea8b 7b15 	eor.w	fp, fp, r5, lsr #28

# qhasm: lotmp ^= (hiu0 << 4)
# asm 1: eor >lotmp=int32#12,<lotmp=int32#12,<hiu0=int32#7,LSL #4
# asm 2: eor >lotmp=r11,<lotmp=r11,<hiu0=r6,LSL #4
eor r11,r11,r6,LSL #4
 80048c4:	ea8b 1b06 	eor.w	fp, fp, r6, lsl #4

# qhasm: hitmp ^= (lou0 unsigned>> 2)
# asm 1: eor >hitmp=int32#13,<hitmp=int32#13,<lou0=int32#6,LSR #2
# asm 2: eor >hitmp=r12,<hitmp=r12,<lou0=r5,LSR #2
eor r12,r12,r5,LSR #2
 80048c8:	ea8c 0c95 	eor.w	ip, ip, r5, lsr #2

# qhasm: hitmp ^= (hiu0 << 30)
# asm 1: eor >hitmp=int32#13,<hitmp=int32#13,<hiu0=int32#7,LSL #30
# asm 2: eor >hitmp=r12,<hitmp=r12,<hiu0=r6,LSL #30
eor r12,r12,r6,LSL #30
 80048cc:	ea8c 7c86 	eor.w	ip, ip, r6, lsl #30

# qhasm: hitmp ^= (hiu0 unsigned>> 28)
# asm 1: eor >hitmp=int32#13,<hitmp=int32#13,<hiu0=int32#7,LSR #28
# asm 2: eor >hitmp=r12,<hitmp=r12,<hiu0=r6,LSR #28
eor r12,r12,r6,LSR #28
 80048d0:	ea8c 7c16 	eor.w	ip, ip, r6, lsr #28

# qhasm: hitmp ^= (lou0 << 4)
# asm 1: eor >hitmp=int32#13,<hitmp=int32#13,<lou0=int32#6,LSL #4
# asm 2: eor >hitmp=r12,<hitmp=r12,<lou0=r5,LSL #4
eor r12,r12,r5,LSL #4
 80048d4:	ea8c 1c05 	eor.w	ip, ip, r5, lsl #4

# qhasm: carry? lou4 += lotmp
# asm 1: adds >lou4=int32#2,<lou4=int32#2,<lotmp=int32#12
# asm 2: adds >lou4=r1,<lou4=r1,<lotmp=r11
adds r1,r1,r11
 80048d8:	eb11 010b 	adds.w	r1, r1, fp

# qhasm: hiu4 += hitmp + carry
# asm 1: adc >hiu4=int32#3,<hiu4=int32#3,<hitmp=int32#13
# asm 2: adc >hiu4=r2,<hiu4=r2,<hitmp=r12
adc r2,r2,r12
 80048dc:	eb42 020c 	adc.w	r2, r2, ip

# qhasm: lotmp = lou1 ^ lou2
# asm 1: eor >lotmp=int32#12,<lou1=int32#8,<lou2=int32#10
# asm 2: eor >lotmp=r11,<lou1=r7,<lou2=r9
eor r11,r7,r9
 80048e0:	ea87 0b09 	eor.w	fp, r7, r9

# qhasm: lotmp &= lou0
# asm 1: and >lotmp=int32#6,<lotmp=int32#12,<lou0=int32#6
# asm 2: and >lotmp=r5,<lotmp=r11,<lou0=r5
and r5,r11,r5
 80048e4:	ea0b 0505 	and.w	r5, fp, r5

# qhasm: lotmp2 = lou1 & lou2
# asm 1: and >lotmp2=int32#8,<lou1=int32#8,<lou2=int32#10
# asm 2: and >lotmp2=r7,<lou1=r7,<lou2=r9
and r7,r7,r9
 80048e8:	ea07 0709 	and.w	r7, r7, r9

# qhasm: lotmp ^= lotmp2
# asm 1: eor >lotmp=int32#6,<lotmp=int32#6,<lotmp2=int32#8
# asm 2: eor >lotmp=r5,<lotmp=r5,<lotmp2=r7
eor r5,r5,r7
 80048ec:	ea85 0507 	eor.w	r5, r5, r7

# qhasm: carry? lou4 += lotmp
# asm 1: adds >lou4=int32#2,<lou4=int32#2,<lotmp=int32#6
# asm 2: adds >lou4=r1,<lou4=r1,<lotmp=r5
adds.w r1,r1,r5
 80048f0:	eb11 0105 	adds.w	r1, r1, r5

# qhasm: hitmp = hiu1 ^ hiu2
# asm 1: eor >hitmp=int32#6,<hiu1=int32#9,<hiu2=int32#11
# asm 2: eor >hitmp=r5,<hiu1=r8,<hiu2=r10
eor r5,r8,r10
 80048f4:	ea88 050a 	eor.w	r5, r8, sl

# qhasm: hitmp &= hiu0
# asm 1: and >hitmp=int32#6,<hitmp=int32#6,<hiu0=int32#7
# asm 2: and >hitmp=r5,<hitmp=r5,<hiu0=r6
and r5,r5,r6
 80048f8:	ea05 0506 	and.w	r5, r5, r6

# qhasm: hitmp2 = hiu1 & hiu2
# asm 1: and >hitmp2=int32#7,<hiu1=int32#9,<hiu2=int32#11
# asm 2: and >hitmp2=r6,<hiu1=r8,<hiu2=r10
and r6,r8,r10
 80048fc:	ea08 060a 	and.w	r6, r8, sl

# qhasm: hitmp ^= hitmp2
# asm 1: eor >hitmp=int32#6,<hitmp=int32#6,<hitmp2=int32#7
# asm 2: eor >hitmp=r5,<hitmp=r5,<hitmp2=r6
eor r5,r5,r6
 8004900:	ea85 0506 	eor.w	r5, r5, r6

# qhasm: hiu4 += hitmp + carry
# asm 1: adc >hiu4=int32#3,<hiu4=int32#3,<hitmp=int32#6
# asm 2: adc >hiu4=r2,<hiu4=r2,<hitmp=r5
adc r2,r2,r5
 8004904:	eb42 0205 	adc.w	r2, r2, r5

# qhasm: two23 = 0x800000 simple
# asm 1: mov >two23=int32#14,0x800000
# asm 2: mov >two23=r14,0x800000
# copy-collector output starts
strd r1,r2,[sp,#56]
 8004908:	e9cd 120e 	strd	r1, r2, [sp, #56]	@ 0x38
ldr r1,[sp,#12]
 800490c:	9903      	ldr	r1, [sp, #12]
ldr r2,[sp,#72]
 800490e:	9a12      	ldr	r2, [sp, #72]	@ 0x48
ldr r5,[sp,#112]
 8004910:	9d1c      	ldr	r5, [sp, #112]	@ 0x70
ldr r6,[sp,#116]
 8004912:	9e1d      	ldr	r6, [sp, #116]	@ 0x74
ldr.w r7,[sp,#120]
 8004914:	f8dd 7078 	ldr.w	r7, [sp, #120]	@ 0x78
ldr r8,[sp,#124]
 8004918:	f8dd 807c 	ldr.w	r8, [sp, #124]	@ 0x7c
ldr r11,[sp,#160]
 800491c:	f8dd b0a0 	ldr.w	fp, [sp, #160]	@ 0xa0
ldr r12,[sp,#164]
 8004920:	f8dd c0a4 	ldr.w	ip, [sp, #164]	@ 0xa4
# copy-collector output ends
mov r14,0x800000
 8004924:	f44f 0e00 	mov.w	lr, #8388608	@ 0x800000

# qhasm: carry?  lou4 += lou5
# asm 1: adds >lou4=int32#8,<lou4=int32#8,<lou5=int32#12
# asm 2: adds >lou4=r7,<lou4=r7,<lou5=r11
adds r7,r7,r11
 8004928:	eb17 070b 	adds.w	r7, r7, fp

# qhasm: hiu4 += hiu5 + carry
# asm 1: adc >hiu4=int32#9,<hiu4=int32#9,<hiu5=int32#13
# asm 2: adc >hiu4=r8,<hiu4=r8,<hiu5=r12
adc r8,r8,r12
 800492c:	eb48 080c 	adc.w	r8, r8, ip

# qhasm: carry? lou4 += lotmp
# asm 1: adds >lou4=int32#8,<lou4=int32#8,<lotmp=int32#12
# asm 2: adds >lou4=r7,<lou4=r7,<lotmp=r11
# copy-collector output starts
ldr r11,[r0],#4
 8004930:	f850 bb04 	ldr.w	fp, [r0], #4
ldr r12,[r0],#4
 8004934:	f850 cb04 	ldr.w	ip, [r0], #4
# copy-collector output ends
adds r7,r7,r11
 8004938:	eb17 070b 	adds.w	r7, r7, fp

# qhasm: hiu4 += hitmp + carry
# asm 1: adc >hiu4=int32#9,<hiu4=int32#9,<hitmp=int32#13
# asm 2: adc >hiu4=r8,<hiu4=r8,<hitmp=r12
adc r8,r8,r12
 800493c:	eb48 080c 	adc.w	r8, r8, ip

# qhasm: hitmp lotmp = lou3 * two23
# asm 1: umull >lotmp=int32#13,>hitmp=int32#12,<lou3=int32#4,<two23=int32#14
# asm 2: umull >lotmp=r12,>hitmp=r11,<lou3=r3,<two23=r14
umull r12,r11,r3,r14
 8004940:	fba3 cb0e 	umull	ip, fp, r3, lr

# qhasm: lotmp hitmp += hiu3 * two23
# asm 1: umlal <hitmp=int32#12,<lotmp=int32#13,<hiu3=int32#5,<two23=int32#14
# asm 2: umlal <hitmp=r11,<lotmp=r12,<hiu3=r4,<two23=r14
umlal r11,r12,r4,r14
 8004944:	fbe4 bc0e 	umlal	fp, ip, r4, lr

# qhasm: lotmp ^= (lou3 unsigned>> 18)
# asm 1: eor >lotmp=int32#13,<lotmp=int32#13,<lou3=int32#4,LSR #18
# asm 2: eor >lotmp=r12,<lotmp=r12,<lou3=r3,LSR #18
eor r12,r12,r3,LSR #18
 8004948:	ea8c 4c93 	eor.w	ip, ip, r3, lsr #18

# qhasm: lotmp ^= (hiu3 << 14)
# asm 1: eor >lotmp=int32#13,<lotmp=int32#13,<hiu3=int32#5,LSL #14
# asm 2: eor >lotmp=r12,<lotmp=r12,<hiu3=r4,LSL #14
eor r12,r12,r4,LSL #14
 800494c:	ea8c 3c84 	eor.w	ip, ip, r4, lsl #14

# qhasm: lotmp ^= (lou3 unsigned>> 14)
# asm 1: eor >lotmp=int32#13,<lotmp=int32#13,<lou3=int32#4,LSR #14
# asm 2: eor >lotmp=r12,<lotmp=r12,<lou3=r3,LSR #14
eor r12,r12,r3,LSR #14
 8004950:	ea8c 3c93 	eor.w	ip, ip, r3, lsr #14

# qhasm: lotmp ^= (hiu3 << 18)
# asm 1: eor >lotmp=int32#13,<lotmp=int32#13,<hiu3=int32#5,LSL #18
# asm 2: eor >lotmp=r12,<lotmp=r12,<hiu3=r4,LSL #18
eor r12,r12,r4,LSL #18
 8004954:	ea8c 4c84 	eor.w	ip, ip, r4, lsl #18

# qhasm: hitmp ^= (hiu3 unsigned>> 18)
# asm 1: eor >hitmp=int32#12,<hitmp=int32#12,<hiu3=int32#5,LSR #18
# asm 2: eor >hitmp=r11,<hitmp=r11,<hiu3=r4,LSR #18
eor r11,r11,r4,LSR #18
 8004958:	ea8b 4b94 	eor.w	fp, fp, r4, lsr #18

# qhasm: hitmp ^= (lou3 << 14)
# asm 1: eor >hitmp=int32#12,<hitmp=int32#12,<lou3=int32#4,LSL #14
# asm 2: eor >hitmp=r11,<hitmp=r11,<lou3=r3,LSL #14
eor r11,r11,r3,LSL #14
 800495c:	ea8b 3b83 	eor.w	fp, fp, r3, lsl #14

# qhasm: hitmp ^= (hiu3 unsigned>> 14)
# asm 1: eor >hitmp=int32#12,<hitmp=int32#12,<hiu3=int32#5,LSR #14
# asm 2: eor >hitmp=r11,<hitmp=r11,<hiu3=r4,LSR #14
eor r11,r11,r4,LSR #14
 8004960:	ea8b 3b94 	eor.w	fp, fp, r4, lsr #14

# qhasm: hitmp ^= (lou3 << 18)
# asm 1: eor >hitmp=int32#12,<hitmp=int32#12,<lou3=int32#4,LSL #18
# asm 2: eor >hitmp=r11,<hitmp=r11,<lou3=r3,LSL #18
eor r11,r11,r3,LSL #18
 8004964:	ea8b 4b83 	eor.w	fp, fp, r3, lsl #18

# qhasm: carry? lou4 += lotmp
# asm 1: adds >lou4=int32#8,<lou4=int32#8,<lotmp=int32#13
# asm 2: adds >lou4=r7,<lou4=r7,<lotmp=r12
adds r7,r7,r12
 8004968:	eb17 070c 	adds.w	r7, r7, ip

# qhasm: hiu4 += hitmp + carry
# asm 1: adc >hiu4=int32#9,<hiu4=int32#9,<hitmp=int32#12
# asm 2: adc >hiu4=r8,<hiu4=r8,<hitmp=r11
adc r8,r8,r11
 800496c:	eb48 080b 	adc.w	r8, r8, fp

# qhasm: lotmp = lou3 & lou0
# asm 1: and >lotmp=int32#2,<lou3=int32#4,<lou0=int32#2
# asm 2: and >lotmp=r1,<lou3=r3,<lou0=r1
and r1,r3,r1
 8004970:	ea03 0101 	and.w	r1, r3, r1

# qhasm: lotmp2 = lou1 & ~lou3
# asm 1: bic >lotmp2=int32#4,<lou1=int32#6,<lou3=int32#4
# asm 2: bic >lotmp2=r3,<lou1=r5,<lou3=r3
bic r3,r5,r3
 8004974:	ea25 0303 	bic.w	r3, r5, r3

# qhasm: lotmp ^= lotmp2
# asm 1: eor >lotmp=int32#2,<lotmp=int32#2,<lotmp2=int32#4
# asm 2: eor >lotmp=r1,<lotmp=r1,<lotmp2=r3
eor r1,r1,r3
 8004978:	ea81 0103 	eor.w	r1, r1, r3

# qhasm: carry? lou4 += lotmp
# asm 1: adds >lou4=int32#2,<lou4=int32#8,<lotmp=int32#2
# asm 2: adds >lou4=r1,<lou4=r7,<lotmp=r1
adds.w r1,r7,r1
 800497c:	eb17 0101 	adds.w	r1, r7, r1

# qhasm: hitmp = hiu3 & hiu0
# asm 1: and >hitmp=int32#3,<hiu3=int32#5,<hiu0=int32#3
# asm 2: and >hitmp=r2,<hiu3=r4,<hiu0=r2
and r2,r4,r2
 8004980:	ea04 0202 	and.w	r2, r4, r2

# qhasm: hitmp2 = hiu1 & ~hiu3
# asm 1: bic >hitmp2=int32#4,<hiu1=int32#7,<hiu3=int32#5
# asm 2: bic >hitmp2=r3,<hiu1=r6,<hiu3=r4
bic r3,r6,r4
 8004984:	ea26 0304 	bic.w	r3, r6, r4

# qhasm: hitmp ^= hitmp2
# asm 1: eor >hitmp=int32#3,<hitmp=int32#3,<hitmp2=int32#4
# asm 2: eor >hitmp=r2,<hitmp=r2,<hitmp2=r3
eor r2,r2,r3
 8004988:	ea82 0203 	eor.w	r2, r2, r3

# qhasm: hiu4 += hitmp + carry
# asm 1: adc >hiu4=int32#3,<hiu4=int32#9,<hitmp=int32#3
# asm 2: adc >hiu4=r2,<hiu4=r8,<hitmp=r2
adc r2,r8,r2
 800498c:	eb48 0202 	adc.w	r2, r8, r2

# qhasm: carry? lou2 += lou4
# asm 1: adds >lou2=int32#4,<lou2=int32#10,<lou4=int32#2
# asm 2: adds >lou2=r3,<lou2=r9,<lou4=r1
adds r3,r9,r1
 8004990:	eb19 0301 	adds.w	r3, r9, r1

# qhasm: hiu2 += hiu4 + carry
# asm 1: adc >hiu2=int32#5,<hiu2=int32#11,<hiu4=int32#3
# asm 2: adc >hiu2=r4,<hiu2=r10,<hiu4=r2
adc r4,r10,r2
 8004994:	eb4a 0402 	adc.w	r4, sl, r2

# qhasm: two25 = 0x2000000 simple
# asm 1: mov >two25=int32#12,0x2000000
# asm 2: mov >two25=r11,0x2000000
# copy-collector output starts
strd r3,r4,[sp,#120]
 8004998:	e9cd 341e 	strd	r3, r4, [sp, #120]	@ 0x78
ldr r5,[sp,#56]
 800499c:	9d0e      	ldr	r5, [sp, #56]	@ 0x38
ldr r6,[sp,#60]
 800499e:	9e0f      	ldr	r6, [sp, #60]	@ 0x3c
ldr.w r7,[sp,#64]
 80049a0:	f8dd 7040 	ldr.w	r7, [sp, #64]	@ 0x40
ldr r8,[sp,#68]
 80049a4:	f8dd 8044 	ldr.w	r8, [sp, #68]	@ 0x44
ldr r9,[sp,#48]
 80049a8:	f8dd 9030 	ldr.w	r9, [sp, #48]	@ 0x30
ldr r10,[sp,#52]
 80049ac:	f8dd a034 	ldr.w	sl, [sp, #52]	@ 0x34
# copy-collector output ends
mov r11,0x2000000
 80049b0:	f04f 7b00 	mov.w	fp, #33554432	@ 0x2000000

# qhasm: hitmp lotmp = lou0 * two25
# asm 1: umull >lotmp=int32#14,>hitmp=int32#13,<lou0=int32#6,<two25=int32#12
# asm 2: umull >lotmp=r14,>hitmp=r12,<lou0=r5,<two25=r11
umull r14,r12,r5,r11
 80049b4:	fba5 ec0b 	umull	lr, ip, r5, fp

# qhasm: lotmp hitmp += hiu0 * two25
# asm 1: umlal <hitmp=int32#13,<lotmp=int32#14,<hiu0=int32#7,<two25=int32#12
# asm 2: umlal <hitmp=r12,<lotmp=r14,<hiu0=r6,<two25=r11
umlal r12,r14,r6,r11
 80049b8:	fbe6 ce0b 	umlal	ip, lr, r6, fp

# qhasm: lotmp ^= (hiu0 unsigned>> 2)
# asm 1: eor >lotmp=int32#12,<lotmp=int32#14,<hiu0=int32#7,LSR #2
# asm 2: eor >lotmp=r11,<lotmp=r14,<hiu0=r6,LSR #2
eor r11,r14,r6,LSR #2
 80049bc:	ea8e 0b96 	eor.w	fp, lr, r6, lsr #2

# qhasm: lotmp ^= (lou0 << 30)
# asm 1: eor >lotmp=int32#12,<lotmp=int32#12,<lou0=int32#6,LSL #30
# asm 2: eor >lotmp=r11,<lotmp=r11,<lou0=r5,LSL #30
eor r11,r11,r5,LSL #30
 80049c0:	ea8b 7b85 	eor.w	fp, fp, r5, lsl #30

# qhasm: lotmp ^= (lou0 unsigned>> 28)
# asm 1: eor >lotmp=int32#12,<lotmp=int32#12,<lou0=int32#6,LSR #28
# asm 2: eor >lotmp=r11,<lotmp=r11,<lou0=r5,LSR #28
eor r11,r11,r5,LSR #28
 80049c4:	ea8b 7b15 	eor.w	fp, fp, r5, lsr #28

# qhasm: lotmp ^= (hiu0 << 4)
# asm 1: eor >lotmp=int32#12,<lotmp=int32#12,<hiu0=int32#7,LSL #4
# asm 2: eor >lotmp=r11,<lotmp=r11,<hiu0=r6,LSL #4
eor r11,r11,r6,LSL #4
 80049c8:	ea8b 1b06 	eor.w	fp, fp, r6, lsl #4

# qhasm: hitmp ^= (lou0 unsigned>> 2)
# asm 1: eor >hitmp=int32#13,<hitmp=int32#13,<lou0=int32#6,LSR #2
# asm 2: eor >hitmp=r12,<hitmp=r12,<lou0=r5,LSR #2
eor r12,r12,r5,LSR #2
 80049cc:	ea8c 0c95 	eor.w	ip, ip, r5, lsr #2

# qhasm: hitmp ^= (hiu0 << 30)
# asm 1: eor >hitmp=int32#13,<hitmp=int32#13,<hiu0=int32#7,LSL #30
# asm 2: eor >hitmp=r12,<hitmp=r12,<hiu0=r6,LSL #30
eor r12,r12,r6,LSL #30
 80049d0:	ea8c 7c86 	eor.w	ip, ip, r6, lsl #30

# qhasm: hitmp ^= (hiu0 unsigned>> 28)
# asm 1: eor >hitmp=int32#13,<hitmp=int32#13,<hiu0=int32#7,LSR #28
# asm 2: eor >hitmp=r12,<hitmp=r12,<hiu0=r6,LSR #28
eor r12,r12,r6,LSR #28
 80049d4:	ea8c 7c16 	eor.w	ip, ip, r6, lsr #28

# qhasm: hitmp ^= (lou0 << 4)
# asm 1: eor >hitmp=int32#13,<hitmp=int32#13,<lou0=int32#6,LSL #4
# asm 2: eor >hitmp=r12,<hitmp=r12,<lou0=r5,LSL #4
eor r12,r12,r5,LSL #4
 80049d8:	ea8c 1c05 	eor.w	ip, ip, r5, lsl #4

# qhasm: carry? lou4 += lotmp
# asm 1: adds >lou4=int32#2,<lou4=int32#2,<lotmp=int32#12
# asm 2: adds >lou4=r1,<lou4=r1,<lotmp=r11
adds r1,r1,r11
 80049dc:	eb11 010b 	adds.w	r1, r1, fp

# qhasm: hiu4 += hitmp + carry
# asm 1: adc >hiu4=int32#3,<hiu4=int32#3,<hitmp=int32#13
# asm 2: adc >hiu4=r2,<hiu4=r2,<hitmp=r12
adc r2,r2,r12
 80049e0:	eb42 020c 	adc.w	r2, r2, ip

# qhasm: lotmp = lou1 ^ lou3
# asm 1: eor >lotmp=int32#12,<lou1=int32#8,<lou3=int32#10
# asm 2: eor >lotmp=r11,<lou1=r7,<lou3=r9
eor r11,r7,r9
 80049e4:	ea87 0b09 	eor.w	fp, r7, r9

# qhasm: lotmp &= lou0
# asm 1: and >lotmp=int32#6,<lotmp=int32#12,<lou0=int32#6
# asm 2: and >lotmp=r5,<lotmp=r11,<lou0=r5
and r5,r11,r5
 80049e8:	ea0b 0505 	and.w	r5, fp, r5

# qhasm: lotmp2 = lou1 & lou3
# asm 1: and >lotmp2=int32#8,<lou1=int32#8,<lou3=int32#10
# asm 2: and >lotmp2=r7,<lou1=r7,<lou3=r9
and r7,r7,r9
 80049ec:	ea07 0709 	and.w	r7, r7, r9

# qhasm: lotmp ^= lotmp2
# asm 1: eor >lotmp=int32#6,<lotmp=int32#6,<lotmp2=int32#8
# asm 2: eor >lotmp=r5,<lotmp=r5,<lotmp2=r7
eor r5,r5,r7
 80049f0:	ea85 0507 	eor.w	r5, r5, r7

# qhasm: carry? lou4 += lotmp
# asm 1: adds >lou4=int32#2,<lou4=int32#2,<lotmp=int32#6
# asm 2: adds >lou4=r1,<lou4=r1,<lotmp=r5
adds.w r1,r1,r5
 80049f4:	eb11 0105 	adds.w	r1, r1, r5

# qhasm: hitmp = hiu1 ^ hiu3
# asm 1: eor >hitmp=int32#6,<hiu1=int32#9,<hiu3=int32#11
# asm 2: eor >hitmp=r5,<hiu1=r8,<hiu3=r10
eor r5,r8,r10
 80049f8:	ea88 050a 	eor.w	r5, r8, sl

# qhasm: hitmp &= hiu0
# asm 1: and >hitmp=int32#6,<hitmp=int32#6,<hiu0=int32#7
# asm 2: and >hitmp=r5,<hitmp=r5,<hiu0=r6
and r5,r5,r6
 80049fc:	ea05 0506 	and.w	r5, r5, r6

# qhasm: hitmp2 = hiu1 & hiu3
# asm 1: and >hitmp2=int32#7,<hiu1=int32#9,<hiu3=int32#11
# asm 2: and >hitmp2=r6,<hiu1=r8,<hiu3=r10
and r6,r8,r10
 8004a00:	ea08 060a 	and.w	r6, r8, sl

# qhasm: hitmp ^= hitmp2
# asm 1: eor >hitmp=int32#6,<hitmp=int32#6,<hitmp2=int32#7
# asm 2: eor >hitmp=r5,<hitmp=r5,<hitmp2=r6
eor r5,r5,r6
 8004a04:	ea85 0506 	eor.w	r5, r5, r6

# qhasm: hiu4 += hitmp + carry
# asm 1: adc >hiu4=int32#3,<hiu4=int32#3,<hitmp=int32#6
# asm 2: adc >hiu4=r2,<hiu4=r2,<hitmp=r5
adc r2,r2,r5
 8004a08:	eb42 0205 	adc.w	r2, r2, r5

# qhasm: two23 = 0x800000 simple
# asm 1: mov >two23=int32#14,0x800000
# asm 2: mov >two23=r14,0x800000
# copy-collector output starts
strd r1,r2,[sp,#48]
 8004a0c:	e9cd 120c 	strd	r1, r2, [sp, #48]	@ 0x30
ldr r1,[sp,#128]
 8004a10:	9920      	ldr	r1, [sp, #128]	@ 0x80
ldr r2,[sp,#132]
 8004a12:	9a21      	ldr	r2, [sp, #132]	@ 0x84
ldr r5,[sp,#12]
 8004a14:	9d03      	ldr	r5, [sp, #12]
ldr r6,[sp,#72]
 8004a16:	9e12      	ldr	r6, [sp, #72]	@ 0x48
ldr.w r7,[sp,#112]
 8004a18:	f8dd 7070 	ldr.w	r7, [sp, #112]	@ 0x70
ldr r8,[sp,#116]
 8004a1c:	f8dd 8074 	ldr.w	r8, [sp, #116]	@ 0x74
ldr r11,[sp,#168]
 8004a20:	f8dd b0a8 	ldr.w	fp, [sp, #168]	@ 0xa8
ldr r12,[sp,#172]
 8004a24:	f8dd c0ac 	ldr.w	ip, [sp, #172]	@ 0xac
# copy-collector output ends
mov r14,0x800000
 8004a28:	f44f 0e00 	mov.w	lr, #8388608	@ 0x800000

# qhasm: carry?  lou4 += lou5
# asm 1: adds >lou4=int32#8,<lou4=int32#8,<lou5=int32#12
# asm 2: adds >lou4=r7,<lou4=r7,<lou5=r11
adds r7,r7,r11
 8004a2c:	eb17 070b 	adds.w	r7, r7, fp

# qhasm: hiu4 += hiu5 + carry
# asm 1: adc >hiu4=int32#9,<hiu4=int32#9,<hiu5=int32#13
# asm 2: adc >hiu4=r8,<hiu4=r8,<hiu5=r12
adc r8,r8,r12
 8004a30:	eb48 080c 	adc.w	r8, r8, ip

# qhasm: carry? lou4 += lotmp
# asm 1: adds >lou4=int32#8,<lou4=int32#8,<lotmp=int32#12
# asm 2: adds >lou4=r7,<lou4=r7,<lotmp=r11
# copy-collector output starts
ldr r11,[r0],#4
 8004a34:	f850 bb04 	ldr.w	fp, [r0], #4
ldr r12,[r0],#4
 8004a38:	f850 cb04 	ldr.w	ip, [r0], #4
# copy-collector output ends
adds r7,r7,r11
 8004a3c:	eb17 070b 	adds.w	r7, r7, fp

# qhasm: hiu4 += hitmp + carry
# asm 1: adc >hiu4=int32#9,<hiu4=int32#9,<hitmp=int32#13
# asm 2: adc >hiu4=r8,<hiu4=r8,<hitmp=r12
adc r8,r8,r12
 8004a40:	eb48 080c 	adc.w	r8, r8, ip

# qhasm: hitmp lotmp = lou2 * two23
# asm 1: umull >lotmp=int32#13,>hitmp=int32#12,<lou2=int32#4,<two23=int32#14
# asm 2: umull >lotmp=r12,>hitmp=r11,<lou2=r3,<two23=r14
umull r12,r11,r3,r14
 8004a44:	fba3 cb0e 	umull	ip, fp, r3, lr

# qhasm: lotmp hitmp += hiu2 * two23
# asm 1: umlal <hitmp=int32#12,<lotmp=int32#13,<hiu2=int32#5,<two23=int32#14
# asm 2: umlal <hitmp=r11,<lotmp=r12,<hiu2=r4,<two23=r14
umlal r11,r12,r4,r14
 8004a48:	fbe4 bc0e 	umlal	fp, ip, r4, lr

# qhasm: lotmp ^= (lou2 unsigned>> 18)
# asm 1: eor >lotmp=int32#13,<lotmp=int32#13,<lou2=int32#4,LSR #18
# asm 2: eor >lotmp=r12,<lotmp=r12,<lou2=r3,LSR #18
eor r12,r12,r3,LSR #18
 8004a4c:	ea8c 4c93 	eor.w	ip, ip, r3, lsr #18

# qhasm: lotmp ^= (hiu2 << 14)
# asm 1: eor >lotmp=int32#13,<lotmp=int32#13,<hiu2=int32#5,LSL #14
# asm 2: eor >lotmp=r12,<lotmp=r12,<hiu2=r4,LSL #14
eor r12,r12,r4,LSL #14
 8004a50:	ea8c 3c84 	eor.w	ip, ip, r4, lsl #14

# qhasm: lotmp ^= (lou2 unsigned>> 14)
# asm 1: eor >lotmp=int32#13,<lotmp=int32#13,<lou2=int32#4,LSR #14
# asm 2: eor >lotmp=r12,<lotmp=r12,<lou2=r3,LSR #14
eor r12,r12,r3,LSR #14
 8004a54:	ea8c 3c93 	eor.w	ip, ip, r3, lsr #14

# qhasm: lotmp ^= (hiu2 << 18)
# asm 1: eor >lotmp=int32#13,<lotmp=int32#13,<hiu2=int32#5,LSL #18
# asm 2: eor >lotmp=r12,<lotmp=r12,<hiu2=r4,LSL #18
eor r12,r12,r4,LSL #18
 8004a58:	ea8c 4c84 	eor.w	ip, ip, r4, lsl #18

# qhasm: hitmp ^= (hiu2 unsigned>> 18)
# asm 1: eor >hitmp=int32#12,<hitmp=int32#12,<hiu2=int32#5,LSR #18
# asm 2: eor >hitmp=r11,<hitmp=r11,<hiu2=r4,LSR #18
eor r11,r11,r4,LSR #18
 8004a5c:	ea8b 4b94 	eor.w	fp, fp, r4, lsr #18

# qhasm: hitmp ^= (lou2 << 14)
# asm 1: eor >hitmp=int32#12,<hitmp=int32#12,<lou2=int32#4,LSL #14
# asm 2: eor >hitmp=r11,<hitmp=r11,<lou2=r3,LSL #14
eor r11,r11,r3,LSL #14
 8004a60:	ea8b 3b83 	eor.w	fp, fp, r3, lsl #14

# qhasm: hitmp ^= (hiu2 unsigned>> 14)
# asm 1: eor >hitmp=int32#12,<hitmp=int32#12,<hiu2=int32#5,LSR #14
# asm 2: eor >hitmp=r11,<hitmp=r11,<hiu2=r4,LSR #14
eor r11,r11,r4,LSR #14
 8004a64:	ea8b 3b94 	eor.w	fp, fp, r4, lsr #14

# qhasm: hitmp ^= (lou2 << 18)
# asm 1: eor >hitmp=int32#12,<hitmp=int32#12,<lou2=int32#4,LSL #18
# asm 2: eor >hitmp=r11,<hitmp=r11,<lou2=r3,LSL #18
eor r11,r11,r3,LSL #18
 8004a68:	ea8b 4b83 	eor.w	fp, fp, r3, lsl #18

# qhasm: carry? lou4 += lotmp
# asm 1: adds >lou4=int32#8,<lou4=int32#8,<lotmp=int32#13
# asm 2: adds >lou4=r7,<lou4=r7,<lotmp=r12
adds r7,r7,r12
 8004a6c:	eb17 070c 	adds.w	r7, r7, ip

# qhasm: hiu4 += hitmp + carry
# asm 1: adc >hiu4=int32#9,<hiu4=int32#9,<hitmp=int32#12
# asm 2: adc >hiu4=r8,<hiu4=r8,<hitmp=r11
adc r8,r8,r11
 8004a70:	eb48 080b 	adc.w	r8, r8, fp

# qhasm: lotmp = lou2 & lou0
# asm 1: and >lotmp=int32#2,<lou2=int32#4,<lou0=int32#2
# asm 2: and >lotmp=r1,<lou2=r3,<lou0=r1
and r1,r3,r1
 8004a74:	ea03 0101 	and.w	r1, r3, r1

# qhasm: lotmp2 = lou1 & ~lou2
# asm 1: bic >lotmp2=int32#4,<lou1=int32#6,<lou2=int32#4
# asm 2: bic >lotmp2=r3,<lou1=r5,<lou2=r3
bic r3,r5,r3
 8004a78:	ea25 0303 	bic.w	r3, r5, r3

# qhasm: lotmp ^= lotmp2
# asm 1: eor >lotmp=int32#2,<lotmp=int32#2,<lotmp2=int32#4
# asm 2: eor >lotmp=r1,<lotmp=r1,<lotmp2=r3
eor r1,r1,r3
 8004a7c:	ea81 0103 	eor.w	r1, r1, r3

# qhasm: carry? lou4 += lotmp
# asm 1: adds >lou4=int32#2,<lou4=int32#8,<lotmp=int32#2
# asm 2: adds >lou4=r1,<lou4=r7,<lotmp=r1
adds.w r1,r7,r1
 8004a80:	eb17 0101 	adds.w	r1, r7, r1

# qhasm: hitmp = hiu2 & hiu0
# asm 1: and >hitmp=int32#3,<hiu2=int32#5,<hiu0=int32#3
# asm 2: and >hitmp=r2,<hiu2=r4,<hiu0=r2
and r2,r4,r2
 8004a84:	ea04 0202 	and.w	r2, r4, r2

# qhasm: hitmp2 = hiu1 & ~hiu2
# asm 1: bic >hitmp2=int32#4,<hiu1=int32#7,<hiu2=int32#5
# asm 2: bic >hitmp2=r3,<hiu1=r6,<hiu2=r4
bic r3,r6,r4
 8004a88:	ea26 0304 	bic.w	r3, r6, r4

# qhasm: hitmp ^= hitmp2
# asm 1: eor >hitmp=int32#3,<hitmp=int32#3,<hitmp2=int32#4
# asm 2: eor >hitmp=r2,<hitmp=r2,<hitmp2=r3
eor r2,r2,r3
 8004a8c:	ea82 0203 	eor.w	r2, r2, r3

# qhasm: hiu4 += hitmp + carry
# asm 1: adc >hiu4=int32#3,<hiu4=int32#9,<hitmp=int32#3
# asm 2: adc >hiu4=r2,<hiu4=r8,<hitmp=r2
adc r2,r8,r2
 8004a90:	eb48 0202 	adc.w	r2, r8, r2

# qhasm: carry? lou3 += lou4
# asm 1: adds >lou3=int32#4,<lou3=int32#10,<lou4=int32#2
# asm 2: adds >lou3=r3,<lou3=r9,<lou4=r1
adds r3,r9,r1
 8004a94:	eb19 0301 	adds.w	r3, r9, r1

# qhasm: hiu3 += hiu4 + carry
# asm 1: adc >hiu3=int32#5,<hiu3=int32#11,<hiu4=int32#3
# asm 2: adc >hiu3=r4,<hiu3=r10,<hiu4=r2
adc r4,r10,r2
 8004a98:	eb4a 0402 	adc.w	r4, sl, r2

# qhasm: two25 = 0x2000000 simple
# asm 1: mov >two25=int32#12,0x2000000
# asm 2: mov >two25=r11,0x2000000
# copy-collector output starts
strd r3,r4,[sp,#112]
 8004a9c:	e9cd 341c 	strd	r3, r4, [sp, #112]	@ 0x70
ldr r5,[sp,#48]
 8004aa0:	9d0c      	ldr	r5, [sp, #48]	@ 0x30
ldr r6,[sp,#52]
 8004aa2:	9e0d      	ldr	r6, [sp, #52]	@ 0x34
ldr.w r7,[sp,#56]
 8004aa4:	f8dd 7038 	ldr.w	r7, [sp, #56]	@ 0x38
ldr r8,[sp,#60]
 8004aa8:	f8dd 803c 	ldr.w	r8, [sp, #60]	@ 0x3c
ldr r9,[sp,#64]
 8004aac:	f8dd 9040 	ldr.w	r9, [sp, #64]	@ 0x40
ldr r10,[sp,#68]
 8004ab0:	f8dd a044 	ldr.w	sl, [sp, #68]	@ 0x44
# copy-collector output ends
mov r11,0x2000000
 8004ab4:	f04f 7b00 	mov.w	fp, #33554432	@ 0x2000000

# qhasm: hitmp lotmp = lou0 * two25
# asm 1: umull >lotmp=int32#14,>hitmp=int32#13,<lou0=int32#6,<two25=int32#12
# asm 2: umull >lotmp=r14,>hitmp=r12,<lou0=r5,<two25=r11
umull r14,r12,r5,r11
 8004ab8:	fba5 ec0b 	umull	lr, ip, r5, fp

# qhasm: lotmp hitmp += hiu0 * two25
# asm 1: umlal <hitmp=int32#13,<lotmp=int32#14,<hiu0=int32#7,<two25=int32#12
# asm 2: umlal <hitmp=r12,<lotmp=r14,<hiu0=r6,<two25=r11
umlal r12,r14,r6,r11
 8004abc:	fbe6 ce0b 	umlal	ip, lr, r6, fp

# qhasm: lotmp ^= (hiu0 unsigned>> 2)
# asm 1: eor >lotmp=int32#12,<lotmp=int32#14,<hiu0=int32#7,LSR #2
# asm 2: eor >lotmp=r11,<lotmp=r14,<hiu0=r6,LSR #2
eor r11,r14,r6,LSR #2
 8004ac0:	ea8e 0b96 	eor.w	fp, lr, r6, lsr #2

# qhasm: lotmp ^= (lou0 << 30)
# asm 1: eor >lotmp=int32#12,<lotmp=int32#12,<lou0=int32#6,LSL #30
# asm 2: eor >lotmp=r11,<lotmp=r11,<lou0=r5,LSL #30
eor r11,r11,r5,LSL #30
 8004ac4:	ea8b 7b85 	eor.w	fp, fp, r5, lsl #30

# qhasm: lotmp ^= (lou0 unsigned>> 28)
# asm 1: eor >lotmp=int32#12,<lotmp=int32#12,<lou0=int32#6,LSR #28
# asm 2: eor >lotmp=r11,<lotmp=r11,<lou0=r5,LSR #28
eor r11,r11,r5,LSR #28
 8004ac8:	ea8b 7b15 	eor.w	fp, fp, r5, lsr #28

# qhasm: lotmp ^= (hiu0 << 4)
# asm 1: eor >lotmp=int32#12,<lotmp=int32#12,<hiu0=int32#7,LSL #4
# asm 2: eor >lotmp=r11,<lotmp=r11,<hiu0=r6,LSL #4
eor r11,r11,r6,LSL #4
 8004acc:	ea8b 1b06 	eor.w	fp, fp, r6, lsl #4

# qhasm: hitmp ^= (lou0 unsigned>> 2)
# asm 1: eor >hitmp=int32#13,<hitmp=int32#13,<lou0=int32#6,LSR #2
# asm 2: eor >hitmp=r12,<hitmp=r12,<lou0=r5,LSR #2
eor r12,r12,r5,LSR #2
 8004ad0:	ea8c 0c95 	eor.w	ip, ip, r5, lsr #2

# qhasm: hitmp ^= (hiu0 << 30)
# asm 1: eor >hitmp=int32#13,<hitmp=int32#13,<hiu0=int32#7,LSL #30
# asm 2: eor >hitmp=r12,<hitmp=r12,<hiu0=r6,LSL #30
eor r12,r12,r6,LSL #30
 8004ad4:	ea8c 7c86 	eor.w	ip, ip, r6, lsl #30

# qhasm: hitmp ^= (hiu0 unsigned>> 28)
# asm 1: eor >hitmp=int32#13,<hitmp=int32#13,<hiu0=int32#7,LSR #28
# asm 2: eor >hitmp=r12,<hitmp=r12,<hiu0=r6,LSR #28
eor r12,r12,r6,LSR #28
 8004ad8:	ea8c 7c16 	eor.w	ip, ip, r6, lsr #28

# qhasm: hitmp ^= (lou0 << 4)
# asm 1: eor >hitmp=int32#13,<hitmp=int32#13,<lou0=int32#6,LSL #4
# asm 2: eor >hitmp=r12,<hitmp=r12,<lou0=r5,LSL #4
eor r12,r12,r5,LSL #4
 8004adc:	ea8c 1c05 	eor.w	ip, ip, r5, lsl #4

# qhasm: carry? lou4 += lotmp
# asm 1: adds >lou4=int32#2,<lou4=int32#2,<lotmp=int32#12
# asm 2: adds >lou4=r1,<lou4=r1,<lotmp=r11
adds r1,r1,r11
 8004ae0:	eb11 010b 	adds.w	r1, r1, fp

# qhasm: hiu4 += hitmp + carry
# asm 1: adc >hiu4=int32#3,<hiu4=int32#3,<hitmp=int32#13
# asm 2: adc >hiu4=r2,<hiu4=r2,<hitmp=r12
adc r2,r2,r12
 8004ae4:	eb42 020c 	adc.w	r2, r2, ip

# qhasm: lotmp = lou1 ^ lou2
# asm 1: eor >lotmp=int32#12,<lou1=int32#8,<lou2=int32#10
# asm 2: eor >lotmp=r11,<lou1=r7,<lou2=r9
eor r11,r7,r9
 8004ae8:	ea87 0b09 	eor.w	fp, r7, r9

# qhasm: lotmp &= lou0
# asm 1: and >lotmp=int32#6,<lotmp=int32#12,<lou0=int32#6
# asm 2: and >lotmp=r5,<lotmp=r11,<lou0=r5
and r5,r11,r5
 8004aec:	ea0b 0505 	and.w	r5, fp, r5

# qhasm: lotmp2 = lou1 & lou2
# asm 1: and >lotmp2=int32#8,<lou1=int32#8,<lou2=int32#10
# asm 2: and >lotmp2=r7,<lou1=r7,<lou2=r9
and r7,r7,r9
 8004af0:	ea07 0709 	and.w	r7, r7, r9

# qhasm: lotmp ^= lotmp2
# asm 1: eor >lotmp=int32#6,<lotmp=int32#6,<lotmp2=int32#8
# asm 2: eor >lotmp=r5,<lotmp=r5,<lotmp2=r7
eor r5,r5,r7
 8004af4:	ea85 0507 	eor.w	r5, r5, r7

# qhasm: carry? lou4 += lotmp
# asm 1: adds >lou4=int32#2,<lou4=int32#2,<lotmp=int32#6
# asm 2: adds >lou4=r1,<lou4=r1,<lotmp=r5
adds.w r1,r1,r5
 8004af8:	eb11 0105 	adds.w	r1, r1, r5

# qhasm: hitmp = hiu1 ^ hiu2
# asm 1: eor >hitmp=int32#6,<hiu1=int32#9,<hiu2=int32#11
# asm 2: eor >hitmp=r5,<hiu1=r8,<hiu2=r10
eor r5,r8,r10
 8004afc:	ea88 050a 	eor.w	r5, r8, sl

# qhasm: hitmp &= hiu0
# asm 1: and >hitmp=int32#6,<hitmp=int32#6,<hiu0=int32#7
# asm 2: and >hitmp=r5,<hitmp=r5,<hiu0=r6
and r5,r5,r6
 8004b00:	ea05 0506 	and.w	r5, r5, r6

# qhasm: hitmp2 = hiu1 & hiu2
# asm 1: and >hitmp2=int32#7,<hiu1=int32#9,<hiu2=int32#11
# asm 2: and >hitmp2=r6,<hiu1=r8,<hiu2=r10
and r6,r8,r10
 8004b04:	ea08 060a 	and.w	r6, r8, sl

# qhasm: hitmp ^= hitmp2
# asm 1: eor >hitmp=int32#6,<hitmp=int32#6,<hitmp2=int32#7
# asm 2: eor >hitmp=r5,<hitmp=r5,<hitmp2=r6
eor r5,r5,r6
 8004b08:	ea85 0506 	eor.w	r5, r5, r6

# qhasm: hiu4 += hitmp + carry
# asm 1: adc >hiu4=int32#3,<hiu4=int32#3,<hitmp=int32#6
# asm 2: adc >hiu4=r2,<hiu4=r2,<hitmp=r5
adc r2,r2,r5
 8004b0c:	eb42 0205 	adc.w	r2, r2, r5

# qhasm: two23 = 0x800000 simple
# asm 1: mov >two23=int32#14,0x800000
# asm 2: mov >two23=r14,0x800000
# copy-collector output starts
strd r1,r2,[sp,#276]
 8004b10:	e9cd 1245 	strd	r1, r2, [sp, #276]	@ 0x114
ldr r1,[sp,#120]
 8004b14:	991e      	ldr	r1, [sp, #120]	@ 0x78
ldr r2,[sp,#124]
 8004b16:	9a1f      	ldr	r2, [sp, #124]	@ 0x7c
ldr r5,[sp,#128]
 8004b18:	9d20      	ldr	r5, [sp, #128]	@ 0x80
ldr r6,[sp,#132]
 8004b1a:	9e21      	ldr	r6, [sp, #132]	@ 0x84
ldr.w r7,[sp,#12]
 8004b1c:	f8dd 700c 	ldr.w	r7, [sp, #12]
ldr r8,[sp,#72]
 8004b20:	f8dd 8048 	ldr.w	r8, [sp, #72]	@ 0x48
ldr r11,[sp,#176]
 8004b24:	f8dd b0b0 	ldr.w	fp, [sp, #176]	@ 0xb0
ldr r12,[sp,#180]
 8004b28:	f8dd c0b4 	ldr.w	ip, [sp, #180]	@ 0xb4
# copy-collector output ends
mov r14,0x800000
 8004b2c:	f44f 0e00 	mov.w	lr, #8388608	@ 0x800000

# qhasm: carry?  lou4 += lou5
# asm 1: adds >lou4=int32#8,<lou4=int32#8,<lou5=int32#12
# asm 2: adds >lou4=r7,<lou4=r7,<lou5=r11
adds r7,r7,r11
 8004b30:	eb17 070b 	adds.w	r7, r7, fp

# qhasm: hiu4 += hiu5 + carry
# asm 1: adc >hiu4=int32#9,<hiu4=int32#9,<hiu5=int32#13
# asm 2: adc >hiu4=r8,<hiu4=r8,<hiu5=r12
adc r8,r8,r12
 8004b34:	eb48 080c 	adc.w	r8, r8, ip

# qhasm: carry? lou4 += lotmp
# asm 1: adds >lou4=int32#8,<lou4=int32#8,<lotmp=int32#12
# asm 2: adds >lou4=r7,<lou4=r7,<lotmp=r11
# copy-collector output starts
ldr r11,[r0],#4
 8004b38:	f850 bb04 	ldr.w	fp, [r0], #4
ldr r12,[r0],#4
 8004b3c:	f850 cb04 	ldr.w	ip, [r0], #4
# copy-collector output ends
adds r7,r7,r11
 8004b40:	eb17 070b 	adds.w	r7, r7, fp

# qhasm: hiu4 += hitmp + carry
# asm 1: adc >hiu4=int32#9,<hiu4=int32#9,<hitmp=int32#13
# asm 2: adc >hiu4=r8,<hiu4=r8,<hitmp=r12
adc r8,r8,r12
 8004b44:	eb48 080c 	adc.w	r8, r8, ip

# qhasm: hitmp lotmp = lou3 * two23
# asm 1: umull >lotmp=int32#13,>hitmp=int32#12,<lou3=int32#4,<two23=int32#14
# asm 2: umull >lotmp=r12,>hitmp=r11,<lou3=r3,<two23=r14
umull r12,r11,r3,r14
 8004b48:	fba3 cb0e 	umull	ip, fp, r3, lr

# qhasm: lotmp hitmp += hiu3 * two23
# asm 1: umlal <hitmp=int32#12,<lotmp=int32#13,<hiu3=int32#5,<two23=int32#14
# asm 2: umlal <hitmp=r11,<lotmp=r12,<hiu3=r4,<two23=r14
umlal r11,r12,r4,r14
 8004b4c:	fbe4 bc0e 	umlal	fp, ip, r4, lr

# qhasm: lotmp ^= (lou3 unsigned>> 18)
# asm 1: eor >lotmp=int32#13,<lotmp=int32#13,<lou3=int32#4,LSR #18
# asm 2: eor >lotmp=r12,<lotmp=r12,<lou3=r3,LSR #18
eor r12,r12,r3,LSR #18
 8004b50:	ea8c 4c93 	eor.w	ip, ip, r3, lsr #18

# qhasm: lotmp ^= (hiu3 << 14)
# asm 1: eor >lotmp=int32#13,<lotmp=int32#13,<hiu3=int32#5,LSL #14
# asm 2: eor >lotmp=r12,<lotmp=r12,<hiu3=r4,LSL #14
eor r12,r12,r4,LSL #14
 8004b54:	ea8c 3c84 	eor.w	ip, ip, r4, lsl #14

# qhasm: lotmp ^= (lou3 unsigned>> 14)
# asm 1: eor >lotmp=int32#13,<lotmp=int32#13,<lou3=int32#4,LSR #14
# asm 2: eor >lotmp=r12,<lotmp=r12,<lou3=r3,LSR #14
eor r12,r12,r3,LSR #14
 8004b58:	ea8c 3c93 	eor.w	ip, ip, r3, lsr #14

# qhasm: lotmp ^= (hiu3 << 18)
# asm 1: eor >lotmp=int32#13,<lotmp=int32#13,<hiu3=int32#5,LSL #18
# asm 2: eor >lotmp=r12,<lotmp=r12,<hiu3=r4,LSL #18
eor r12,r12,r4,LSL #18
 8004b5c:	ea8c 4c84 	eor.w	ip, ip, r4, lsl #18

# qhasm: hitmp ^= (hiu3 unsigned>> 18)
# asm 1: eor >hitmp=int32#12,<hitmp=int32#12,<hiu3=int32#5,LSR #18
# asm 2: eor >hitmp=r11,<hitmp=r11,<hiu3=r4,LSR #18
eor r11,r11,r4,LSR #18
 8004b60:	ea8b 4b94 	eor.w	fp, fp, r4, lsr #18

# qhasm: hitmp ^= (lou3 << 14)
# asm 1: eor >hitmp=int32#12,<hitmp=int32#12,<lou3=int32#4,LSL #14
# asm 2: eor >hitmp=r11,<hitmp=r11,<lou3=r3,LSL #14
eor r11,r11,r3,LSL #14
 8004b64:	ea8b 3b83 	eor.w	fp, fp, r3, lsl #14

# qhasm: hitmp ^= (hiu3 unsigned>> 14)
# asm 1: eor >hitmp=int32#12,<hitmp=int32#12,<hiu3=int32#5,LSR #14
# asm 2: eor >hitmp=r11,<hitmp=r11,<hiu3=r4,LSR #14
eor r11,r11,r4,LSR #14
 8004b68:	ea8b 3b94 	eor.w	fp, fp, r4, lsr #14

# qhasm: hitmp ^= (lou3 << 18)
# asm 1: eor >hitmp=int32#12,<hitmp=int32#12,<lou3=int32#4,LSL #18
# asm 2: eor >hitmp=r11,<hitmp=r11,<lou3=r3,LSL #18
eor r11,r11,r3,LSL #18
 8004b6c:	ea8b 4b83 	eor.w	fp, fp, r3, lsl #18

# qhasm: carry? lou4 += lotmp
# asm 1: adds >lou4=int32#8,<lou4=int32#8,<lotmp=int32#13
# asm 2: adds >lou4=r7,<lou4=r7,<lotmp=r12
adds r7,r7,r12
 8004b70:	eb17 070c 	adds.w	r7, r7, ip

# qhasm: hiu4 += hitmp + carry
# asm 1: adc >hiu4=int32#9,<hiu4=int32#9,<hitmp=int32#12
# asm 2: adc >hiu4=r8,<hiu4=r8,<hitmp=r11
adc r8,r8,r11
 8004b74:	eb48 080b 	adc.w	r8, r8, fp

# qhasm: lotmp = lou3 & lou0
# asm 1: and >lotmp=int32#2,<lou3=int32#4,<lou0=int32#2
# asm 2: and >lotmp=r1,<lou3=r3,<lou0=r1
and r1,r3,r1
 8004b78:	ea03 0101 	and.w	r1, r3, r1

# qhasm: lotmp2 = lou1 & ~lou3
# asm 1: bic >lotmp2=int32#4,<lou1=int32#6,<lou3=int32#4
# asm 2: bic >lotmp2=r3,<lou1=r5,<lou3=r3
bic r3,r5,r3
 8004b7c:	ea25 0303 	bic.w	r3, r5, r3

# qhasm: lotmp ^= lotmp2
# asm 1: eor >lotmp=int32#2,<lotmp=int32#2,<lotmp2=int32#4
# asm 2: eor >lotmp=r1,<lotmp=r1,<lotmp2=r3
eor r1,r1,r3
 8004b80:	ea81 0103 	eor.w	r1, r1, r3

# qhasm: carry? lou4 += lotmp
# asm 1: adds >lou4=int32#2,<lou4=int32#8,<lotmp=int32#2
# asm 2: adds >lou4=r1,<lou4=r7,<lotmp=r1
adds.w r1,r7,r1
 8004b84:	eb17 0101 	adds.w	r1, r7, r1

# qhasm: hitmp = hiu3 & hiu0
# asm 1: and >hitmp=int32#3,<hiu3=int32#5,<hiu0=int32#3
# asm 2: and >hitmp=r2,<hiu3=r4,<hiu0=r2
and r2,r4,r2
 8004b88:	ea04 0202 	and.w	r2, r4, r2

# qhasm: hitmp2 = hiu1 & ~hiu3
# asm 1: bic >hitmp2=int32#4,<hiu1=int32#7,<hiu3=int32#5
# asm 2: bic >hitmp2=r3,<hiu1=r6,<hiu3=r4
bic r3,r6,r4
 8004b8c:	ea26 0304 	bic.w	r3, r6, r4

# qhasm: hitmp ^= hitmp2
# asm 1: eor >hitmp=int32#3,<hitmp=int32#3,<hitmp2=int32#4
# asm 2: eor >hitmp=r2,<hitmp=r2,<hitmp2=r3
eor r2,r2,r3
 8004b90:	ea82 0203 	eor.w	r2, r2, r3

# qhasm: hiu4 += hitmp + carry
# asm 1: adc >hiu4=int32#3,<hiu4=int32#9,<hitmp=int32#3
# asm 2: adc >hiu4=r2,<hiu4=r8,<hitmp=r2
adc r2,r8,r2
 8004b94:	eb48 0202 	adc.w	r2, r8, r2

# qhasm: carry? lou2 += lou4
# asm 1: adds >lou2=int32#4,<lou2=int32#10,<lou4=int32#2
# asm 2: adds >lou2=r3,<lou2=r9,<lou4=r1
adds r3,r9,r1
 8004b98:	eb19 0301 	adds.w	r3, r9, r1

# qhasm: hiu2 += hiu4 + carry
# asm 1: adc >hiu2=int32#5,<hiu2=int32#11,<hiu4=int32#3
# asm 2: adc >hiu2=r4,<hiu2=r10,<hiu4=r2
adc r4,r10,r2
 8004b9c:	eb4a 0402 	adc.w	r4, sl, r2

# qhasm: two25 = 0x2000000 simple
# asm 1: mov >two25=int32#12,0x2000000
# asm 2: mov >two25=r11,0x2000000
# copy-collector output starts
strd r3,r4,[sp,#136]
 8004ba0:	e9cd 3422 	strd	r3, r4, [sp, #136]	@ 0x88
ldr r5,[sp,#276]
 8004ba4:	9d45      	ldr	r5, [sp, #276]	@ 0x114
ldr r6,[sp,#280]
 8004ba6:	9e46      	ldr	r6, [sp, #280]	@ 0x118
ldr.w r7,[sp,#48]
 8004ba8:	f8dd 7030 	ldr.w	r7, [sp, #48]	@ 0x30
ldr r8,[sp,#52]
 8004bac:	f8dd 8034 	ldr.w	r8, [sp, #52]	@ 0x34
ldr r9,[sp,#56]
 8004bb0:	f8dd 9038 	ldr.w	r9, [sp, #56]	@ 0x38
ldr r10,[sp,#60]
 8004bb4:	f8dd a03c 	ldr.w	sl, [sp, #60]	@ 0x3c
# copy-collector output ends
mov r11,0x2000000
 8004bb8:	f04f 7b00 	mov.w	fp, #33554432	@ 0x2000000

# qhasm: hitmp lotmp = lou0 * two25
# asm 1: umull >lotmp=int32#14,>hitmp=int32#13,<lou0=int32#6,<two25=int32#12
# asm 2: umull >lotmp=r14,>hitmp=r12,<lou0=r5,<two25=r11
umull r14,r12,r5,r11
 8004bbc:	fba5 ec0b 	umull	lr, ip, r5, fp

# qhasm: lotmp hitmp += hiu0 * two25
# asm 1: umlal <hitmp=int32#13,<lotmp=int32#14,<hiu0=int32#7,<two25=int32#12
# asm 2: umlal <hitmp=r12,<lotmp=r14,<hiu0=r6,<two25=r11
umlal r12,r14,r6,r11
 8004bc0:	fbe6 ce0b 	umlal	ip, lr, r6, fp

# qhasm: lotmp ^= (hiu0 unsigned>> 2)
# asm 1: eor >lotmp=int32#12,<lotmp=int32#14,<hiu0=int32#7,LSR #2
# asm 2: eor >lotmp=r11,<lotmp=r14,<hiu0=r6,LSR #2
eor r11,r14,r6,LSR #2
 8004bc4:	ea8e 0b96 	eor.w	fp, lr, r6, lsr #2

# qhasm: lotmp ^= (lou0 << 30)
# asm 1: eor >lotmp=int32#12,<lotmp=int32#12,<lou0=int32#6,LSL #30
# asm 2: eor >lotmp=r11,<lotmp=r11,<lou0=r5,LSL #30
eor r11,r11,r5,LSL #30
 8004bc8:	ea8b 7b85 	eor.w	fp, fp, r5, lsl #30

# qhasm: lotmp ^= (lou0 unsigned>> 28)
# asm 1: eor >lotmp=int32#12,<lotmp=int32#12,<lou0=int32#6,LSR #28
# asm 2: eor >lotmp=r11,<lotmp=r11,<lou0=r5,LSR #28
eor r11,r11,r5,LSR #28
 8004bcc:	ea8b 7b15 	eor.w	fp, fp, r5, lsr #28

# qhasm: lotmp ^= (hiu0 << 4)
# asm 1: eor >lotmp=int32#12,<lotmp=int32#12,<hiu0=int32#7,LSL #4
# asm 2: eor >lotmp=r11,<lotmp=r11,<hiu0=r6,LSL #4
eor r11,r11,r6,LSL #4
 8004bd0:	ea8b 1b06 	eor.w	fp, fp, r6, lsl #4

# qhasm: hitmp ^= (lou0 unsigned>> 2)
# asm 1: eor >hitmp=int32#13,<hitmp=int32#13,<lou0=int32#6,LSR #2
# asm 2: eor >hitmp=r12,<hitmp=r12,<lou0=r5,LSR #2
eor r12,r12,r5,LSR #2
 8004bd4:	ea8c 0c95 	eor.w	ip, ip, r5, lsr #2

# qhasm: hitmp ^= (hiu0 << 30)
# asm 1: eor >hitmp=int32#13,<hitmp=int32#13,<hiu0=int32#7,LSL #30
# asm 2: eor >hitmp=r12,<hitmp=r12,<hiu0=r6,LSL #30
eor r12,r12,r6,LSL #30
 8004bd8:	ea8c 7c86 	eor.w	ip, ip, r6, lsl #30

# qhasm: hitmp ^= (hiu0 unsigned>> 28)
# asm 1: eor >hitmp=int32#13,<hitmp=int32#13,<hiu0=int32#7,LSR #28
# asm 2: eor >hitmp=r12,<hitmp=r12,<hiu0=r6,LSR #28
eor r12,r12,r6,LSR #28
 8004bdc:	ea8c 7c16 	eor.w	ip, ip, r6, lsr #28

# qhasm: hitmp ^= (lou0 << 4)
# asm 1: eor >hitmp=int32#13,<hitmp=int32#13,<lou0=int32#6,LSL #4
# asm 2: eor >hitmp=r12,<hitmp=r12,<lou0=r5,LSL #4
eor r12,r12,r5,LSL #4
 8004be0:	ea8c 1c05 	eor.w	ip, ip, r5, lsl #4

# qhasm: carry? lou4 += lotmp
# asm 1: adds >lou4=int32#2,<lou4=int32#2,<lotmp=int32#12
# asm 2: adds >lou4=r1,<lou4=r1,<lotmp=r11
adds r1,r1,r11
 8004be4:	eb11 010b 	adds.w	r1, r1, fp

# qhasm: hiu4 += hitmp + carry
# asm 1: adc >hiu4=int32#3,<hiu4=int32#3,<hitmp=int32#13
# asm 2: adc >hiu4=r2,<hiu4=r2,<hitmp=r12
adc r2,r2,r12
 8004be8:	eb42 020c 	adc.w	r2, r2, ip

# qhasm: lotmp = lou1 ^ lou3
# asm 1: eor >lotmp=int32#12,<lou1=int32#8,<lou3=int32#10
# asm 2: eor >lotmp=r11,<lou1=r7,<lou3=r9
eor r11,r7,r9
 8004bec:	ea87 0b09 	eor.w	fp, r7, r9

# qhasm: lotmp &= lou0
# asm 1: and >lotmp=int32#6,<lotmp=int32#12,<lou0=int32#6
# asm 2: and >lotmp=r5,<lotmp=r11,<lou0=r5
and r5,r11,r5
 8004bf0:	ea0b 0505 	and.w	r5, fp, r5

# qhasm: lotmp2 = lou1 & lou3
# asm 1: and >lotmp2=int32#8,<lou1=int32#8,<lou3=int32#10
# asm 2: and >lotmp2=r7,<lou1=r7,<lou3=r9
and r7,r7,r9
 8004bf4:	ea07 0709 	and.w	r7, r7, r9

# qhasm: lotmp ^= lotmp2
# asm 1: eor >lotmp=int32#6,<lotmp=int32#6,<lotmp2=int32#8
# asm 2: eor >lotmp=r5,<lotmp=r5,<lotmp2=r7
eor r5,r5,r7
 8004bf8:	ea85 0507 	eor.w	r5, r5, r7

# qhasm: carry? lou4 += lotmp
# asm 1: adds >lou4=int32#2,<lou4=int32#2,<lotmp=int32#6
# asm 2: adds >lou4=r1,<lou4=r1,<lotmp=r5
adds.w r1,r1,r5
 8004bfc:	eb11 0105 	adds.w	r1, r1, r5

# qhasm: hitmp = hiu1 ^ hiu3
# asm 1: eor >hitmp=int32#6,<hiu1=int32#9,<hiu3=int32#11
# asm 2: eor >hitmp=r5,<hiu1=r8,<hiu3=r10
eor r5,r8,r10
 8004c00:	ea88 050a 	eor.w	r5, r8, sl

# qhasm: hitmp &= hiu0
# asm 1: and >hitmp=int32#6,<hitmp=int32#6,<hiu0=int32#7
# asm 2: and >hitmp=r5,<hitmp=r5,<hiu0=r6
and r5,r5,r6
 8004c04:	ea05 0506 	and.w	r5, r5, r6

# qhasm: hitmp2 = hiu1 & hiu3
# asm 1: and >hitmp2=int32#7,<hiu1=int32#9,<hiu3=int32#11
# asm 2: and >hitmp2=r6,<hiu1=r8,<hiu3=r10
and r6,r8,r10
 8004c08:	ea08 060a 	and.w	r6, r8, sl

# qhasm: hitmp ^= hitmp2
# asm 1: eor >hitmp=int32#6,<hitmp=int32#6,<hitmp2=int32#7
# asm 2: eor >hitmp=r5,<hitmp=r5,<hitmp2=r6
eor r5,r5,r6
 8004c0c:	ea85 0506 	eor.w	r5, r5, r6

# qhasm: hiu4 += hitmp + carry
# asm 1: adc >hiu4=int32#3,<hiu4=int32#3,<hitmp=int32#6
# asm 2: adc >hiu4=r2,<hiu4=r2,<hitmp=r5
adc r2,r2,r5
 8004c10:	eb42 0205 	adc.w	r2, r2, r5

# qhasm: two23 = 0x800000 simple
# asm 1: mov >two23=int32#14,0x800000
# asm 2: mov >two23=r14,0x800000
# copy-collector output starts
strd r1,r2,[sp,#72]
 8004c14:	e9cd 1212 	strd	r1, r2, [sp, #72]	@ 0x48
ldr r1,[sp,#112]
 8004c18:	991c      	ldr	r1, [sp, #112]	@ 0x70
ldr r2,[sp,#116]
 8004c1a:	9a1d      	ldr	r2, [sp, #116]	@ 0x74
ldr r5,[sp,#120]
 8004c1c:	9d1e      	ldr	r5, [sp, #120]	@ 0x78
ldr r6,[sp,#124]
 8004c1e:	9e1f      	ldr	r6, [sp, #124]	@ 0x7c
ldr.w r7,[sp,#128]
 8004c20:	f8dd 7080 	ldr.w	r7, [sp, #128]	@ 0x80
ldr r8,[sp,#132]
 8004c24:	f8dd 8084 	ldr.w	r8, [sp, #132]	@ 0x84
ldr r11,[sp,#184]
 8004c28:	f8dd b0b8 	ldr.w	fp, [sp, #184]	@ 0xb8
ldr r12,[sp,#188]
 8004c2c:	f8dd c0bc 	ldr.w	ip, [sp, #188]	@ 0xbc
# copy-collector output ends
mov r14,0x800000
 8004c30:	f44f 0e00 	mov.w	lr, #8388608	@ 0x800000

# qhasm: carry?  lou4 += lou5
# asm 1: adds >lou4=int32#8,<lou4=int32#8,<lou5=int32#12
# asm 2: adds >lou4=r7,<lou4=r7,<lou5=r11
adds r7,r7,r11
 8004c34:	eb17 070b 	adds.w	r7, r7, fp

# qhasm: hiu4 += hiu5 + carry
# asm 1: adc >hiu4=int32#9,<hiu4=int32#9,<hiu5=int32#13
# asm 2: adc >hiu4=r8,<hiu4=r8,<hiu5=r12
adc r8,r8,r12
 8004c38:	eb48 080c 	adc.w	r8, r8, ip

# qhasm: carry? lou4 += lotmp
# asm 1: adds >lou4=int32#8,<lou4=int32#8,<lotmp=int32#12
# asm 2: adds >lou4=r7,<lou4=r7,<lotmp=r11
# copy-collector output starts
ldr r11,[r0],#4
 8004c3c:	f850 bb04 	ldr.w	fp, [r0], #4
ldr r12,[r0],#4
 8004c40:	f850 cb04 	ldr.w	ip, [r0], #4
# copy-collector output ends
adds r7,r7,r11
 8004c44:	eb17 070b 	adds.w	r7, r7, fp

# qhasm: hiu4 += hitmp + carry
# asm 1: adc >hiu4=int32#9,<hiu4=int32#9,<hitmp=int32#13
# asm 2: adc >hiu4=r8,<hiu4=r8,<hitmp=r12
adc r8,r8,r12
 8004c48:	eb48 080c 	adc.w	r8, r8, ip

# qhasm: hitmp lotmp = lou2 * two23
# asm 1: umull >lotmp=int32#13,>hitmp=int32#12,<lou2=int32#4,<two23=int32#14
# asm 2: umull >lotmp=r12,>hitmp=r11,<lou2=r3,<two23=r14
umull r12,r11,r3,r14
 8004c4c:	fba3 cb0e 	umull	ip, fp, r3, lr

# qhasm: lotmp hitmp += hiu2 * two23
# asm 1: umlal <hitmp=int32#12,<lotmp=int32#13,<hiu2=int32#5,<two23=int32#14
# asm 2: umlal <hitmp=r11,<lotmp=r12,<hiu2=r4,<two23=r14
umlal r11,r12,r4,r14
 8004c50:	fbe4 bc0e 	umlal	fp, ip, r4, lr

# qhasm: lotmp ^= (lou2 unsigned>> 18)
# asm 1: eor >lotmp=int32#13,<lotmp=int32#13,<lou2=int32#4,LSR #18
# asm 2: eor >lotmp=r12,<lotmp=r12,<lou2=r3,LSR #18
eor r12,r12,r3,LSR #18
 8004c54:	ea8c 4c93 	eor.w	ip, ip, r3, lsr #18

# qhasm: lotmp ^= (hiu2 << 14)
# asm 1: eor >lotmp=int32#13,<lotmp=int32#13,<hiu2=int32#5,LSL #14
# asm 2: eor >lotmp=r12,<lotmp=r12,<hiu2=r4,LSL #14
eor r12,r12,r4,LSL #14
 8004c58:	ea8c 3c84 	eor.w	ip, ip, r4, lsl #14

# qhasm: lotmp ^= (lou2 unsigned>> 14)
# asm 1: eor >lotmp=int32#13,<lotmp=int32#13,<lou2=int32#4,LSR #14
# asm 2: eor >lotmp=r12,<lotmp=r12,<lou2=r3,LSR #14
eor r12,r12,r3,LSR #14
 8004c5c:	ea8c 3c93 	eor.w	ip, ip, r3, lsr #14

# qhasm: lotmp ^= (hiu2 << 18)
# asm 1: eor >lotmp=int32#13,<lotmp=int32#13,<hiu2=int32#5,LSL #18
# asm 2: eor >lotmp=r12,<lotmp=r12,<hiu2=r4,LSL #18
eor r12,r12,r4,LSL #18
 8004c60:	ea8c 4c84 	eor.w	ip, ip, r4, lsl #18

# qhasm: hitmp ^= (hiu2 unsigned>> 18)
# asm 1: eor >hitmp=int32#12,<hitmp=int32#12,<hiu2=int32#5,LSR #18
# asm 2: eor >hitmp=r11,<hitmp=r11,<hiu2=r4,LSR #18
eor r11,r11,r4,LSR #18
 8004c64:	ea8b 4b94 	eor.w	fp, fp, r4, lsr #18

# qhasm: hitmp ^= (lou2 << 14)
# asm 1: eor >hitmp=int32#12,<hitmp=int32#12,<lou2=int32#4,LSL #14
# asm 2: eor >hitmp=r11,<hitmp=r11,<lou2=r3,LSL #14
eor r11,r11,r3,LSL #14
 8004c68:	ea8b 3b83 	eor.w	fp, fp, r3, lsl #14

# qhasm: hitmp ^= (hiu2 unsigned>> 14)
# asm 1: eor >hitmp=int32#12,<hitmp=int32#12,<hiu2=int32#5,LSR #14
# asm 2: eor >hitmp=r11,<hitmp=r11,<hiu2=r4,LSR #14
eor r11,r11,r4,LSR #14
 8004c6c:	ea8b 3b94 	eor.w	fp, fp, r4, lsr #14

# qhasm: hitmp ^= (lou2 << 18)
# asm 1: eor >hitmp=int32#12,<hitmp=int32#12,<lou2=int32#4,LSL #18
# asm 2: eor >hitmp=r11,<hitmp=r11,<lou2=r3,LSL #18
eor r11,r11,r3,LSL #18
 8004c70:	ea8b 4b83 	eor.w	fp, fp, r3, lsl #18

# qhasm: carry? lou4 += lotmp
# asm 1: adds >lou4=int32#8,<lou4=int32#8,<lotmp=int32#13
# asm 2: adds >lou4=r7,<lou4=r7,<lotmp=r12
adds r7,r7,r12
 8004c74:	eb17 070c 	adds.w	r7, r7, ip

# qhasm: hiu4 += hitmp + carry
# asm 1: adc >hiu4=int32#9,<hiu4=int32#9,<hitmp=int32#12
# asm 2: adc >hiu4=r8,<hiu4=r8,<hitmp=r11
adc r8,r8,r11
 8004c78:	eb48 080b 	adc.w	r8, r8, fp

# qhasm: lotmp = lou2 & lou0
# asm 1: and >lotmp=int32#2,<lou2=int32#4,<lou0=int32#2
# asm 2: and >lotmp=r1,<lou2=r3,<lou0=r1
and r1,r3,r1
 8004c7c:	ea03 0101 	and.w	r1, r3, r1

# qhasm: lotmp2 = lou1 & ~lou2
# asm 1: bic >lotmp2=int32#4,<lou1=int32#6,<lou2=int32#4
# asm 2: bic >lotmp2=r3,<lou1=r5,<lou2=r3
bic r3,r5,r3
 8004c80:	ea25 0303 	bic.w	r3, r5, r3

# qhasm: lotmp ^= lotmp2
# asm 1: eor >lotmp=int32#2,<lotmp=int32#2,<lotmp2=int32#4
# asm 2: eor >lotmp=r1,<lotmp=r1,<lotmp2=r3
eor r1,r1,r3
 8004c84:	ea81 0103 	eor.w	r1, r1, r3

# qhasm: carry? lou4 += lotmp
# asm 1: adds >lou4=int32#2,<lou4=int32#8,<lotmp=int32#2
# asm 2: adds >lou4=r1,<lou4=r7,<lotmp=r1
adds.w r1,r7,r1
 8004c88:	eb17 0101 	adds.w	r1, r7, r1

# qhasm: hitmp = hiu2 & hiu0
# asm 1: and >hitmp=int32#3,<hiu2=int32#5,<hiu0=int32#3
# asm 2: and >hitmp=r2,<hiu2=r4,<hiu0=r2
and r2,r4,r2
 8004c8c:	ea04 0202 	and.w	r2, r4, r2

# qhasm: hitmp2 = hiu1 & ~hiu2
# asm 1: bic >hitmp2=int32#4,<hiu1=int32#7,<hiu2=int32#5
# asm 2: bic >hitmp2=r3,<hiu1=r6,<hiu2=r4
bic r3,r6,r4
 8004c90:	ea26 0304 	bic.w	r3, r6, r4

# qhasm: hitmp ^= hitmp2
# asm 1: eor >hitmp=int32#3,<hitmp=int32#3,<hitmp2=int32#4
# asm 2: eor >hitmp=r2,<hitmp=r2,<hitmp2=r3
eor r2,r2,r3
 8004c94:	ea82 0203 	eor.w	r2, r2, r3

# qhasm: hiu4 += hitmp + carry
# asm 1: adc >hiu4=int32#3,<hiu4=int32#9,<hitmp=int32#3
# asm 2: adc >hiu4=r2,<hiu4=r8,<hitmp=r2
adc r2,r8,r2
 8004c98:	eb48 0202 	adc.w	r2, r8, r2

# qhasm: carry? lou3 += lou4
# asm 1: adds >lou3=int32#4,<lou3=int32#10,<lou4=int32#2
# asm 2: adds >lou3=r3,<lou3=r9,<lou4=r1
adds r3,r9,r1
 8004c9c:	eb19 0301 	adds.w	r3, r9, r1

# qhasm: hiu3 += hiu4 + carry
# asm 1: adc >hiu3=int32#5,<hiu3=int32#11,<hiu4=int32#3
# asm 2: adc >hiu3=r4,<hiu3=r10,<hiu4=r2
adc r4,r10,r2
 8004ca0:	eb4a 0402 	adc.w	r4, sl, r2

# qhasm: two25 = 0x2000000 simple
# asm 1: mov >two25=int32#12,0x2000000
# asm 2: mov >two25=r11,0x2000000
# copy-collector output starts
strd r3,r4,[sp,#128]
 8004ca4:	e9cd 3420 	strd	r3, r4, [sp, #128]	@ 0x80
ldr r5,[sp,#72]
 8004ca8:	9d12      	ldr	r5, [sp, #72]	@ 0x48
ldr r6,[sp,#76]
 8004caa:	9e13      	ldr	r6, [sp, #76]	@ 0x4c
ldr.w r7,[sp,#276]
 8004cac:	f8dd 7114 	ldr.w	r7, [sp, #276]	@ 0x114
ldr r8,[sp,#280]
 8004cb0:	f8dd 8118 	ldr.w	r8, [sp, #280]	@ 0x118
ldr r9,[sp,#48]
 8004cb4:	f8dd 9030 	ldr.w	r9, [sp, #48]	@ 0x30
ldr r10,[sp,#52]
 8004cb8:	f8dd a034 	ldr.w	sl, [sp, #52]	@ 0x34
# copy-collector output ends
mov r11,0x2000000
 8004cbc:	f04f 7b00 	mov.w	fp, #33554432	@ 0x2000000

# qhasm: hitmp lotmp = lou0 * two25
# asm 1: umull >lotmp=int32#14,>hitmp=int32#13,<lou0=int32#6,<two25=int32#12
# asm 2: umull >lotmp=r14,>hitmp=r12,<lou0=r5,<two25=r11
umull r14,r12,r5,r11
 8004cc0:	fba5 ec0b 	umull	lr, ip, r5, fp

# qhasm: lotmp hitmp += hiu0 * two25
# asm 1: umlal <hitmp=int32#13,<lotmp=int32#14,<hiu0=int32#7,<two25=int32#12
# asm 2: umlal <hitmp=r12,<lotmp=r14,<hiu0=r6,<two25=r11
umlal r12,r14,r6,r11
 8004cc4:	fbe6 ce0b 	umlal	ip, lr, r6, fp

# qhasm: lotmp ^= (hiu0 unsigned>> 2)
# asm 1: eor >lotmp=int32#12,<lotmp=int32#14,<hiu0=int32#7,LSR #2
# asm 2: eor >lotmp=r11,<lotmp=r14,<hiu0=r6,LSR #2
eor r11,r14,r6,LSR #2
 8004cc8:	ea8e 0b96 	eor.w	fp, lr, r6, lsr #2

# qhasm: lotmp ^= (lou0 << 30)
# asm 1: eor >lotmp=int32#12,<lotmp=int32#12,<lou0=int32#6,LSL #30
# asm 2: eor >lotmp=r11,<lotmp=r11,<lou0=r5,LSL #30
eor r11,r11,r5,LSL #30
 8004ccc:	ea8b 7b85 	eor.w	fp, fp, r5, lsl #30

# qhasm: lotmp ^= (lou0 unsigned>> 28)
# asm 1: eor >lotmp=int32#12,<lotmp=int32#12,<lou0=int32#6,LSR #28
# asm 2: eor >lotmp=r11,<lotmp=r11,<lou0=r5,LSR #28
eor r11,r11,r5,LSR #28
 8004cd0:	ea8b 7b15 	eor.w	fp, fp, r5, lsr #28

# qhasm: lotmp ^= (hiu0 << 4)
# asm 1: eor >lotmp=int32#12,<lotmp=int32#12,<hiu0=int32#7,LSL #4
# asm 2: eor >lotmp=r11,<lotmp=r11,<hiu0=r6,LSL #4
eor r11,r11,r6,LSL #4
 8004cd4:	ea8b 1b06 	eor.w	fp, fp, r6, lsl #4

# qhasm: hitmp ^= (lou0 unsigned>> 2)
# asm 1: eor >hitmp=int32#13,<hitmp=int32#13,<lou0=int32#6,LSR #2
# asm 2: eor >hitmp=r12,<hitmp=r12,<lou0=r5,LSR #2
eor r12,r12,r5,LSR #2
 8004cd8:	ea8c 0c95 	eor.w	ip, ip, r5, lsr #2

# qhasm: hitmp ^= (hiu0 << 30)
# asm 1: eor >hitmp=int32#13,<hitmp=int32#13,<hiu0=int32#7,LSL #30
# asm 2: eor >hitmp=r12,<hitmp=r12,<hiu0=r6,LSL #30
eor r12,r12,r6,LSL #30
 8004cdc:	ea8c 7c86 	eor.w	ip, ip, r6, lsl #30

# qhasm: hitmp ^= (hiu0 unsigned>> 28)
# asm 1: eor >hitmp=int32#13,<hitmp=int32#13,<hiu0=int32#7,LSR #28
# asm 2: eor >hitmp=r12,<hitmp=r12,<hiu0=r6,LSR #28
eor r12,r12,r6,LSR #28
 8004ce0:	ea8c 7c16 	eor.w	ip, ip, r6, lsr #28

# qhasm: hitmp ^= (lou0 << 4)
# asm 1: eor >hitmp=int32#13,<hitmp=int32#13,<lou0=int32#6,LSL #4
# asm 2: eor >hitmp=r12,<hitmp=r12,<lou0=r5,LSL #4
eor r12,r12,r5,LSL #4
 8004ce4:	ea8c 1c05 	eor.w	ip, ip, r5, lsl #4

# qhasm: carry? lou4 += lotmp
# asm 1: adds >lou4=int32#2,<lou4=int32#2,<lotmp=int32#12
# asm 2: adds >lou4=r1,<lou4=r1,<lotmp=r11
adds r1,r1,r11
 8004ce8:	eb11 010b 	adds.w	r1, r1, fp

# qhasm: hiu4 += hitmp + carry
# asm 1: adc >hiu4=int32#3,<hiu4=int32#3,<hitmp=int32#13
# asm 2: adc >hiu4=r2,<hiu4=r2,<hitmp=r12
adc r2,r2,r12
 8004cec:	eb42 020c 	adc.w	r2, r2, ip

# qhasm: lotmp = lou1 ^ lou2
# asm 1: eor >lotmp=int32#12,<lou1=int32#8,<lou2=int32#10
# asm 2: eor >lotmp=r11,<lou1=r7,<lou2=r9
eor r11,r7,r9
 8004cf0:	ea87 0b09 	eor.w	fp, r7, r9

# qhasm: lotmp &= lou0
# asm 1: and >lotmp=int32#6,<lotmp=int32#12,<lou0=int32#6
# asm 2: and >lotmp=r5,<lotmp=r11,<lou0=r5
and r5,r11,r5
 8004cf4:	ea0b 0505 	and.w	r5, fp, r5

# qhasm: lotmp2 = lou1 & lou2
# asm 1: and >lotmp2=int32#8,<lou1=int32#8,<lou2=int32#10
# asm 2: and >lotmp2=r7,<lou1=r7,<lou2=r9
and r7,r7,r9
 8004cf8:	ea07 0709 	and.w	r7, r7, r9

# qhasm: lotmp ^= lotmp2
# asm 1: eor >lotmp=int32#6,<lotmp=int32#6,<lotmp2=int32#8
# asm 2: eor >lotmp=r5,<lotmp=r5,<lotmp2=r7
eor r5,r5,r7
 8004cfc:	ea85 0507 	eor.w	r5, r5, r7

# qhasm: carry? lou4 += lotmp
# asm 1: adds >lou4=int32#2,<lou4=int32#2,<lotmp=int32#6
# asm 2: adds >lou4=r1,<lou4=r1,<lotmp=r5
adds.w r1,r1,r5
 8004d00:	eb11 0105 	adds.w	r1, r1, r5

# qhasm: hitmp = hiu1 ^ hiu2
# asm 1: eor >hitmp=int32#6,<hiu1=int32#9,<hiu2=int32#11
# asm 2: eor >hitmp=r5,<hiu1=r8,<hiu2=r10
eor r5,r8,r10
 8004d04:	ea88 050a 	eor.w	r5, r8, sl

# qhasm: hitmp &= hiu0
# asm 1: and >hitmp=int32#6,<hitmp=int32#6,<hiu0=int32#7
# asm 2: and >hitmp=r5,<hitmp=r5,<hiu0=r6
and r5,r5,r6
 8004d08:	ea05 0506 	and.w	r5, r5, r6

# qhasm: hitmp2 = hiu1 & hiu2
# asm 1: and >hitmp2=int32#7,<hiu1=int32#9,<hiu2=int32#11
# asm 2: and >hitmp2=r6,<hiu1=r8,<hiu2=r10
and r6,r8,r10
 8004d0c:	ea08 060a 	and.w	r6, r8, sl

# qhasm: hitmp ^= hitmp2
# asm 1: eor >hitmp=int32#6,<hitmp=int32#6,<hitmp2=int32#7
# asm 2: eor >hitmp=r5,<hitmp=r5,<hitmp2=r6
eor r5,r5,r6
 8004d10:	ea85 0506 	eor.w	r5, r5, r6

# qhasm: hiu4 += hitmp + carry
# asm 1: adc >hiu4=int32#3,<hiu4=int32#3,<hitmp=int32#6
# asm 2: adc >hiu4=r2,<hiu4=r2,<hitmp=r5
adc r2,r2,r5
 8004d14:	eb42 0205 	adc.w	r2, r2, r5

# qhasm: two23 = 0x800000 simple
# asm 1: mov >two23=int32#14,0x800000
# asm 2: mov >two23=r14,0x800000
# copy-collector output starts
strd r1,r2,[sp,#64]
 8004d18:	e9cd 1210 	strd	r1, r2, [sp, #64]	@ 0x40
ldr r1,[sp,#136]
 8004d1c:	9922      	ldr	r1, [sp, #136]	@ 0x88
ldr r2,[sp,#140]
 8004d1e:	9a23      	ldr	r2, [sp, #140]	@ 0x8c
ldr r5,[sp,#112]
 8004d20:	9d1c      	ldr	r5, [sp, #112]	@ 0x70
ldr r6,[sp,#116]
 8004d22:	9e1d      	ldr	r6, [sp, #116]	@ 0x74
ldr.w r7,[sp,#120]
 8004d24:	f8dd 7078 	ldr.w	r7, [sp, #120]	@ 0x78
ldr r8,[sp,#124]
 8004d28:	f8dd 807c 	ldr.w	r8, [sp, #124]	@ 0x7c
ldr r11,[sp,#192]
 8004d2c:	f8dd b0c0 	ldr.w	fp, [sp, #192]	@ 0xc0
ldr r12,[sp,#196]
 8004d30:	f8dd c0c4 	ldr.w	ip, [sp, #196]	@ 0xc4
# copy-collector output ends
mov r14,0x800000
 8004d34:	f44f 0e00 	mov.w	lr, #8388608	@ 0x800000

# qhasm: carry?  lou4 += lou5
# asm 1: adds >lou4=int32#8,<lou4=int32#8,<lou5=int32#12
# asm 2: adds >lou4=r7,<lou4=r7,<lou5=r11
adds r7,r7,r11
 8004d38:	eb17 070b 	adds.w	r7, r7, fp

# qhasm: hiu4 += hiu5 + carry
# asm 1: adc >hiu4=int32#9,<hiu4=int32#9,<hiu5=int32#13
# asm 2: adc >hiu4=r8,<hiu4=r8,<hiu5=r12
adc r8,r8,r12
 8004d3c:	eb48 080c 	adc.w	r8, r8, ip

# qhasm: carry? lou4 += lotmp
# asm 1: adds >lou4=int32#8,<lou4=int32#8,<lotmp=int32#12
# asm 2: adds >lou4=r7,<lou4=r7,<lotmp=r11
# copy-collector output starts
ldr r11,[r0],#4
 8004d40:	f850 bb04 	ldr.w	fp, [r0], #4
ldr r12,[r0],#4
 8004d44:	f850 cb04 	ldr.w	ip, [r0], #4
# copy-collector output ends
adds r7,r7,r11
 8004d48:	eb17 070b 	adds.w	r7, r7, fp

# qhasm: hiu4 += hitmp + carry
# asm 1: adc >hiu4=int32#9,<hiu4=int32#9,<hitmp=int32#13
# asm 2: adc >hiu4=r8,<hiu4=r8,<hitmp=r12
adc r8,r8,r12
 8004d4c:	eb48 080c 	adc.w	r8, r8, ip

# qhasm: hitmp lotmp = lou3 * two23
# asm 1: umull >lotmp=int32#13,>hitmp=int32#12,<lou3=int32#4,<two23=int32#14
# asm 2: umull >lotmp=r12,>hitmp=r11,<lou3=r3,<two23=r14
umull r12,r11,r3,r14
 8004d50:	fba3 cb0e 	umull	ip, fp, r3, lr

# qhasm: lotmp hitmp += hiu3 * two23
# asm 1: umlal <hitmp=int32#12,<lotmp=int32#13,<hiu3=int32#5,<two23=int32#14
# asm 2: umlal <hitmp=r11,<lotmp=r12,<hiu3=r4,<two23=r14
umlal r11,r12,r4,r14
 8004d54:	fbe4 bc0e 	umlal	fp, ip, r4, lr

# qhasm: lotmp ^= (lou3 unsigned>> 18)
# asm 1: eor >lotmp=int32#13,<lotmp=int32#13,<lou3=int32#4,LSR #18
# asm 2: eor >lotmp=r12,<lotmp=r12,<lou3=r3,LSR #18
eor r12,r12,r3,LSR #18
 8004d58:	ea8c 4c93 	eor.w	ip, ip, r3, lsr #18

# qhasm: lotmp ^= (hiu3 << 14)
# asm 1: eor >lotmp=int32#13,<lotmp=int32#13,<hiu3=int32#5,LSL #14
# asm 2: eor >lotmp=r12,<lotmp=r12,<hiu3=r4,LSL #14
eor r12,r12,r4,LSL #14
 8004d5c:	ea8c 3c84 	eor.w	ip, ip, r4, lsl #14

# qhasm: lotmp ^= (lou3 unsigned>> 14)
# asm 1: eor >lotmp=int32#13,<lotmp=int32#13,<lou3=int32#4,LSR #14
# asm 2: eor >lotmp=r12,<lotmp=r12,<lou3=r3,LSR #14
eor r12,r12,r3,LSR #14
 8004d60:	ea8c 3c93 	eor.w	ip, ip, r3, lsr #14

# qhasm: lotmp ^= (hiu3 << 18)
# asm 1: eor >lotmp=int32#13,<lotmp=int32#13,<hiu3=int32#5,LSL #18
# asm 2: eor >lotmp=r12,<lotmp=r12,<hiu3=r4,LSL #18
eor r12,r12,r4,LSL #18
 8004d64:	ea8c 4c84 	eor.w	ip, ip, r4, lsl #18

# qhasm: hitmp ^= (hiu3 unsigned>> 18)
# asm 1: eor >hitmp=int32#12,<hitmp=int32#12,<hiu3=int32#5,LSR #18
# asm 2: eor >hitmp=r11,<hitmp=r11,<hiu3=r4,LSR #18
eor r11,r11,r4,LSR #18
 8004d68:	ea8b 4b94 	eor.w	fp, fp, r4, lsr #18

# qhasm: hitmp ^= (lou3 << 14)
# asm 1: eor >hitmp=int32#12,<hitmp=int32#12,<lou3=int32#4,LSL #14
# asm 2: eor >hitmp=r11,<hitmp=r11,<lou3=r3,LSL #14
eor r11,r11,r3,LSL #14
 8004d6c:	ea8b 3b83 	eor.w	fp, fp, r3, lsl #14

# qhasm: hitmp ^= (hiu3 unsigned>> 14)
# asm 1: eor >hitmp=int32#12,<hitmp=int32#12,<hiu3=int32#5,LSR #14
# asm 2: eor >hitmp=r11,<hitmp=r11,<hiu3=r4,LSR #14
eor r11,r11,r4,LSR #14
 8004d70:	ea8b 3b94 	eor.w	fp, fp, r4, lsr #14

# qhasm: hitmp ^= (lou3 << 18)
# asm 1: eor >hitmp=int32#12,<hitmp=int32#12,<lou3=int32#4,LSL #18
# asm 2: eor >hitmp=r11,<hitmp=r11,<lou3=r3,LSL #18
eor r11,r11,r3,LSL #18
 8004d74:	ea8b 4b83 	eor.w	fp, fp, r3, lsl #18

# qhasm: carry? lou4 += lotmp
# asm 1: adds >lou4=int32#8,<lou4=int32#8,<lotmp=int32#13
# asm 2: adds >lou4=r7,<lou4=r7,<lotmp=r12
adds r7,r7,r12
 8004d78:	eb17 070c 	adds.w	r7, r7, ip

# qhasm: hiu4 += hitmp + carry
# asm 1: adc >hiu4=int32#9,<hiu4=int32#9,<hitmp=int32#12
# asm 2: adc >hiu4=r8,<hiu4=r8,<hitmp=r11
adc r8,r8,r11
 8004d7c:	eb48 080b 	adc.w	r8, r8, fp

# qhasm: lotmp = lou3 & lou0
# asm 1: and >lotmp=int32#2,<lou3=int32#4,<lou0=int32#2
# asm 2: and >lotmp=r1,<lou3=r3,<lou0=r1
and r1,r3,r1
 8004d80:	ea03 0101 	and.w	r1, r3, r1

# qhasm: lotmp2 = lou1 & ~lou3
# asm 1: bic >lotmp2=int32#4,<lou1=int32#6,<lou3=int32#4
# asm 2: bic >lotmp2=r3,<lou1=r5,<lou3=r3
bic r3,r5,r3
 8004d84:	ea25 0303 	bic.w	r3, r5, r3

# qhasm: lotmp ^= lotmp2
# asm 1: eor >lotmp=int32#2,<lotmp=int32#2,<lotmp2=int32#4
# asm 2: eor >lotmp=r1,<lotmp=r1,<lotmp2=r3
eor r1,r1,r3
 8004d88:	ea81 0103 	eor.w	r1, r1, r3

# qhasm: carry? lou4 += lotmp
# asm 1: adds >lou4=int32#2,<lou4=int32#8,<lotmp=int32#2
# asm 2: adds >lou4=r1,<lou4=r7,<lotmp=r1
adds.w r1,r7,r1
 8004d8c:	eb17 0101 	adds.w	r1, r7, r1

# qhasm: hitmp = hiu3 & hiu0
# asm 1: and >hitmp=int32#3,<hiu3=int32#5,<hiu0=int32#3
# asm 2: and >hitmp=r2,<hiu3=r4,<hiu0=r2
and r2,r4,r2
 8004d90:	ea04 0202 	and.w	r2, r4, r2

# qhasm: hitmp2 = hiu1 & ~hiu3
# asm 1: bic >hitmp2=int32#4,<hiu1=int32#7,<hiu3=int32#5
# asm 2: bic >hitmp2=r3,<hiu1=r6,<hiu3=r4
bic r3,r6,r4
 8004d94:	ea26 0304 	bic.w	r3, r6, r4

# qhasm: hitmp ^= hitmp2
# asm 1: eor >hitmp=int32#3,<hitmp=int32#3,<hitmp2=int32#4
# asm 2: eor >hitmp=r2,<hitmp=r2,<hitmp2=r3
eor r2,r2,r3
 8004d98:	ea82 0203 	eor.w	r2, r2, r3

# qhasm: hiu4 += hitmp + carry
# asm 1: adc >hiu4=int32#3,<hiu4=int32#9,<hitmp=int32#3
# asm 2: adc >hiu4=r2,<hiu4=r8,<hitmp=r2
adc r2,r8,r2
 8004d9c:	eb48 0202 	adc.w	r2, r8, r2

# qhasm: carry? lou2 += lou4
# asm 1: adds >lou2=int32#4,<lou2=int32#10,<lou4=int32#2
# asm 2: adds >lou2=r3,<lou2=r9,<lou4=r1
adds r3,r9,r1
 8004da0:	eb19 0301 	adds.w	r3, r9, r1

# qhasm: hiu2 += hiu4 + carry
# asm 1: adc >hiu2=int32#5,<hiu2=int32#11,<hiu4=int32#3
# asm 2: adc >hiu2=r4,<hiu2=r10,<hiu4=r2
adc r4,r10,r2
 8004da4:	eb4a 0402 	adc.w	r4, sl, r2

# qhasm: two25 = 0x2000000 simple
# asm 1: mov >two25=int32#12,0x2000000
# asm 2: mov >two25=r11,0x2000000
# copy-collector output starts
strd r3,r4,[sp,#120]
 8004da8:	e9cd 341e 	strd	r3, r4, [sp, #120]	@ 0x78
ldr r5,[sp,#64]
 8004dac:	9d10      	ldr	r5, [sp, #64]	@ 0x40
ldr r6,[sp,#68]
 8004dae:	9e11      	ldr	r6, [sp, #68]	@ 0x44
ldr.w r7,[sp,#72]
 8004db0:	f8dd 7048 	ldr.w	r7, [sp, #72]	@ 0x48
ldr r8,[sp,#76]
 8004db4:	f8dd 804c 	ldr.w	r8, [sp, #76]	@ 0x4c
ldr r9,[sp,#276]
 8004db8:	f8dd 9114 	ldr.w	r9, [sp, #276]	@ 0x114
ldr r10,[sp,#280]
 8004dbc:	f8dd a118 	ldr.w	sl, [sp, #280]	@ 0x118
# copy-collector output ends
mov r11,0x2000000
 8004dc0:	f04f 7b00 	mov.w	fp, #33554432	@ 0x2000000

# qhasm: hitmp lotmp = lou0 * two25
# asm 1: umull >lotmp=int32#14,>hitmp=int32#13,<lou0=int32#6,<two25=int32#12
# asm 2: umull >lotmp=r14,>hitmp=r12,<lou0=r5,<two25=r11
umull r14,r12,r5,r11
 8004dc4:	fba5 ec0b 	umull	lr, ip, r5, fp

# qhasm: lotmp hitmp += hiu0 * two25
# asm 1: umlal <hitmp=int32#13,<lotmp=int32#14,<hiu0=int32#7,<two25=int32#12
# asm 2: umlal <hitmp=r12,<lotmp=r14,<hiu0=r6,<two25=r11
umlal r12,r14,r6,r11
 8004dc8:	fbe6 ce0b 	umlal	ip, lr, r6, fp

# qhasm: lotmp ^= (hiu0 unsigned>> 2)
# asm 1: eor >lotmp=int32#12,<lotmp=int32#14,<hiu0=int32#7,LSR #2
# asm 2: eor >lotmp=r11,<lotmp=r14,<hiu0=r6,LSR #2
eor r11,r14,r6,LSR #2
 8004dcc:	ea8e 0b96 	eor.w	fp, lr, r6, lsr #2

# qhasm: lotmp ^= (lou0 << 30)
# asm 1: eor >lotmp=int32#12,<lotmp=int32#12,<lou0=int32#6,LSL #30
# asm 2: eor >lotmp=r11,<lotmp=r11,<lou0=r5,LSL #30
eor r11,r11,r5,LSL #30
 8004dd0:	ea8b 7b85 	eor.w	fp, fp, r5, lsl #30

# qhasm: lotmp ^= (lou0 unsigned>> 28)
# asm 1: eor >lotmp=int32#12,<lotmp=int32#12,<lou0=int32#6,LSR #28
# asm 2: eor >lotmp=r11,<lotmp=r11,<lou0=r5,LSR #28
eor r11,r11,r5,LSR #28
 8004dd4:	ea8b 7b15 	eor.w	fp, fp, r5, lsr #28

# qhasm: lotmp ^= (hiu0 << 4)
# asm 1: eor >lotmp=int32#12,<lotmp=int32#12,<hiu0=int32#7,LSL #4
# asm 2: eor >lotmp=r11,<lotmp=r11,<hiu0=r6,LSL #4
eor r11,r11,r6,LSL #4
 8004dd8:	ea8b 1b06 	eor.w	fp, fp, r6, lsl #4

# qhasm: hitmp ^= (lou0 unsigned>> 2)
# asm 1: eor >hitmp=int32#13,<hitmp=int32#13,<lou0=int32#6,LSR #2
# asm 2: eor >hitmp=r12,<hitmp=r12,<lou0=r5,LSR #2
eor r12,r12,r5,LSR #2
 8004ddc:	ea8c 0c95 	eor.w	ip, ip, r5, lsr #2

# qhasm: hitmp ^= (hiu0 << 30)
# asm 1: eor >hitmp=int32#13,<hitmp=int32#13,<hiu0=int32#7,LSL #30
# asm 2: eor >hitmp=r12,<hitmp=r12,<hiu0=r6,LSL #30
eor r12,r12,r6,LSL #30
 8004de0:	ea8c 7c86 	eor.w	ip, ip, r6, lsl #30

# qhasm: hitmp ^= (hiu0 unsigned>> 28)
# asm 1: eor >hitmp=int32#13,<hitmp=int32#13,<hiu0=int32#7,LSR #28
# asm 2: eor >hitmp=r12,<hitmp=r12,<hiu0=r6,LSR #28
eor r12,r12,r6,LSR #28
 8004de4:	ea8c 7c16 	eor.w	ip, ip, r6, lsr #28

# qhasm: hitmp ^= (lou0 << 4)
# asm 1: eor >hitmp=int32#13,<hitmp=int32#13,<lou0=int32#6,LSL #4
# asm 2: eor >hitmp=r12,<hitmp=r12,<lou0=r5,LSL #4
eor r12,r12,r5,LSL #4
 8004de8:	ea8c 1c05 	eor.w	ip, ip, r5, lsl #4

# qhasm: carry? lou4 += lotmp
# asm 1: adds >lou4=int32#2,<lou4=int32#2,<lotmp=int32#12
# asm 2: adds >lou4=r1,<lou4=r1,<lotmp=r11
adds r1,r1,r11
 8004dec:	eb11 010b 	adds.w	r1, r1, fp

# qhasm: hiu4 += hitmp + carry
# asm 1: adc >hiu4=int32#3,<hiu4=int32#3,<hitmp=int32#13
# asm 2: adc >hiu4=r2,<hiu4=r2,<hitmp=r12
adc r2,r2,r12
 8004df0:	eb42 020c 	adc.w	r2, r2, ip

# qhasm: lotmp = lou1 ^ lou3
# asm 1: eor >lotmp=int32#12,<lou1=int32#8,<lou3=int32#10
# asm 2: eor >lotmp=r11,<lou1=r7,<lou3=r9
eor r11,r7,r9
 8004df4:	ea87 0b09 	eor.w	fp, r7, r9

# qhasm: lotmp &= lou0
# asm 1: and >lotmp=int32#6,<lotmp=int32#12,<lou0=int32#6
# asm 2: and >lotmp=r5,<lotmp=r11,<lou0=r5
and r5,r11,r5
 8004df8:	ea0b 0505 	and.w	r5, fp, r5

# qhasm: lotmp2 = lou1 & lou3
# asm 1: and >lotmp2=int32#8,<lou1=int32#8,<lou3=int32#10
# asm 2: and >lotmp2=r7,<lou1=r7,<lou3=r9
and r7,r7,r9
 8004dfc:	ea07 0709 	and.w	r7, r7, r9

# qhasm: lotmp ^= lotmp2
# asm 1: eor >lotmp=int32#6,<lotmp=int32#6,<lotmp2=int32#8
# asm 2: eor >lotmp=r5,<lotmp=r5,<lotmp2=r7
eor r5,r5,r7
 8004e00:	ea85 0507 	eor.w	r5, r5, r7

# qhasm: carry? lou4 += lotmp
# asm 1: adds >lou4=int32#2,<lou4=int32#2,<lotmp=int32#6
# asm 2: adds >lou4=r1,<lou4=r1,<lotmp=r5
adds.w r1,r1,r5
 8004e04:	eb11 0105 	adds.w	r1, r1, r5

# qhasm: hitmp = hiu1 ^ hiu3
# asm 1: eor >hitmp=int32#6,<hiu1=int32#9,<hiu3=int32#11
# asm 2: eor >hitmp=r5,<hiu1=r8,<hiu3=r10
eor r5,r8,r10
 8004e08:	ea88 050a 	eor.w	r5, r8, sl

# qhasm: hitmp &= hiu0
# asm 1: and >hitmp=int32#6,<hitmp=int32#6,<hiu0=int32#7
# asm 2: and >hitmp=r5,<hitmp=r5,<hiu0=r6
and r5,r5,r6
 8004e0c:	ea05 0506 	and.w	r5, r5, r6

# qhasm: hitmp2 = hiu1 & hiu3
# asm 1: and >hitmp2=int32#7,<hiu1=int32#9,<hiu3=int32#11
# asm 2: and >hitmp2=r6,<hiu1=r8,<hiu3=r10
and r6,r8,r10
 8004e10:	ea08 060a 	and.w	r6, r8, sl

# qhasm: hitmp ^= hitmp2
# asm 1: eor >hitmp=int32#6,<hitmp=int32#6,<hitmp2=int32#7
# asm 2: eor >hitmp=r5,<hitmp=r5,<hitmp2=r6
eor r5,r5,r6
 8004e14:	ea85 0506 	eor.w	r5, r5, r6

# qhasm: hiu4 += hitmp + carry
# asm 1: adc >hiu4=int32#3,<hiu4=int32#3,<hitmp=int32#6
# asm 2: adc >hiu4=r2,<hiu4=r2,<hitmp=r5
adc r2,r2,r5
 8004e18:	eb42 0205 	adc.w	r2, r2, r5

# qhasm: two23 = 0x800000 simple
# asm 1: mov >two23=int32#14,0x800000
# asm 2: mov >two23=r14,0x800000
# copy-collector output starts
strd r1,r2,[sp,#56]
 8004e1c:	e9cd 120e 	strd	r1, r2, [sp, #56]	@ 0x38
ldr r1,[sp,#128]
 8004e20:	9920      	ldr	r1, [sp, #128]	@ 0x80
ldr r2,[sp,#132]
 8004e22:	9a21      	ldr	r2, [sp, #132]	@ 0x84
ldr r5,[sp,#136]
 8004e24:	9d22      	ldr	r5, [sp, #136]	@ 0x88
ldr r6,[sp,#140]
 8004e26:	9e23      	ldr	r6, [sp, #140]	@ 0x8c
ldr.w r7,[sp,#112]
 8004e28:	f8dd 7070 	ldr.w	r7, [sp, #112]	@ 0x70
ldr r8,[sp,#116]
 8004e2c:	f8dd 8074 	ldr.w	r8, [sp, #116]	@ 0x74
ldr r11,[sp,#200]
 8004e30:	f8dd b0c8 	ldr.w	fp, [sp, #200]	@ 0xc8
ldr r12,[sp,#204]
 8004e34:	f8dd c0cc 	ldr.w	ip, [sp, #204]	@ 0xcc
# copy-collector output ends
mov r14,0x800000
 8004e38:	f44f 0e00 	mov.w	lr, #8388608	@ 0x800000

# qhasm: carry?  lou4 += lou5
# asm 1: adds >lou4=int32#8,<lou4=int32#8,<lou5=int32#12
# asm 2: adds >lou4=r7,<lou4=r7,<lou5=r11
adds r7,r7,r11
 8004e3c:	eb17 070b 	adds.w	r7, r7, fp

# qhasm: hiu4 += hiu5 + carry
# asm 1: adc >hiu4=int32#9,<hiu4=int32#9,<hiu5=int32#13
# asm 2: adc >hiu4=r8,<hiu4=r8,<hiu5=r12
adc r8,r8,r12
 8004e40:	eb48 080c 	adc.w	r8, r8, ip

# qhasm: carry? lou4 += lotmp
# asm 1: adds >lou4=int32#8,<lou4=int32#8,<lotmp=int32#12
# asm 2: adds >lou4=r7,<lou4=r7,<lotmp=r11
# copy-collector output starts
ldr r11,[r0],#4
 8004e44:	f850 bb04 	ldr.w	fp, [r0], #4
ldr r12,[r0],#4
 8004e48:	f850 cb04 	ldr.w	ip, [r0], #4
# copy-collector output ends
adds r7,r7,r11
 8004e4c:	eb17 070b 	adds.w	r7, r7, fp

# qhasm: hiu4 += hitmp + carry
# asm 1: adc >hiu4=int32#9,<hiu4=int32#9,<hitmp=int32#13
# asm 2: adc >hiu4=r8,<hiu4=r8,<hitmp=r12
adc r8,r8,r12
 8004e50:	eb48 080c 	adc.w	r8, r8, ip

# qhasm: hitmp lotmp = lou2 * two23
# asm 1: umull >lotmp=int32#13,>hitmp=int32#12,<lou2=int32#4,<two23=int32#14
# asm 2: umull >lotmp=r12,>hitmp=r11,<lou2=r3,<two23=r14
umull r12,r11,r3,r14
 8004e54:	fba3 cb0e 	umull	ip, fp, r3, lr

# qhasm: lotmp hitmp += hiu2 * two23
# asm 1: umlal <hitmp=int32#12,<lotmp=int32#13,<hiu2=int32#5,<two23=int32#14
# asm 2: umlal <hitmp=r11,<lotmp=r12,<hiu2=r4,<two23=r14
umlal r11,r12,r4,r14
 8004e58:	fbe4 bc0e 	umlal	fp, ip, r4, lr

# qhasm: lotmp ^= (lou2 unsigned>> 18)
# asm 1: eor >lotmp=int32#13,<lotmp=int32#13,<lou2=int32#4,LSR #18
# asm 2: eor >lotmp=r12,<lotmp=r12,<lou2=r3,LSR #18
eor r12,r12,r3,LSR #18
 8004e5c:	ea8c 4c93 	eor.w	ip, ip, r3, lsr #18

# qhasm: lotmp ^= (hiu2 << 14)
# asm 1: eor >lotmp=int32#13,<lotmp=int32#13,<hiu2=int32#5,LSL #14
# asm 2: eor >lotmp=r12,<lotmp=r12,<hiu2=r4,LSL #14
eor r12,r12,r4,LSL #14
 8004e60:	ea8c 3c84 	eor.w	ip, ip, r4, lsl #14

# qhasm: lotmp ^= (lou2 unsigned>> 14)
# asm 1: eor >lotmp=int32#13,<lotmp=int32#13,<lou2=int32#4,LSR #14
# asm 2: eor >lotmp=r12,<lotmp=r12,<lou2=r3,LSR #14
eor r12,r12,r3,LSR #14
 8004e64:	ea8c 3c93 	eor.w	ip, ip, r3, lsr #14

# qhasm: lotmp ^= (hiu2 << 18)
# asm 1: eor >lotmp=int32#13,<lotmp=int32#13,<hiu2=int32#5,LSL #18
# asm 2: eor >lotmp=r12,<lotmp=r12,<hiu2=r4,LSL #18
eor r12,r12,r4,LSL #18
 8004e68:	ea8c 4c84 	eor.w	ip, ip, r4, lsl #18

# qhasm: hitmp ^= (hiu2 unsigned>> 18)
# asm 1: eor >hitmp=int32#12,<hitmp=int32#12,<hiu2=int32#5,LSR #18
# asm 2: eor >hitmp=r11,<hitmp=r11,<hiu2=r4,LSR #18
eor r11,r11,r4,LSR #18
 8004e6c:	ea8b 4b94 	eor.w	fp, fp, r4, lsr #18

# qhasm: hitmp ^= (lou2 << 14)
# asm 1: eor >hitmp=int32#12,<hitmp=int32#12,<lou2=int32#4,LSL #14
# asm 2: eor >hitmp=r11,<hitmp=r11,<lou2=r3,LSL #14
eor r11,r11,r3,LSL #14
 8004e70:	ea8b 3b83 	eor.w	fp, fp, r3, lsl #14

# qhasm: hitmp ^= (hiu2 unsigned>> 14)
# asm 1: eor >hitmp=int32#12,<hitmp=int32#12,<hiu2=int32#5,LSR #14
# asm 2: eor >hitmp=r11,<hitmp=r11,<hiu2=r4,LSR #14
eor r11,r11,r4,LSR #14
 8004e74:	ea8b 3b94 	eor.w	fp, fp, r4, lsr #14

# qhasm: hitmp ^= (lou2 << 18)
# asm 1: eor >hitmp=int32#12,<hitmp=int32#12,<lou2=int32#4,LSL #18
# asm 2: eor >hitmp=r11,<hitmp=r11,<lou2=r3,LSL #18
eor r11,r11,r3,LSL #18
 8004e78:	ea8b 4b83 	eor.w	fp, fp, r3, lsl #18

# qhasm: carry? lou4 += lotmp
# asm 1: adds >lou4=int32#8,<lou4=int32#8,<lotmp=int32#13
# asm 2: adds >lou4=r7,<lou4=r7,<lotmp=r12
adds r7,r7,r12
 8004e7c:	eb17 070c 	adds.w	r7, r7, ip

# qhasm: hiu4 += hitmp + carry
# asm 1: adc >hiu4=int32#9,<hiu4=int32#9,<hitmp=int32#12
# asm 2: adc >hiu4=r8,<hiu4=r8,<hitmp=r11
adc r8,r8,r11
 8004e80:	eb48 080b 	adc.w	r8, r8, fp

# qhasm: lotmp = lou2 & lou0
# asm 1: and >lotmp=int32#2,<lou2=int32#4,<lou0=int32#2
# asm 2: and >lotmp=r1,<lou2=r3,<lou0=r1
and r1,r3,r1
 8004e84:	ea03 0101 	and.w	r1, r3, r1

# qhasm: lotmp2 = lou1 & ~lou2
# asm 1: bic >lotmp2=int32#4,<lou1=int32#6,<lou2=int32#4
# asm 2: bic >lotmp2=r3,<lou1=r5,<lou2=r3
bic r3,r5,r3
 8004e88:	ea25 0303 	bic.w	r3, r5, r3

# qhasm: lotmp ^= lotmp2
# asm 1: eor >lotmp=int32#2,<lotmp=int32#2,<lotmp2=int32#4
# asm 2: eor >lotmp=r1,<lotmp=r1,<lotmp2=r3
eor r1,r1,r3
 8004e8c:	ea81 0103 	eor.w	r1, r1, r3

# qhasm: carry? lou4 += lotmp
# asm 1: adds >lou4=int32#2,<lou4=int32#8,<lotmp=int32#2
# asm 2: adds >lou4=r1,<lou4=r7,<lotmp=r1
adds.w r1,r7,r1
 8004e90:	eb17 0101 	adds.w	r1, r7, r1

# qhasm: hitmp = hiu2 & hiu0
# asm 1: and >hitmp=int32#3,<hiu2=int32#5,<hiu0=int32#3
# asm 2: and >hitmp=r2,<hiu2=r4,<hiu0=r2
and r2,r4,r2
 8004e94:	ea04 0202 	and.w	r2, r4, r2

# qhasm: hitmp2 = hiu1 & ~hiu2
# asm 1: bic >hitmp2=int32#4,<hiu1=int32#7,<hiu2=int32#5
# asm 2: bic >hitmp2=r3,<hiu1=r6,<hiu2=r4
bic r3,r6,r4
 8004e98:	ea26 0304 	bic.w	r3, r6, r4

# qhasm: hitmp ^= hitmp2
# asm 1: eor >hitmp=int32#3,<hitmp=int32#3,<hitmp2=int32#4
# asm 2: eor >hitmp=r2,<hitmp=r2,<hitmp2=r3
eor r2,r2,r3
 8004e9c:	ea82 0203 	eor.w	r2, r2, r3

# qhasm: hiu4 += hitmp + carry
# asm 1: adc >hiu4=int32#3,<hiu4=int32#9,<hitmp=int32#3
# asm 2: adc >hiu4=r2,<hiu4=r8,<hitmp=r2
adc r2,r8,r2
 8004ea0:	eb48 0202 	adc.w	r2, r8, r2

# qhasm: carry? lou3 += lou4
# asm 1: adds >lou3=int32#4,<lou3=int32#10,<lou4=int32#2
# asm 2: adds >lou3=r3,<lou3=r9,<lou4=r1
adds r3,r9,r1
 8004ea4:	eb19 0301 	adds.w	r3, r9, r1

# qhasm: hiu3 += hiu4 + carry
# asm 1: adc >hiu3=int32#5,<hiu3=int32#11,<hiu4=int32#3
# asm 2: adc >hiu3=r4,<hiu3=r10,<hiu4=r2
adc r4,r10,r2
 8004ea8:	eb4a 0402 	adc.w	r4, sl, r2

# qhasm: two25 = 0x2000000 simple
# asm 1: mov >two25=int32#10,0x2000000
# asm 2: mov >two25=r9,0x2000000
# copy-collector output starts
strd r3,r4,[sp,#112]
 8004eac:	e9cd 341c 	strd	r3, r4, [sp, #112]	@ 0x70
ldr r3,[sp,#56]
 8004eb0:	9b0e      	ldr	r3, [sp, #56]	@ 0x38
ldr r4,[sp,#60]
 8004eb2:	9c0f      	ldr	r4, [sp, #60]	@ 0x3c
ldr r5,[sp,#64]
 8004eb4:	9d10      	ldr	r5, [sp, #64]	@ 0x40
ldr r6,[sp,#68]
 8004eb6:	9e11      	ldr	r6, [sp, #68]	@ 0x44
ldr.w r7,[sp,#72]
 8004eb8:	f8dd 7048 	ldr.w	r7, [sp, #72]	@ 0x48
ldr r8,[sp,#76]
 8004ebc:	f8dd 804c 	ldr.w	r8, [sp, #76]	@ 0x4c
# copy-collector output ends
mov r9,0x2000000
 8004ec0:	f04f 7900 	mov.w	r9, #33554432	@ 0x2000000

# qhasm: hitmp lotmp = lou0 * two25
# asm 1: umull >lotmp=int32#12,>hitmp=int32#11,<lou0=int32#4,<two25=int32#10
# asm 2: umull >lotmp=r11,>hitmp=r10,<lou0=r3,<two25=r9
umull r11,r10,r3,r9
 8004ec4:	fba3 ba09 	umull	fp, sl, r3, r9

# qhasm: lotmp hitmp += hiu0 * two25
# asm 1: umlal <hitmp=int32#11,<lotmp=int32#12,<hiu0=int32#5,<two25=int32#10
# asm 2: umlal <hitmp=r10,<lotmp=r11,<hiu0=r4,<two25=r9
umlal r10,r11,r4,r9
 8004ec8:	fbe4 ab09 	umlal	sl, fp, r4, r9

# qhasm: lotmp ^= (hiu0 unsigned>> 2)
# asm 1: eor >lotmp=int32#10,<lotmp=int32#12,<hiu0=int32#5,LSR #2
# asm 2: eor >lotmp=r9,<lotmp=r11,<hiu0=r4,LSR #2
eor r9,r11,r4,LSR #2
 8004ecc:	ea8b 0994 	eor.w	r9, fp, r4, lsr #2

# qhasm: lotmp ^= (lou0 << 30)
# asm 1: eor >lotmp=int32#10,<lotmp=int32#10,<lou0=int32#4,LSL #30
# asm 2: eor >lotmp=r9,<lotmp=r9,<lou0=r3,LSL #30
eor r9,r9,r3,LSL #30
 8004ed0:	ea89 7983 	eor.w	r9, r9, r3, lsl #30

# qhasm: lotmp ^= (lou0 unsigned>> 28)
# asm 1: eor >lotmp=int32#10,<lotmp=int32#10,<lou0=int32#4,LSR #28
# asm 2: eor >lotmp=r9,<lotmp=r9,<lou0=r3,LSR #28
eor r9,r9,r3,LSR #28
 8004ed4:	ea89 7913 	eor.w	r9, r9, r3, lsr #28

# qhasm: lotmp ^= (hiu0 << 4)
# asm 1: eor >lotmp=int32#10,<lotmp=int32#10,<hiu0=int32#5,LSL #4
# asm 2: eor >lotmp=r9,<lotmp=r9,<hiu0=r4,LSL #4
eor r9,r9,r4,LSL #4
 8004ed8:	ea89 1904 	eor.w	r9, r9, r4, lsl #4

# qhasm: hitmp ^= (lou0 unsigned>> 2)
# asm 1: eor >hitmp=int32#11,<hitmp=int32#11,<lou0=int32#4,LSR #2
# asm 2: eor >hitmp=r10,<hitmp=r10,<lou0=r3,LSR #2
eor r10,r10,r3,LSR #2
 8004edc:	ea8a 0a93 	eor.w	sl, sl, r3, lsr #2

# qhasm: hitmp ^= (hiu0 << 30)
# asm 1: eor >hitmp=int32#11,<hitmp=int32#11,<hiu0=int32#5,LSL #30
# asm 2: eor >hitmp=r10,<hitmp=r10,<hiu0=r4,LSL #30
eor r10,r10,r4,LSL #30
 8004ee0:	ea8a 7a84 	eor.w	sl, sl, r4, lsl #30

# qhasm: hitmp ^= (hiu0 unsigned>> 28)
# asm 1: eor >hitmp=int32#11,<hitmp=int32#11,<hiu0=int32#5,LSR #28
# asm 2: eor >hitmp=r10,<hitmp=r10,<hiu0=r4,LSR #28
eor r10,r10,r4,LSR #28
 8004ee4:	ea8a 7a14 	eor.w	sl, sl, r4, lsr #28

# qhasm: hitmp ^= (lou0 << 4)
# asm 1: eor >hitmp=int32#11,<hitmp=int32#11,<lou0=int32#4,LSL #4
# asm 2: eor >hitmp=r10,<hitmp=r10,<lou0=r3,LSL #4
eor r10,r10,r3,LSL #4
 8004ee8:	ea8a 1a03 	eor.w	sl, sl, r3, lsl #4

# qhasm: carry? lou4 += lotmp
# asm 1: adds >lou4=int32#2,<lou4=int32#2,<lotmp=int32#10
# asm 2: adds >lou4=r1,<lou4=r1,<lotmp=r9
adds r1,r1,r9
 8004eec:	eb11 0109 	adds.w	r1, r1, r9

# qhasm: hiu4 += hitmp + carry
# asm 1: adc >hiu4=int32#3,<hiu4=int32#3,<hitmp=int32#11
# asm 2: adc >hiu4=r2,<hiu4=r2,<hitmp=r10
adc r2,r2,r10
 8004ef0:	eb42 020a 	adc.w	r2, r2, sl

# qhasm: lotmp = lou1 ^ lou2
# asm 1: eor >lotmp=int32#10,<lou1=int32#6,<lou2=int32#8
# asm 2: eor >lotmp=r9,<lou1=r5,<lou2=r7
eor r9,r5,r7
 8004ef4:	ea85 0907 	eor.w	r9, r5, r7

# qhasm: lotmp &= lou0
# asm 1: and >lotmp=int32#4,<lotmp=int32#10,<lou0=int32#4
# asm 2: and >lotmp=r3,<lotmp=r9,<lou0=r3
and r3,r9,r3
 8004ef8:	ea09 0303 	and.w	r3, r9, r3

# qhasm: lotmp2 = lou1 & lou2
# asm 1: and >lotmp2=int32#6,<lou1=int32#6,<lou2=int32#8
# asm 2: and >lotmp2=r5,<lou1=r5,<lou2=r7
and r5,r5,r7
 8004efc:	ea05 0507 	and.w	r5, r5, r7

# qhasm: lotmp ^= lotmp2
# asm 1: eor >lotmp=int32#4,<lotmp=int32#4,<lotmp2=int32#6
# asm 2: eor >lotmp=r3,<lotmp=r3,<lotmp2=r5
eor r3,r3,r5
 8004f00:	ea83 0305 	eor.w	r3, r3, r5

# qhasm: carry? lou4 += lotmp
# asm 1: adds >lou4=int32#2,<lou4=int32#2,<lotmp=int32#4
# asm 2: adds >lou4=r1,<lou4=r1,<lotmp=r3
adds.w r1,r1,r3
 8004f04:	eb11 0103 	adds.w	r1, r1, r3

# qhasm: hitmp = hiu1 ^ hiu2
# asm 1: eor >hitmp=int32#4,<hiu1=int32#7,<hiu2=int32#9
# asm 2: eor >hitmp=r3,<hiu1=r6,<hiu2=r8
eor r3,r6,r8
 8004f08:	ea86 0308 	eor.w	r3, r6, r8

# qhasm: hitmp &= hiu0
# asm 1: and >hitmp=int32#4,<hitmp=int32#4,<hiu0=int32#5
# asm 2: and >hitmp=r3,<hitmp=r3,<hiu0=r4
and r3,r3,r4
 8004f0c:	ea03 0304 	and.w	r3, r3, r4

# qhasm: hitmp2 = hiu1 & hiu2
# asm 1: and >hitmp2=int32#5,<hiu1=int32#7,<hiu2=int32#9
# asm 2: and >hitmp2=r4,<hiu1=r6,<hiu2=r8
and r4,r6,r8
 8004f10:	ea06 0408 	and.w	r4, r6, r8

# qhasm: hitmp ^= hitmp2
# asm 1: eor >hitmp=int32#4,<hitmp=int32#4,<hitmp2=int32#5
# asm 2: eor >hitmp=r3,<hitmp=r3,<hitmp2=r4
eor r3,r3,r4
 8004f14:	ea83 0304 	eor.w	r3, r3, r4

# qhasm: hiu4 += hitmp + carry
# asm 1: adc >hiu4=int32#3,<hiu4=int32#3,<hitmp=int32#4
# asm 2: adc >hiu4=r2,<hiu4=r2,<hitmp=r3
adc r2,r2,r3
 8004f18:	eb42 0203 	adc.w	r2, r2, r3

# qhasm: =? unsigned<? input_0 -= 8
# asm 1: subs >input_0=int32#1,<input_0=int32#1,#8
# asm 2: subs >input_0=r0,<input_0=r0,#8
# copy-collector output starts
strd r1,r2,[sp,#48]
 8004f1c:	e9cd 120c 	strd	r1, r2, [sp, #48]	@ 0x30
str r0,[sp,#12]
 8004f20:	9003      	str	r0, [sp, #12]
ldr r0,[sp,#272]
 8004f22:	9844      	ldr	r0, [sp, #272]	@ 0x110
# copy-collector output ends
subs r0,r0,#8
 8004f24:	3808      	subs	r0, #8

# qhasm: goto endinnerloop if =
beq ._endinnerloop
 8004f26:	f000 81e1 	beq.w	80052ec <._endinnerloop>

# qhasm: =? input_0 - 8
# asm 1: cmp <input_0=int32#1,#8
# asm 2: cmp <input_0=r0,#8
# copy-collector output starts
str r0,[sp,#272]
 8004f2a:	9044      	str	r0, [sp, #272]	@ 0x110
# copy-collector output ends
cmp r0,#8
 8004f2c:	2808      	cmp	r0, #8

# qhasm: goto nearend if =
beq ._nearend
 8004f2e:	f000 81bb 	beq.w	80052a8 <._nearend>

# qhasm: two24 = 0x1000000 simple
# asm 1: mov >two24=int32#1,0x1000000
# asm 2: mov >two24=r0,0x1000000
mov r0,0x1000000
 8004f32:	f04f 7080 	mov.w	r0, #16777216	@ 0x1000000

# qhasm: two13 = 0x2000 simple
# asm 1: mov >two13=int32#2,0x2000
# asm 2: mov >two13=r1,0x2000
mov r1,0x2000
 8004f36:	f44f 5100 	mov.w	r1, #8192	@ 0x2000

# qhasm: hitmp lotmp = hiu2 * two13
# asm 1: umull >lotmp=int32#12,>hitmp=int32#11,<hiu2=int32#8,<two13=int32#2
# asm 2: umull >lotmp=r11,>hitmp=r10,<hiu2=r7,<two13=r1
# copy-collector output starts
ldr r2,[sp,#144]
 8004f3a:	9a24      	ldr	r2, [sp, #144]	@ 0x90
ldr r3,[sp,#148]
 8004f3c:	9b25      	ldr	r3, [sp, #148]	@ 0x94
ldr r4,[sp,#152]
 8004f3e:	9c26      	ldr	r4, [sp, #152]	@ 0x98
ldr r5,[sp,#156]
 8004f40:	9d27      	ldr	r5, [sp, #156]	@ 0x9c
ldr r6,[sp,#256]
 8004f42:	9e40      	ldr	r6, [sp, #256]	@ 0x100
ldr.w r7,[sp,#260]
 8004f44:	f8dd 7104 	ldr.w	r7, [sp, #260]	@ 0x104
ldr r8,[sp,#216]
 8004f48:	f8dd 80d8 	ldr.w	r8, [sp, #216]	@ 0xd8
ldr r9,[sp,#220]
 8004f4c:	f8dd 90dc 	ldr.w	r9, [sp, #220]	@ 0xdc
# copy-collector output ends
umull r11,r10,r7,r1
 8004f50:	fba7 ba01 	umull	fp, sl, r7, r1

# qhasm: lotmp hitmp += lou2 * two13
# asm 1: umlal <hitmp=int32#11,<lotmp=int32#12,<lou2=int32#7,<two13=int32#2
# asm 2: umlal <hitmp=r10,<lotmp=r11,<lou2=r6,<two13=r1
umlal r10,r11,r6,r1
 8004f54:	fbe6 ab01 	umlal	sl, fp, r6, r1

# qhasm: lotmp ^= (lou2 unsigned>> 6)
# asm 1: eor >lotmp=int32#12,<lotmp=int32#12,<lou2=int32#7,LSR #6
# asm 2: eor >lotmp=r11,<lotmp=r11,<lou2=r6,LSR #6
eor r11,r11,r6,LSR #6
 8004f58:	ea8b 1b96 	eor.w	fp, fp, r6, lsr #6

# qhasm: lotmp ^= (hiu2 << 26)
# asm 1: eor >lotmp=int32#12,<lotmp=int32#12,<hiu2=int32#8,LSL #26
# asm 2: eor >lotmp=r11,<lotmp=r11,<hiu2=r7,LSL #26
eor r11,r11,r7,LSL #26
 8004f5c:	ea8b 6b87 	eor.w	fp, fp, r7, lsl #26

# qhasm: lotmp ^= (hiu2 unsigned>> 29)
# asm 1: eor >lotmp=int32#12,<lotmp=int32#12,<hiu2=int32#8,LSR #29
# asm 2: eor >lotmp=r11,<lotmp=r11,<hiu2=r7,LSR #29
eor r11,r11,r7,LSR #29
 8004f60:	ea8b 7b57 	eor.w	fp, fp, r7, lsr #29

# qhasm: lotmp ^= (lou2 << 3)
# asm 1: eor >lotmp=int32#12,<lotmp=int32#12,<lou2=int32#7,LSL #3
# asm 2: eor >lotmp=r11,<lotmp=r11,<lou2=r6,LSL #3
eor r11,r11,r6,LSL #3
 8004f64:	ea8b 0bc6 	eor.w	fp, fp, r6, lsl #3

# qhasm: hitmp ^= (hiu2 unsigned>> 6)
# asm 1: eor >hitmp=int32#11,<hitmp=int32#11,<hiu2=int32#8,LSR #6
# asm 2: eor >hitmp=r10,<hitmp=r10,<hiu2=r7,LSR #6
eor r10,r10,r7,LSR #6
 8004f68:	ea8a 1a97 	eor.w	sl, sl, r7, lsr #6

# qhasm: hitmp ^= (lou2 unsigned>> 29)
# asm 1: eor >hitmp=int32#11,<hitmp=int32#11,<lou2=int32#7,LSR #29
# asm 2: eor >hitmp=r10,<hitmp=r10,<lou2=r6,LSR #29
eor r10,r10,r6,LSR #29
 8004f6c:	ea8a 7a56 	eor.w	sl, sl, r6, lsr #29

# qhasm: hitmp ^= (hiu2 << 3)
# asm 1: eor >hitmp=int32#11,<hitmp=int32#11,<hiu2=int32#8,LSL #3
# asm 2: eor >hitmp=r10,<hitmp=r10,<hiu2=r7,LSL #3
eor r10,r10,r7,LSL #3
 8004f70:	ea8a 0ac7 	eor.w	sl, sl, r7, lsl #3

# qhasm: carry? lou0 += lotmp
# asm 1: adds >lou0=int32#3,<lou0=int32#3,<lotmp=int32#12
# asm 2: adds >lou0=r2,<lou0=r2,<lotmp=r11
adds r2,r2,r11
 8004f74:	eb12 020b 	adds.w	r2, r2, fp

# qhasm: hiu0 += hitmp + carry
# asm 1: adc >hiu0=int32#4,<hiu0=int32#4,<hitmp=int32#11
# asm 2: adc >hiu0=r3,<hiu0=r3,<hitmp=r10
adc r3,r3,r10
 8004f78:	eb43 030a 	adc.w	r3, r3, sl

# qhasm: hitmp lotmp = hiu1 * two24
# asm 1: umull >lotmp=int32#12,>hitmp=int32#11,<hiu1=int32#6,<two24=int32#1
# asm 2: umull >lotmp=r11,>hitmp=r10,<hiu1=r5,<two24=r0
umull r11,r10,r5,r0
 8004f7c:	fba5 ba00 	umull	fp, sl, r5, r0

# qhasm: lotmp hitmp += lou1 * two24
# asm 1: umlal <hitmp=int32#11,<lotmp=int32#12,<lou1=int32#5,<two24=int32#1
# asm 2: umlal <hitmp=r10,<lotmp=r11,<lou1=r4,<two24=r0
umlal r10,r11,r4,r0
 8004f80:	fbe4 ab00 	umlal	sl, fp, r4, r0

# qhasm: carry? lotmp ^= (lou1 unsigned>> 1)
# asm 1: eors >lotmp=int32#12,<lotmp=int32#12,<lou1=int32#5,LSR #1
# asm 2: eors >lotmp=r11,<lotmp=r11,<lou1=r4,LSR #1
eors r11,r11,r4,LSR #1
 8004f84:	ea9b 0b54 	eors.w	fp, fp, r4, lsr #1

# qhasm: hitmp ^= (carry,hiu1 unsigned>> 1)
# asm 1: eors >hitmp=int32#11,<hitmp=int32#11,<hiu1=int32#6,RRX
# asm 2: eors >hitmp=r10,<hitmp=r10,<hiu1=r5,RRX
eors r10,r10,r5,RRX
 8004f88:	ea9a 0a35 	eors.w	sl, sl, r5, rrx

# qhasm: lotmp ^= (hiu1 << 31)
# asm 1: eor >lotmp=int32#12,<lotmp=int32#12,<hiu1=int32#6,LSL #31
# asm 2: eor >lotmp=r11,<lotmp=r11,<hiu1=r5,LSL #31
eor r11,r11,r5,LSL #31
 8004f8c:	ea8b 7bc5 	eor.w	fp, fp, r5, lsl #31

# qhasm: lotmp ^= (lou1 unsigned>>7)
# asm 1: eor >lotmp=int32#12,<lotmp=int32#12,<lou1=int32#5,LSR #7
# asm 2: eor >lotmp=r11,<lotmp=r11,<lou1=r4,LSR #7
eor r11,r11,r4,LSR #7
 8004f90:	ea8b 1bd4 	eor.w	fp, fp, r4, lsr #7

# qhasm: lotmp ^= (hiu1 << 25)
# asm 1: eor >lotmp=int32#12,<lotmp=int32#12,<hiu1=int32#6,LSL #25
# asm 2: eor >lotmp=r11,<lotmp=r11,<hiu1=r5,LSL #25
eor r11,r11,r5,LSL #25
 8004f94:	ea8b 6b45 	eor.w	fp, fp, r5, lsl #25

# qhasm: hitmp ^= (hiu1 unsigned>>7)
# asm 1: eor >hitmp=int32#11,<hitmp=int32#11,<hiu1=int32#6,LSR #7
# asm 2: eor >hitmp=r10,<hitmp=r10,<hiu1=r5,LSR #7
eor r10,r10,r5,LSR #7
 8004f98:	ea8a 1ad5 	eor.w	sl, sl, r5, lsr #7

# qhasm: carry? lou0 += lotmp
# asm 1: adds >lou0=int32#3,<lou0=int32#3,<lotmp=int32#12
# asm 2: adds >lou0=r2,<lou0=r2,<lotmp=r11
adds r2,r2,r11
 8004f9c:	eb12 020b 	adds.w	r2, r2, fp

# qhasm: hiu0 += hitmp + carry
# asm 1: adc >hiu0=int32#4,<hiu0=int32#4,<hitmp=int32#11
# asm 2: adc >hiu0=r3,<hiu0=r3,<hitmp=r10
adc r3,r3,r10
 8004fa0:	eb43 030a 	adc.w	r3, r3, sl

# qhasm: carry? lou0 += lou3
# asm 1: adds >lou0=int32#3,<lou0=int32#3,<lou3=int32#9
# asm 2: adds >lou0=r2,<lou0=r2,<lou3=r8
adds r2,r2,r8
 8004fa4:	eb12 0208 	adds.w	r2, r2, r8

# qhasm: hiu0 += hiu3 + carry
# asm 1: adc >hiu0=int32#4,<hiu0=int32#4,<hiu3=int32#10
# asm 2: adc >hiu0=r3,<hiu0=r3,<hiu3=r9
adc r3,r3,r9
 8004fa8:	eb43 0309 	adc.w	r3, r3, r9

# qhasm: hitmp lotmp = hiu3 * two13
# asm 1: umull >lotmp=int32#12,>hitmp=int32#11,<hiu3=int32#10,<two13=int32#2
# asm 2: umull >lotmp=r11,>hitmp=r10,<hiu3=r9,<two13=r1
# copy-collector output starts
strd r8,r9,[sp,#152]
 8004fac:	e9cd 8926 	strd	r8, r9, [sp, #152]	@ 0x98
ldrd r8,r9,[sp,#264]
 8004fb0:	e9dd 8942 	ldrd	r8, r9, [sp, #264]	@ 0x108
strd r2,r3,[sp,#144]
 8004fb4:	e9cd 2324 	strd	r2, r3, [sp, #144]	@ 0x90
# copy-collector output ends
umull r11,r10,r9,r1
 8004fb8:	fba9 ba01 	umull	fp, sl, r9, r1

# qhasm: lotmp hitmp += lou3 * two13
# asm 1: umlal <hitmp=int32#11,<lotmp=int32#12,<lou3=int32#9,<two13=int32#2
# asm 2: umlal <hitmp=r10,<lotmp=r11,<lou3=r8,<two13=r1
umlal r10,r11,r8,r1
 8004fbc:	fbe8 ab01 	umlal	sl, fp, r8, r1

# qhasm: lotmp ^= (lou3 unsigned>> 6)
# asm 1: eor >lotmp=int32#12,<lotmp=int32#12,<lou3=int32#9,LSR #6
# asm 2: eor >lotmp=r11,<lotmp=r11,<lou3=r8,LSR #6
eor r11,r11,r8,LSR #6
 8004fc0:	ea8b 1b98 	eor.w	fp, fp, r8, lsr #6

# qhasm: lotmp ^= (hiu3 << 26)
# asm 1: eor >lotmp=int32#12,<lotmp=int32#12,<hiu3=int32#10,LSL #26
# asm 2: eor >lotmp=r11,<lotmp=r11,<hiu3=r9,LSL #26
eor r11,r11,r9,LSL #26
 8004fc4:	ea8b 6b89 	eor.w	fp, fp, r9, lsl #26

# qhasm: lotmp ^= (hiu3 unsigned>> 29)
# asm 1: eor >lotmp=int32#12,<lotmp=int32#12,<hiu3=int32#10,LSR #29
# asm 2: eor >lotmp=r11,<lotmp=r11,<hiu3=r9,LSR #29
eor r11,r11,r9,LSR #29
 8004fc8:	ea8b 7b59 	eor.w	fp, fp, r9, lsr #29

# qhasm: lotmp ^= (lou3 << 3)
# asm 1: eor >lotmp=int32#12,<lotmp=int32#12,<lou3=int32#9,LSL #3
# asm 2: eor >lotmp=r11,<lotmp=r11,<lou3=r8,LSL #3
eor r11,r11,r8,LSL #3
 8004fcc:	ea8b 0bc8 	eor.w	fp, fp, r8, lsl #3

# qhasm: hitmp ^= (hiu3 unsigned>> 6)
# asm 1: eor >hitmp=int32#11,<hitmp=int32#11,<hiu3=int32#10,LSR #6
# asm 2: eor >hitmp=r10,<hitmp=r10,<hiu3=r9,LSR #6
eor r10,r10,r9,LSR #6
 8004fd0:	ea8a 1a99 	eor.w	sl, sl, r9, lsr #6

# qhasm: hitmp ^= (lou3 unsigned>> 29)
# asm 1: eor >hitmp=int32#11,<hitmp=int32#11,<lou3=int32#9,LSR #29
# asm 2: eor >hitmp=r10,<hitmp=r10,<lou3=r8,LSR #29
eor r10,r10,r8,LSR #29
 8004fd4:	ea8a 7a58 	eor.w	sl, sl, r8, lsr #29

# qhasm: hitmp ^= (hiu3 << 3)
# asm 1: eor >hitmp=int32#11,<hitmp=int32#11,<hiu3=int32#10,LSL #3
# asm 2: eor >hitmp=r10,<hitmp=r10,<hiu3=r9,LSL #3
eor r10,r10,r9,LSL #3
 8004fd8:	ea8a 0ac9 	eor.w	sl, sl, r9, lsl #3

# qhasm: carry? lou1 += lotmp
# asm 1: adds >lou1=int32#5,<lou1=int32#5,<lotmp=int32#12
# asm 2: adds >lou1=r4,<lou1=r4,<lotmp=r11
adds r4,r4,r11
 8004fdc:	eb14 040b 	adds.w	r4, r4, fp

# qhasm: hiu1 += hitmp + carry
# asm 1: adc >hiu1=int32#6,<hiu1=int32#6,<hitmp=int32#11
# asm 2: adc >hiu1=r5,<hiu1=r5,<hitmp=r10
adc r5,r5,r10
 8004fe0:	eb45 050a 	adc.w	r5, r5, sl

# qhasm: hitmp lotmp = hiu4 * two24
# asm 1: umull >lotmp=int32#14,>hitmp=int32#13,<hiu4=int32#12,<two24=int32#1
# asm 2: umull >lotmp=r14,>hitmp=r12,<hiu4=r11,<two24=r0
# copy-collector output starts
ldrd r10,r11,[sp,#160]
 8004fe4:	e9dd ab28 	ldrd	sl, fp, [sp, #160]	@ 0xa0
# copy-collector output ends
umull r14,r12,r11,r0
 8004fe8:	fbab ec00 	umull	lr, ip, fp, r0

# qhasm: lotmp hitmp += lou4 * two24
# asm 1: umlal <hitmp=int32#13,<lotmp=int32#14,<lou4=int32#11,<two24=int32#1
# asm 2: umlal <hitmp=r12,<lotmp=r14,<lou4=r10,<two24=r0
umlal r12,r14,r10,r0
 8004fec:	fbea ce00 	umlal	ip, lr, sl, r0

# qhasm: carry? lotmp ^= (lou4 unsigned>> 1)
# asm 1: eors >lotmp=int32#14,<lotmp=int32#14,<lou4=int32#11,LSR #1
# asm 2: eors >lotmp=r14,<lotmp=r14,<lou4=r10,LSR #1
eors r14,r14,r10,LSR #1
 8004ff0:	ea9e 0e5a 	eors.w	lr, lr, sl, lsr #1

# qhasm: hitmp ^= (carry,hiu4 unsigned>> 1)
# asm 1: eors >hitmp=int32#13,<hitmp=int32#13,<hiu4=int32#12,RRX
# asm 2: eors >hitmp=r12,<hitmp=r12,<hiu4=r11,RRX
eors r12,r12,r11,RRX
 8004ff4:	ea9c 0c3b 	eors.w	ip, ip, fp, rrx

# qhasm: lotmp ^= (hiu4 << 31)
# asm 1: eor >lotmp=int32#14,<lotmp=int32#14,<hiu4=int32#12,LSL #31
# asm 2: eor >lotmp=r14,<lotmp=r14,<hiu4=r11,LSL #31
eor r14,r14,r11,LSL #31
 8004ff8:	ea8e 7ecb 	eor.w	lr, lr, fp, lsl #31

# qhasm: lotmp ^= (lou4 unsigned>>7)
# asm 1: eor >lotmp=int32#14,<lotmp=int32#14,<lou4=int32#11,LSR #7
# asm 2: eor >lotmp=r14,<lotmp=r14,<lou4=r10,LSR #7
eor r14,r14,r10,LSR #7
 8004ffc:	ea8e 1eda 	eor.w	lr, lr, sl, lsr #7

# qhasm: lotmp ^= (hiu4 << 25)
# asm 1: eor >lotmp=int32#14,<lotmp=int32#14,<hiu4=int32#12,LSL #25
# asm 2: eor >lotmp=r14,<lotmp=r14,<hiu4=r11,LSL #25
eor r14,r14,r11,LSL #25
 8005000:	ea8e 6e4b 	eor.w	lr, lr, fp, lsl #25

# qhasm: hitmp ^= (hiu4 unsigned>>7)
# asm 1: eor >hitmp=int32#13,<hitmp=int32#13,<hiu4=int32#12,LSR #7
# asm 2: eor >hitmp=r12,<hitmp=r12,<hiu4=r11,LSR #7
eor r12,r12,r11,LSR #7
 8005004:	ea8c 1cdb 	eor.w	ip, ip, fp, lsr #7

# qhasm: carry? lou1 += lotmp
# asm 1: adds >lou1=int32#5,<lou1=int32#5,<lotmp=int32#14
# asm 2: adds >lou1=r4,<lou1=r4,<lotmp=r14
adds r4,r4,r14
 8005008:	eb14 040e 	adds.w	r4, r4, lr

# qhasm: hiu1 += hitmp + carry
# asm 1: adc >hiu1=int32#6,<hiu1=int32#6,<hitmp=int32#13
# asm 2: adc >hiu1=r5,<hiu1=r5,<hitmp=r12
adc r5,r5,r12
 800500c:	eb45 050c 	adc.w	r5, r5, ip

# qhasm: carry? lou1 += lou5
# asm 1: adds >lou1=int32#5,<lou1=int32#5,<lou5=int32#13
# asm 2: adds >lou1=r4,<lou1=r4,<lou5=r12
# copy-collector output starts
ldrd r12,r14,[sp,#224]
 8005010:	e9dd ce38 	ldrd	ip, lr, [sp, #224]	@ 0xe0
# copy-collector output ends
adds r4,r4,r12
 8005014:	eb14 040c 	adds.w	r4, r4, ip

# qhasm: hiu1 += hiu5 + carry
# asm 1: adc >hiu1=int32#6,<hiu1=int32#6,<hiu5=int32#14
# asm 2: adc >hiu1=r5,<hiu1=r5,<hiu5=r14
adc r5,r5,r14
 8005018:	eb45 050e 	adc.w	r5, r5, lr

# qhasm: hitmp lotmp = hiu0 * two13
# asm 1: umull >lotmp=int32#14,>hitmp=int32#13,<hiu0=int32#4,<two13=int32#2
# asm 2: umull >lotmp=r14,>hitmp=r12,<hiu0=r3,<two13=r1
# copy-collector output starts
strd r12,r14,[sp,#160]
 800501c:	e9cd ce28 	strd	ip, lr, [sp, #160]	@ 0xa0
strd r4,r5,[sp,#216]
 8005020:	e9cd 4536 	strd	r4, r5, [sp, #216]	@ 0xd8
# copy-collector output ends
umull r14,r12,r3,r1
 8005024:	fba3 ec01 	umull	lr, ip, r3, r1

# qhasm: lotmp hitmp += lou0 * two13
# asm 1: umlal <hitmp=int32#13,<lotmp=int32#14,<lou0=int32#3,<two13=int32#2
# asm 2: umlal <hitmp=r12,<lotmp=r14,<lou0=r2,<two13=r1
umlal r12,r14,r2,r1
 8005028:	fbe2 ce01 	umlal	ip, lr, r2, r1

# qhasm: lotmp ^= (lou0 unsigned>> 6)
# asm 1: eor >lotmp=int32#14,<lotmp=int32#14,<lou0=int32#3,LSR #6
# asm 2: eor >lotmp=r14,<lotmp=r14,<lou0=r2,LSR #6
eor r14,r14,r2,LSR #6
 800502c:	ea8e 1e92 	eor.w	lr, lr, r2, lsr #6

# qhasm: lotmp ^= (hiu0 << 26)
# asm 1: eor >lotmp=int32#14,<lotmp=int32#14,<hiu0=int32#4,LSL #26
# asm 2: eor >lotmp=r14,<lotmp=r14,<hiu0=r3,LSL #26
eor r14,r14,r3,LSL #26
 8005030:	ea8e 6e83 	eor.w	lr, lr, r3, lsl #26

# qhasm: lotmp ^= (hiu0 unsigned>> 29)
# asm 1: eor >lotmp=int32#14,<lotmp=int32#14,<hiu0=int32#4,LSR #29
# asm 2: eor >lotmp=r14,<lotmp=r14,<hiu0=r3,LSR #29
eor r14,r14,r3,LSR #29
 8005034:	ea8e 7e53 	eor.w	lr, lr, r3, lsr #29

# qhasm: lotmp ^= (lou0 << 3)
# asm 1: eor >lotmp=int32#14,<lotmp=int32#14,<lou0=int32#3,LSL #3
# asm 2: eor >lotmp=r14,<lotmp=r14,<lou0=r2,LSL #3
eor r14,r14,r2,LSL #3
 8005038:	ea8e 0ec2 	eor.w	lr, lr, r2, lsl #3

# qhasm: hitmp ^= (hiu0 unsigned>> 6)
# asm 1: eor >hitmp=int32#13,<hitmp=int32#13,<hiu0=int32#4,LSR #6
# asm 2: eor >hitmp=r12,<hitmp=r12,<hiu0=r3,LSR #6
eor r12,r12,r3,LSR #6
 800503c:	ea8c 1c93 	eor.w	ip, ip, r3, lsr #6

# qhasm: hitmp ^= (lou0 unsigned>> 29)
# asm 1: eor >hitmp=int32#3,<hitmp=int32#13,<lou0=int32#3,LSR #29
# asm 2: eor >hitmp=r2,<hitmp=r12,<lou0=r2,LSR #29
eor r2,r12,r2,LSR #29
 8005040:	ea8c 7252 	eor.w	r2, ip, r2, lsr #29

# qhasm: hitmp ^= (hiu0 << 3)
# asm 1: eor >hitmp=int32#3,<hitmp=int32#3,<hiu0=int32#4,LSL #3
# asm 2: eor >hitmp=r2,<hitmp=r2,<hiu0=r3,LSL #3
eor r2,r2,r3,LSL #3
 8005044:	ea82 02c3 	eor.w	r2, r2, r3, lsl #3

# qhasm: carry? lou4 += lotmp
# asm 1: adds >lou4=int32#4,<lou4=int32#11,<lotmp=int32#14
# asm 2: adds >lou4=r3,<lou4=r10,<lotmp=r14
adds r3,r10,r14
 8005048:	eb1a 030e 	adds.w	r3, sl, lr

# qhasm: hiu4 += hitmp + carry
# asm 1: adc >hiu4=int32#3,<hiu4=int32#12,<hitmp=int32#3
# asm 2: adc >hiu4=r2,<hiu4=r11,<hitmp=r2
adc r2,r11,r2
 800504c:	eb4b 0202 	adc.w	r2, fp, r2

# qhasm: hitmp lotmp = hiu0 * two24
# asm 1: umull >lotmp=int32#14,>hitmp=int32#13,<hiu0=int32#12,<two24=int32#1
# asm 2: umull >lotmp=r14,>hitmp=r12,<hiu0=r11,<two24=r0
# copy-collector output starts
ldrd r10,r11,[sp,#168]
 8005050:	e9dd ab2a 	ldrd	sl, fp, [sp, #168]	@ 0xa8
# copy-collector output ends
umull r14,r12,r11,r0
 8005054:	fbab ec00 	umull	lr, ip, fp, r0

# qhasm: lotmp hitmp += lou0 * two24
# asm 1: umlal <hitmp=int32#13,<lotmp=int32#14,<lou0=int32#11,<two24=int32#1
# asm 2: umlal <hitmp=r12,<lotmp=r14,<lou0=r10,<two24=r0
umlal r12,r14,r10,r0
 8005058:	fbea ce00 	umlal	ip, lr, sl, r0

# qhasm: carry? lotmp ^= (lou0 unsigned>> 1)
# asm 1: eors >lotmp=int32#14,<lotmp=int32#14,<lou0=int32#11,LSR #1
# asm 2: eors >lotmp=r14,<lotmp=r14,<lou0=r10,LSR #1
eors r14,r14,r10,LSR #1
 800505c:	ea9e 0e5a 	eors.w	lr, lr, sl, lsr #1

# qhasm: hitmp ^= (carry,hiu0 unsigned>> 1)
# asm 1: eors >hitmp=int32#13,<hitmp=int32#13,<hiu0=int32#12,RRX
# asm 2: eors >hitmp=r12,<hitmp=r12,<hiu0=r11,RRX
eors r12,r12,r11,RRX
 8005060:	ea9c 0c3b 	eors.w	ip, ip, fp, rrx

# qhasm: lotmp ^= (hiu0 << 31)
# asm 1: eor >lotmp=int32#14,<lotmp=int32#14,<hiu0=int32#12,LSL #31
# asm 2: eor >lotmp=r14,<lotmp=r14,<hiu0=r11,LSL #31
eor r14,r14,r11,LSL #31
 8005064:	ea8e 7ecb 	eor.w	lr, lr, fp, lsl #31

# qhasm: lotmp ^= (lou0 unsigned>>7)
# asm 1: eor >lotmp=int32#14,<lotmp=int32#14,<lou0=int32#11,LSR #7
# asm 2: eor >lotmp=r14,<lotmp=r14,<lou0=r10,LSR #7
eor r14,r14,r10,LSR #7
 8005068:	ea8e 1eda 	eor.w	lr, lr, sl, lsr #7

# qhasm: lotmp ^= (hiu0 << 25)
# asm 1: eor >lotmp=int32#14,<lotmp=int32#14,<hiu0=int32#12,LSL #25
# asm 2: eor >lotmp=r14,<lotmp=r14,<hiu0=r11,LSL #25
eor r14,r14,r11,LSL #25
 800506c:	ea8e 6e4b 	eor.w	lr, lr, fp, lsl #25

# qhasm: hitmp ^= (hiu0 unsigned>>7)
# asm 1: eor >hitmp=int32#13,<hitmp=int32#13,<hiu0=int32#12,LSR #7
# asm 2: eor >hitmp=r12,<hitmp=r12,<hiu0=r11,LSR #7
eor r12,r12,r11,LSR #7
 8005070:	ea8c 1cdb 	eor.w	ip, ip, fp, lsr #7

# qhasm: carry? lou4 += lotmp
# asm 1: adds >lou4=int32#4,<lou4=int32#4,<lotmp=int32#14
# asm 2: adds >lou4=r3,<lou4=r3,<lotmp=r14
adds r3,r3,r14
 8005074:	eb13 030e 	adds.w	r3, r3, lr

# qhasm: hiu4 += hitmp + carry
# asm 1: adc >hiu4=int32#3,<hiu4=int32#3,<hitmp=int32#13
# asm 2: adc >hiu4=r2,<hiu4=r2,<hitmp=r12
adc r2,r2,r12
 8005078:	eb42 020c 	adc.w	r2, r2, ip

# qhasm: carry? lou4 += lou5
# asm 1: adds >lou4=int32#4,<lou4=int32#4,<lou5=int32#13
# asm 2: adds >lou4=r3,<lou4=r3,<lou5=r12
# copy-collector output starts
ldrd r12,r14,[sp,#232]
 800507c:	e9dd ce3a 	ldrd	ip, lr, [sp, #232]	@ 0xe8
# copy-collector output ends
adds r3,r3,r12
 8005080:	eb13 030c 	adds.w	r3, r3, ip

# qhasm: hiu4 += hiu5 + carry
# asm 1: adc >hiu4=int32#3,<hiu4=int32#3,<hiu5=int32#14
# asm 2: adc >hiu4=r2,<hiu4=r2,<hiu5=r14
adc r2,r2,r14
 8005084:	eb42 020e 	adc.w	r2, r2, lr

# qhasm: hitmp lotmp = hiu1 * two13
# asm 1: umull >lotmp=int32#14,>hitmp=int32#13,<hiu1=int32#6,<two13=int32#2
# asm 2: umull >lotmp=r14,>hitmp=r12,<hiu1=r5,<two13=r1
# copy-collector output starts
strd r12,r14,[sp,#168]
 8005088:	e9cd ce2a 	strd	ip, lr, [sp, #168]	@ 0xa8
strd r3,r2,[sp,#224]
 800508c:	e9cd 3238 	strd	r3, r2, [sp, #224]	@ 0xe0
# copy-collector output ends
umull r14,r12,r5,r1
 8005090:	fba5 ec01 	umull	lr, ip, r5, r1

# qhasm: lotmp hitmp += lou1 * two13
# asm 1: umlal <hitmp=int32#13,<lotmp=int32#14,<lou1=int32#5,<two13=int32#2
# asm 2: umlal <hitmp=r12,<lotmp=r14,<lou1=r4,<two13=r1
umlal r12,r14,r4,r1
 8005094:	fbe4 ce01 	umlal	ip, lr, r4, r1

# qhasm: lotmp ^= (lou1 unsigned>> 6)
# asm 1: eor >lotmp=int32#14,<lotmp=int32#14,<lou1=int32#5,LSR #6
# asm 2: eor >lotmp=r14,<lotmp=r14,<lou1=r4,LSR #6
eor r14,r14,r4,LSR #6
 8005098:	ea8e 1e94 	eor.w	lr, lr, r4, lsr #6

# qhasm: lotmp ^= (hiu1 << 26)
# asm 1: eor >lotmp=int32#14,<lotmp=int32#14,<hiu1=int32#6,LSL #26
# asm 2: eor >lotmp=r14,<lotmp=r14,<hiu1=r5,LSL #26
eor r14,r14,r5,LSL #26
 800509c:	ea8e 6e85 	eor.w	lr, lr, r5, lsl #26

# qhasm: lotmp ^= (hiu1 unsigned>> 29)
# asm 1: eor >lotmp=int32#14,<lotmp=int32#14,<hiu1=int32#6,LSR #29
# asm 2: eor >lotmp=r14,<lotmp=r14,<hiu1=r5,LSR #29
eor r14,r14,r5,LSR #29
 80050a0:	ea8e 7e55 	eor.w	lr, lr, r5, lsr #29

# qhasm: lotmp ^= (lou1 << 3)
# asm 1: eor >lotmp=int32#14,<lotmp=int32#14,<lou1=int32#5,LSL #3
# asm 2: eor >lotmp=r14,<lotmp=r14,<lou1=r4,LSL #3
eor r14,r14,r4,LSL #3
 80050a4:	ea8e 0ec4 	eor.w	lr, lr, r4, lsl #3

# qhasm: hitmp ^= (hiu1 unsigned>> 6)
# asm 1: eor >hitmp=int32#13,<hitmp=int32#13,<hiu1=int32#6,LSR #6
# asm 2: eor >hitmp=r12,<hitmp=r12,<hiu1=r5,LSR #6
eor r12,r12,r5,LSR #6
 80050a8:	ea8c 1c95 	eor.w	ip, ip, r5, lsr #6

# qhasm: hitmp ^= (lou1 unsigned>> 29)
# asm 1: eor >hitmp=int32#5,<hitmp=int32#13,<lou1=int32#5,LSR #29
# asm 2: eor >hitmp=r4,<hitmp=r12,<lou1=r4,LSR #29
eor r4,r12,r4,LSR #29
 80050ac:	ea8c 7454 	eor.w	r4, ip, r4, lsr #29

# qhasm: hitmp ^= (hiu1 << 3)
# asm 1: eor >hitmp=int32#5,<hitmp=int32#5,<hiu1=int32#6,LSL #3
# asm 2: eor >hitmp=r4,<hitmp=r4,<hiu1=r5,LSL #3
eor r4,r4,r5,LSL #3
 80050b0:	ea84 04c5 	eor.w	r4, r4, r5, lsl #3

# qhasm: carry? lou0 += lotmp
# asm 1: adds >lou0=int32#6,<lou0=int32#11,<lotmp=int32#14
# asm 2: adds >lou0=r5,<lou0=r10,<lotmp=r14
adds r5,r10,r14
 80050b4:	eb1a 050e 	adds.w	r5, sl, lr

# qhasm: hiu0 += hitmp + carry
# asm 1: adc >hiu0=int32#5,<hiu0=int32#12,<hitmp=int32#5
# asm 2: adc >hiu0=r4,<hiu0=r11,<hitmp=r4
adc r4,r11,r4
 80050b8:	eb4b 0404 	adc.w	r4, fp, r4

# qhasm: hitmp lotmp = hiu1 * two24
# asm 1: umull >lotmp=int32#14,>hitmp=int32#13,<hiu1=int32#12,<two24=int32#1
# asm 2: umull >lotmp=r14,>hitmp=r12,<hiu1=r11,<two24=r0
# copy-collector output starts
ldrd r10,r11,[sp,#176]
 80050bc:	e9dd ab2c 	ldrd	sl, fp, [sp, #176]	@ 0xb0
# copy-collector output ends
umull r14,r12,r11,r0
 80050c0:	fbab ec00 	umull	lr, ip, fp, r0

# qhasm: lotmp hitmp += lou1 * two24
# asm 1: umlal <hitmp=int32#13,<lotmp=int32#14,<lou1=int32#11,<two24=int32#1
# asm 2: umlal <hitmp=r12,<lotmp=r14,<lou1=r10,<two24=r0
umlal r12,r14,r10,r0
 80050c4:	fbea ce00 	umlal	ip, lr, sl, r0

# qhasm: carry? lotmp ^= (lou1 unsigned>> 1)
# asm 1: eors >lotmp=int32#14,<lotmp=int32#14,<lou1=int32#11,LSR #1
# asm 2: eors >lotmp=r14,<lotmp=r14,<lou1=r10,LSR #1
eors r14,r14,r10,LSR #1
 80050c8:	ea9e 0e5a 	eors.w	lr, lr, sl, lsr #1

# qhasm: hitmp ^= (carry,hiu1 unsigned>> 1)
# asm 1: eors >hitmp=int32#13,<hitmp=int32#13,<hiu1=int32#12,RRX
# asm 2: eors >hitmp=r12,<hitmp=r12,<hiu1=r11,RRX
eors r12,r12,r11,RRX
 80050cc:	ea9c 0c3b 	eors.w	ip, ip, fp, rrx

# qhasm: lotmp ^= (hiu1 << 31)
# asm 1: eor >lotmp=int32#14,<lotmp=int32#14,<hiu1=int32#12,LSL #31
# asm 2: eor >lotmp=r14,<lotmp=r14,<hiu1=r11,LSL #31
eor r14,r14,r11,LSL #31
 80050d0:	ea8e 7ecb 	eor.w	lr, lr, fp, lsl #31

# qhasm: lotmp ^= (lou1 unsigned>>7)
# asm 1: eor >lotmp=int32#14,<lotmp=int32#14,<lou1=int32#11,LSR #7
# asm 2: eor >lotmp=r14,<lotmp=r14,<lou1=r10,LSR #7
eor r14,r14,r10,LSR #7
 80050d4:	ea8e 1eda 	eor.w	lr, lr, sl, lsr #7

# qhasm: lotmp ^= (hiu1 << 25)
# asm 1: eor >lotmp=int32#14,<lotmp=int32#14,<hiu1=int32#12,LSL #25
# asm 2: eor >lotmp=r14,<lotmp=r14,<hiu1=r11,LSL #25
eor r14,r14,r11,LSL #25
 80050d8:	ea8e 6e4b 	eor.w	lr, lr, fp, lsl #25

# qhasm: hitmp ^= (hiu1 unsigned>>7)
# asm 1: eor >hitmp=int32#13,<hitmp=int32#13,<hiu1=int32#12,LSR #7
# asm 2: eor >hitmp=r12,<hitmp=r12,<hiu1=r11,LSR #7
eor r12,r12,r11,LSR #7
 80050dc:	ea8c 1cdb 	eor.w	ip, ip, fp, lsr #7

# qhasm: carry? lou0 += lotmp
# asm 1: adds >lou0=int32#6,<lou0=int32#6,<lotmp=int32#14
# asm 2: adds >lou0=r5,<lou0=r5,<lotmp=r14
adds r5,r5,r14
 80050e0:	eb15 050e 	adds.w	r5, r5, lr

# qhasm: hiu0 += hitmp + carry
# asm 1: adc >hiu0=int32#5,<hiu0=int32#5,<hitmp=int32#13
# asm 2: adc >hiu0=r4,<hiu0=r4,<hitmp=r12
adc r4,r4,r12
 80050e4:	eb44 040c 	adc.w	r4, r4, ip

# qhasm: carry? lou0 += lou5
# asm 1: adds >lou0=int32#6,<lou0=int32#6,<lou5=int32#13
# asm 2: adds >lou0=r5,<lou0=r5,<lou5=r12
# copy-collector output starts
ldrd r12,r14,[sp,#240]
 80050e8:	e9dd ce3c 	ldrd	ip, lr, [sp, #240]	@ 0xf0
# copy-collector output ends
adds r5,r5,r12
 80050ec:	eb15 050c 	adds.w	r5, r5, ip

# qhasm: hiu0 += hiu5 + carry
# asm 1: adc >hiu0=int32#5,<hiu0=int32#5,<hiu5=int32#14
# asm 2: adc >hiu0=r4,<hiu0=r4,<hiu5=r14
adc r4,r4,r14
 80050f0:	eb44 040e 	adc.w	r4, r4, lr

# qhasm: hitmp lotmp = hiu4 * two13
# asm 1: umull >lotmp=int32#14,>hitmp=int32#13,<hiu4=int32#3,<two13=int32#2
# asm 2: umull >lotmp=r14,>hitmp=r12,<hiu4=r2,<two13=r1
# copy-collector output starts
strd r12,r14,[sp,#176]
 80050f4:	e9cd ce2c 	strd	ip, lr, [sp, #176]	@ 0xb0
strd r5,r4,[sp,#232]
 80050f8:	e9cd 543a 	strd	r5, r4, [sp, #232]	@ 0xe8
# copy-collector output ends
umull r14,r12,r2,r1
 80050fc:	fba2 ec01 	umull	lr, ip, r2, r1

# qhasm: lotmp hitmp += lou4 * two13
# asm 1: umlal <hitmp=int32#13,<lotmp=int32#14,<lou4=int32#4,<two13=int32#2
# asm 2: umlal <hitmp=r12,<lotmp=r14,<lou4=r3,<two13=r1
umlal r12,r14,r3,r1
 8005100:	fbe3 ce01 	umlal	ip, lr, r3, r1

# qhasm: lotmp ^= (lou4 unsigned>> 6)
# asm 1: eor >lotmp=int32#14,<lotmp=int32#14,<lou4=int32#4,LSR #6
# asm 2: eor >lotmp=r14,<lotmp=r14,<lou4=r3,LSR #6
eor r14,r14,r3,LSR #6
 8005104:	ea8e 1e93 	eor.w	lr, lr, r3, lsr #6

# qhasm: lotmp ^= (hiu4 << 26)
# asm 1: eor >lotmp=int32#14,<lotmp=int32#14,<hiu4=int32#3,LSL #26
# asm 2: eor >lotmp=r14,<lotmp=r14,<hiu4=r2,LSL #26
eor r14,r14,r2,LSL #26
 8005108:	ea8e 6e82 	eor.w	lr, lr, r2, lsl #26

# qhasm: lotmp ^= (hiu4 unsigned>> 29)
# asm 1: eor >lotmp=int32#14,<lotmp=int32#14,<hiu4=int32#3,LSR #29
# asm 2: eor >lotmp=r14,<lotmp=r14,<hiu4=r2,LSR #29
eor r14,r14,r2,LSR #29
 800510c:	ea8e 7e52 	eor.w	lr, lr, r2, lsr #29

# qhasm: lotmp ^= (lou4 << 3)
# asm 1: eor >lotmp=int32#14,<lotmp=int32#14,<lou4=int32#4,LSL #3
# asm 2: eor >lotmp=r14,<lotmp=r14,<lou4=r3,LSL #3
eor r14,r14,r3,LSL #3
 8005110:	ea8e 0ec3 	eor.w	lr, lr, r3, lsl #3

# qhasm: hitmp ^= (hiu4 unsigned>> 6)
# asm 1: eor >hitmp=int32#13,<hitmp=int32#13,<hiu4=int32#3,LSR #6
# asm 2: eor >hitmp=r12,<hitmp=r12,<hiu4=r2,LSR #6
eor r12,r12,r2,LSR #6
 8005114:	ea8c 1c92 	eor.w	ip, ip, r2, lsr #6

# qhasm: hitmp ^= (lou4 unsigned>> 29)
# asm 1: eor >hitmp=int32#4,<hitmp=int32#13,<lou4=int32#4,LSR #29
# asm 2: eor >hitmp=r3,<hitmp=r12,<lou4=r3,LSR #29
eor r3,r12,r3,LSR #29
 8005118:	ea8c 7353 	eor.w	r3, ip, r3, lsr #29

# qhasm: hitmp ^= (hiu4 << 3)
# asm 1: eor >hitmp=int32#3,<hitmp=int32#4,<hiu4=int32#3,LSL #3
# asm 2: eor >hitmp=r2,<hitmp=r3,<hiu4=r2,LSL #3
eor r2,r3,r2,LSL #3
 800511c:	ea83 02c2 	eor.w	r2, r3, r2, lsl #3

# qhasm: carry? lou1 += lotmp
# asm 1: adds >lou1=int32#4,<lou1=int32#11,<lotmp=int32#14
# asm 2: adds >lou1=r3,<lou1=r10,<lotmp=r14
adds r3,r10,r14
 8005120:	eb1a 030e 	adds.w	r3, sl, lr

# qhasm: hiu1 += hitmp + carry
# asm 1: adc >hiu1=int32#3,<hiu1=int32#12,<hitmp=int32#3
# asm 2: adc >hiu1=r2,<hiu1=r11,<hitmp=r2
adc r2,r11,r2
 8005124:	eb4b 0202 	adc.w	r2, fp, r2

# qhasm: hitmp lotmp = hiu4 * two24
# asm 1: umull >lotmp=int32#14,>hitmp=int32#13,<hiu4=int32#12,<two24=int32#1
# asm 2: umull >lotmp=r14,>hitmp=r12,<hiu4=r11,<two24=r0
# copy-collector output starts
ldrd r10,r11,[sp,#184]
 8005128:	e9dd ab2e 	ldrd	sl, fp, [sp, #184]	@ 0xb8
# copy-collector output ends
umull r14,r12,r11,r0
 800512c:	fbab ec00 	umull	lr, ip, fp, r0

# qhasm: lotmp hitmp += lou4 * two24
# asm 1: umlal <hitmp=int32#13,<lotmp=int32#14,<lou4=int32#11,<two24=int32#1
# asm 2: umlal <hitmp=r12,<lotmp=r14,<lou4=r10,<two24=r0
umlal r12,r14,r10,r0
 8005130:	fbea ce00 	umlal	ip, lr, sl, r0

# qhasm: carry? lotmp ^= (lou4 unsigned>> 1)
# asm 1: eors >lotmp=int32#14,<lotmp=int32#14,<lou4=int32#11,LSR #1
# asm 2: eors >lotmp=r14,<lotmp=r14,<lou4=r10,LSR #1
eors r14,r14,r10,LSR #1
 8005134:	ea9e 0e5a 	eors.w	lr, lr, sl, lsr #1

# qhasm: hitmp ^= (carry,hiu4 unsigned>> 1)
# asm 1: eors >hitmp=int32#13,<hitmp=int32#13,<hiu4=int32#12,RRX
# asm 2: eors >hitmp=r12,<hitmp=r12,<hiu4=r11,RRX
eors r12,r12,r11,RRX
 8005138:	ea9c 0c3b 	eors.w	ip, ip, fp, rrx

# qhasm: lotmp ^= (hiu4 << 31)
# asm 1: eor >lotmp=int32#14,<lotmp=int32#14,<hiu4=int32#12,LSL #31
# asm 2: eor >lotmp=r14,<lotmp=r14,<hiu4=r11,LSL #31
eor r14,r14,r11,LSL #31
 800513c:	ea8e 7ecb 	eor.w	lr, lr, fp, lsl #31

# qhasm: lotmp ^= (lou4 unsigned>>7)
# asm 1: eor >lotmp=int32#14,<lotmp=int32#14,<lou4=int32#11,LSR #7
# asm 2: eor >lotmp=r14,<lotmp=r14,<lou4=r10,LSR #7
eor r14,r14,r10,LSR #7
 8005140:	ea8e 1eda 	eor.w	lr, lr, sl, lsr #7

# qhasm: lotmp ^= (hiu4 << 25)
# asm 1: eor >lotmp=int32#14,<lotmp=int32#14,<hiu4=int32#12,LSL #25
# asm 2: eor >lotmp=r14,<lotmp=r14,<hiu4=r11,LSL #25
eor r14,r14,r11,LSL #25
 8005144:	ea8e 6e4b 	eor.w	lr, lr, fp, lsl #25

# qhasm: hitmp ^= (hiu4 unsigned>>7)
# asm 1: eor >hitmp=int32#13,<hitmp=int32#13,<hiu4=int32#12,LSR #7
# asm 2: eor >hitmp=r12,<hitmp=r12,<hiu4=r11,LSR #7
eor r12,r12,r11,LSR #7
 8005148:	ea8c 1cdb 	eor.w	ip, ip, fp, lsr #7

# qhasm: carry? lou1 += lotmp
# asm 1: adds >lou1=int32#4,<lou1=int32#4,<lotmp=int32#14
# asm 2: adds >lou1=r3,<lou1=r3,<lotmp=r14
adds r3,r3,r14
 800514c:	eb13 030e 	adds.w	r3, r3, lr

# qhasm: hiu1 += hitmp + carry
# asm 1: adc >hiu1=int32#3,<hiu1=int32#3,<hitmp=int32#13
# asm 2: adc >hiu1=r2,<hiu1=r2,<hitmp=r12
adc r2,r2,r12
 8005150:	eb42 020c 	adc.w	r2, r2, ip

# qhasm: carry? lou1 += lou5
# asm 1: adds >lou1=int32#4,<lou1=int32#4,<lou5=int32#13
# asm 2: adds >lou1=r3,<lou1=r3,<lou5=r12
# copy-collector output starts
ldrd r12,r14,[sp,#248]
 8005154:	e9dd ce3e 	ldrd	ip, lr, [sp, #248]	@ 0xf8
# copy-collector output ends
adds r3,r3,r12
 8005158:	eb13 030c 	adds.w	r3, r3, ip

# qhasm: hiu1 += hiu5 + carry
# asm 1: adc >hiu1=int32#3,<hiu1=int32#3,<hiu5=int32#14
# asm 2: adc >hiu1=r2,<hiu1=r2,<hiu5=r14
adc r2,r2,r14
 800515c:	eb42 020e 	adc.w	r2, r2, lr

# qhasm: hitmp lotmp = hiu0 * two13
# asm 1: umull >lotmp=int32#14,>hitmp=int32#13,<hiu0=int32#5,<two13=int32#2
# asm 2: umull >lotmp=r14,>hitmp=r12,<hiu0=r4,<two13=r1
# copy-collector output starts
strd r12,r14,[sp,#184]
 8005160:	e9cd ce2e 	strd	ip, lr, [sp, #184]	@ 0xb8
strd r3,r2,[sp,#240]
 8005164:	e9cd 323c 	strd	r3, r2, [sp, #240]	@ 0xf0
# copy-collector output ends
umull r14,r12,r4,r1
 8005168:	fba4 ec01 	umull	lr, ip, r4, r1

# qhasm: lotmp hitmp += lou0 * two13
# asm 1: umlal <hitmp=int32#13,<lotmp=int32#14,<lou0=int32#6,<two13=int32#2
# asm 2: umlal <hitmp=r12,<lotmp=r14,<lou0=r5,<two13=r1
umlal r12,r14,r5,r1
 800516c:	fbe5 ce01 	umlal	ip, lr, r5, r1

# qhasm: lotmp ^= (lou0 unsigned>> 6)
# asm 1: eor >lotmp=int32#14,<lotmp=int32#14,<lou0=int32#6,LSR #6
# asm 2: eor >lotmp=r14,<lotmp=r14,<lou0=r5,LSR #6
eor r14,r14,r5,LSR #6
 8005170:	ea8e 1e95 	eor.w	lr, lr, r5, lsr #6

# qhasm: lotmp ^= (hiu0 << 26)
# asm 1: eor >lotmp=int32#14,<lotmp=int32#14,<hiu0=int32#5,LSL #26
# asm 2: eor >lotmp=r14,<lotmp=r14,<hiu0=r4,LSL #26
eor r14,r14,r4,LSL #26
 8005174:	ea8e 6e84 	eor.w	lr, lr, r4, lsl #26

# qhasm: lotmp ^= (hiu0 unsigned>> 29)
# asm 1: eor >lotmp=int32#14,<lotmp=int32#14,<hiu0=int32#5,LSR #29
# asm 2: eor >lotmp=r14,<lotmp=r14,<hiu0=r4,LSR #29
eor r14,r14,r4,LSR #29
 8005178:	ea8e 7e54 	eor.w	lr, lr, r4, lsr #29

# qhasm: lotmp ^= (lou0 << 3)
# asm 1: eor >lotmp=int32#14,<lotmp=int32#14,<lou0=int32#6,LSL #3
# asm 2: eor >lotmp=r14,<lotmp=r14,<lou0=r5,LSL #3
eor r14,r14,r5,LSL #3
 800517c:	ea8e 0ec5 	eor.w	lr, lr, r5, lsl #3

# qhasm: hitmp ^= (hiu0 unsigned>> 6)
# asm 1: eor >hitmp=int32#13,<hitmp=int32#13,<hiu0=int32#5,LSR #6
# asm 2: eor >hitmp=r12,<hitmp=r12,<hiu0=r4,LSR #6
eor r12,r12,r4,LSR #6
 8005180:	ea8c 1c94 	eor.w	ip, ip, r4, lsr #6

# qhasm: hitmp ^= (lou0 unsigned>> 29)
# asm 1: eor >hitmp=int32#6,<hitmp=int32#13,<lou0=int32#6,LSR #29
# asm 2: eor >hitmp=r5,<hitmp=r12,<lou0=r5,LSR #29
eor r5,r12,r5,LSR #29
 8005184:	ea8c 7555 	eor.w	r5, ip, r5, lsr #29

# qhasm: hitmp ^= (hiu0 << 3)
# asm 1: eor >hitmp=int32#5,<hitmp=int32#6,<hiu0=int32#5,LSL #3
# asm 2: eor >hitmp=r4,<hitmp=r5,<hiu0=r4,LSL #3
eor r4,r5,r4,LSL #3
 8005188:	ea85 04c4 	eor.w	r4, r5, r4, lsl #3

# qhasm: carry? lou4 += lotmp
# asm 1: adds >lou4=int32#6,<lou4=int32#11,<lotmp=int32#14
# asm 2: adds >lou4=r5,<lou4=r10,<lotmp=r14
adds r5,r10,r14
 800518c:	eb1a 050e 	adds.w	r5, sl, lr

# qhasm: hiu4 += hitmp + carry
# asm 1: adc >hiu4=int32#5,<hiu4=int32#12,<hitmp=int32#5
# asm 2: adc >hiu4=r4,<hiu4=r11,<hitmp=r4
adc r4,r11,r4
 8005190:	eb4b 0404 	adc.w	r4, fp, r4

# qhasm: hitmp lotmp = hiu0 * two24
# asm 1: umull >lotmp=int32#14,>hitmp=int32#13,<hiu0=int32#12,<two24=int32#1
# asm 2: umull >lotmp=r14,>hitmp=r12,<hiu0=r11,<two24=r0
# copy-collector output starts
ldrd r10,r11,[sp,#192]
 8005194:	e9dd ab30 	ldrd	sl, fp, [sp, #192]	@ 0xc0
strd r6,r7,[sp,#192]
 8005198:	e9cd 6730 	strd	r6, r7, [sp, #192]	@ 0xc0
# copy-collector output ends
umull r14,r12,r11,r0
 800519c:	fbab ec00 	umull	lr, ip, fp, r0

# qhasm: lotmp hitmp += lou0 * two24
# asm 1: umlal <hitmp=int32#13,<lotmp=int32#14,<lou0=int32#11,<two24=int32#1
# asm 2: umlal <hitmp=r12,<lotmp=r14,<lou0=r10,<two24=r0
umlal r12,r14,r10,r0
 80051a0:	fbea ce00 	umlal	ip, lr, sl, r0

# qhasm: carry? lotmp ^= (lou0 unsigned>> 1)
# asm 1: eors >lotmp=int32#14,<lotmp=int32#14,<lou0=int32#11,LSR #1
# asm 2: eors >lotmp=r14,<lotmp=r14,<lou0=r10,LSR #1
eors r14,r14,r10,LSR #1
 80051a4:	ea9e 0e5a 	eors.w	lr, lr, sl, lsr #1

# qhasm: hitmp ^= (carry,hiu0 unsigned>> 1)
# asm 1: eors >hitmp=int32#13,<hitmp=int32#13,<hiu0=int32#12,RRX
# asm 2: eors >hitmp=r12,<hitmp=r12,<hiu0=r11,RRX
eors r12,r12,r11,RRX
 80051a8:	ea9c 0c3b 	eors.w	ip, ip, fp, rrx

# qhasm: lotmp ^= (hiu0 << 31)
# asm 1: eor >lotmp=int32#14,<lotmp=int32#14,<hiu0=int32#12,LSL #31
# asm 2: eor >lotmp=r14,<lotmp=r14,<hiu0=r11,LSL #31
eor r14,r14,r11,LSL #31
 80051ac:	ea8e 7ecb 	eor.w	lr, lr, fp, lsl #31

# qhasm: lotmp ^= (lou0 unsigned>>7)
# asm 1: eor >lotmp=int32#14,<lotmp=int32#14,<lou0=int32#11,LSR #7
# asm 2: eor >lotmp=r14,<lotmp=r14,<lou0=r10,LSR #7
eor r14,r14,r10,LSR #7
 80051b0:	ea8e 1eda 	eor.w	lr, lr, sl, lsr #7

# qhasm: lotmp ^= (hiu0 << 25)
# asm 1: eor >lotmp=int32#14,<lotmp=int32#14,<hiu0=int32#12,LSL #25
# asm 2: eor >lotmp=r14,<lotmp=r14,<hiu0=r11,LSL #25
eor r14,r14,r11,LSL #25
 80051b4:	ea8e 6e4b 	eor.w	lr, lr, fp, lsl #25

# qhasm: hitmp ^= (hiu0 unsigned>>7)
# asm 1: eor >hitmp=int32#13,<hitmp=int32#13,<hiu0=int32#12,LSR #7
# asm 2: eor >hitmp=r12,<hitmp=r12,<hiu0=r11,LSR #7
eor r12,r12,r11,LSR #7
 80051b8:	ea8c 1cdb 	eor.w	ip, ip, fp, lsr #7

# qhasm: carry? lou4 += lotmp
# asm 1: adds >lou4=int32#6,<lou4=int32#6,<lotmp=int32#14
# asm 2: adds >lou4=r5,<lou4=r5,<lotmp=r14
adds r5,r5,r14
 80051bc:	eb15 050e 	adds.w	r5, r5, lr

# qhasm: hiu4 += hitmp + carry
# asm 1: adc >hiu4=int32#5,<hiu4=int32#5,<hitmp=int32#13
# asm 2: adc >hiu4=r4,<hiu4=r4,<hitmp=r12
adc r4,r4,r12
 80051c0:	eb44 040c 	adc.w	r4, r4, ip

# qhasm: carry? lou4 += lou2
# asm 1: adds >lou4=int32#6,<lou4=int32#6,<lou2=int32#7
# asm 2: adds >lou4=r5,<lou4=r5,<lou2=r6
adds.w r5,r5,r6
 80051c4:	eb15 0506 	adds.w	r5, r5, r6

# qhasm: hiu4 += hiu2 + carry
# asm 1: adc >hiu4=int32#5,<hiu4=int32#5,<hiu2=int32#8
# asm 2: adc >hiu4=r4,<hiu4=r4,<hiu2=r7
adc r4,r4,r7
 80051c8:	eb44 0407 	adc.w	r4, r4, r7

# qhasm: hitmp lotmp = hiu1 * two13
# asm 1: umull >lotmp=int32#8,>hitmp=int32#7,<hiu1=int32#3,<two13=int32#2
# asm 2: umull >lotmp=r7,>hitmp=r6,<hiu1=r2,<two13=r1
# copy-collector output starts
strd r5,r4,[sp,#248]
 80051cc:	e9cd 543e 	strd	r5, r4, [sp, #248]	@ 0xf8
# copy-collector output ends
umull r7,r6,r2,r1
 80051d0:	fba2 7601 	umull	r7, r6, r2, r1

# qhasm: lotmp hitmp += lou1 * two13
# asm 1: umlal <hitmp=int32#7,<lotmp=int32#8,<lou1=int32#4,<two13=int32#2
# asm 2: umlal <hitmp=r6,<lotmp=r7,<lou1=r3,<two13=r1
umlal r6,r7,r3,r1
 80051d4:	fbe3 6701 	umlal	r6, r7, r3, r1

# qhasm: lotmp ^= (lou1 unsigned>> 6)
# asm 1: eor >lotmp=int32#8,<lotmp=int32#8,<lou1=int32#4,LSR #6
# asm 2: eor >lotmp=r7,<lotmp=r7,<lou1=r3,LSR #6
eor r7,r7,r3,LSR #6
 80051d8:	ea87 1793 	eor.w	r7, r7, r3, lsr #6

# qhasm: lotmp ^= (hiu1 << 26)
# asm 1: eor >lotmp=int32#8,<lotmp=int32#8,<hiu1=int32#3,LSL #26
# asm 2: eor >lotmp=r7,<lotmp=r7,<hiu1=r2,LSL #26
eor r7,r7,r2,LSL #26
 80051dc:	ea87 6782 	eor.w	r7, r7, r2, lsl #26

# qhasm: lotmp ^= (hiu1 unsigned>> 29)
# asm 1: eor >lotmp=int32#8,<lotmp=int32#8,<hiu1=int32#3,LSR #29
# asm 2: eor >lotmp=r7,<lotmp=r7,<hiu1=r2,LSR #29
eor r7,r7,r2,LSR #29
 80051e0:	ea87 7752 	eor.w	r7, r7, r2, lsr #29

# qhasm: lotmp ^= (lou1 << 3)
# asm 1: eor >lotmp=int32#8,<lotmp=int32#8,<lou1=int32#4,LSL #3
# asm 2: eor >lotmp=r7,<lotmp=r7,<lou1=r3,LSL #3
eor r7,r7,r3,LSL #3
 80051e4:	ea87 07c3 	eor.w	r7, r7, r3, lsl #3

# qhasm: hitmp ^= (hiu1 unsigned>> 6)
# asm 1: eor >hitmp=int32#7,<hitmp=int32#7,<hiu1=int32#3,LSR #6
# asm 2: eor >hitmp=r6,<hitmp=r6,<hiu1=r2,LSR #6
eor r6,r6,r2,LSR #6
 80051e8:	ea86 1692 	eor.w	r6, r6, r2, lsr #6

# qhasm: hitmp ^= (lou1 unsigned>> 29)
# asm 1: eor >hitmp=int32#4,<hitmp=int32#7,<lou1=int32#4,LSR #29
# asm 2: eor >hitmp=r3,<hitmp=r6,<lou1=r3,LSR #29
eor r3,r6,r3,LSR #29
 80051ec:	ea86 7353 	eor.w	r3, r6, r3, lsr #29

# qhasm: hitmp ^= (hiu1 << 3)
# asm 1: eor >hitmp=int32#3,<hitmp=int32#4,<hiu1=int32#3,LSL #3
# asm 2: eor >hitmp=r2,<hitmp=r3,<hiu1=r2,LSL #3
eor r2,r3,r2,LSL #3
 80051f0:	ea83 02c2 	eor.w	r2, r3, r2, lsl #3

# qhasm: carry? lou0 += lotmp
# asm 1: adds >lou0=int32#4,<lou0=int32#11,<lotmp=int32#8
# asm 2: adds >lou0=r3,<lou0=r10,<lotmp=r7
adds r3,r10,r7
 80051f4:	eb1a 0307 	adds.w	r3, sl, r7

# qhasm: hiu0 += hitmp + carry
# asm 1: adc >hiu0=int32#3,<hiu0=int32#12,<hitmp=int32#3
# asm 2: adc >hiu0=r2,<hiu0=r11,<hitmp=r2
adc r2,r11,r2
 80051f8:	eb4b 0202 	adc.w	r2, fp, r2

# qhasm: hitmp lotmp = hiu1 * two24
# asm 1: umull >lotmp=int32#12,>hitmp=int32#11,<hiu1=int32#8,<two24=int32#1
# asm 2: umull >lotmp=r11,>hitmp=r10,<hiu1=r7,<two24=r0
# copy-collector output starts
ldrd r6,r7,[sp,#200]
 80051fc:	e9dd 6732 	ldrd	r6, r7, [sp, #200]	@ 0xc8
strd r8,r9,[sp,#200]
 8005200:	e9cd 8932 	strd	r8, r9, [sp, #200]	@ 0xc8
# copy-collector output ends
umull r11,r10,r7,r0
 8005204:	fba7 ba00 	umull	fp, sl, r7, r0

# qhasm: lotmp hitmp += lou1 * two24
# asm 1: umlal <hitmp=int32#11,<lotmp=int32#12,<lou1=int32#7,<two24=int32#1
# asm 2: umlal <hitmp=r10,<lotmp=r11,<lou1=r6,<two24=r0
umlal r10,r11,r6,r0
 8005208:	fbe6 ab00 	umlal	sl, fp, r6, r0

# qhasm: carry? lotmp ^= (lou1 unsigned>> 1)
# asm 1: eors >lotmp=int32#12,<lotmp=int32#12,<lou1=int32#7,LSR #1
# asm 2: eors >lotmp=r11,<lotmp=r11,<lou1=r6,LSR #1
eors r11,r11,r6,LSR #1
 800520c:	ea9b 0b56 	eors.w	fp, fp, r6, lsr #1

# qhasm: hitmp ^= (carry,hiu1 unsigned>> 1)
# asm 1: eors >hitmp=int32#11,<hitmp=int32#11,<hiu1=int32#8,RRX
# asm 2: eors >hitmp=r10,<hitmp=r10,<hiu1=r7,RRX
eors r10,r10,r7,RRX
 8005210:	ea9a 0a37 	eors.w	sl, sl, r7, rrx

# qhasm: lotmp ^= (hiu1 << 31)
# asm 1: eor >lotmp=int32#12,<lotmp=int32#12,<hiu1=int32#8,LSL #31
# asm 2: eor >lotmp=r11,<lotmp=r11,<hiu1=r7,LSL #31
eor r11,r11,r7,LSL #31
 8005214:	ea8b 7bc7 	eor.w	fp, fp, r7, lsl #31

# qhasm: lotmp ^= (lou1 unsigned>>7)
# asm 1: eor >lotmp=int32#12,<lotmp=int32#12,<lou1=int32#7,LSR #7
# asm 2: eor >lotmp=r11,<lotmp=r11,<lou1=r6,LSR #7
eor r11,r11,r6,LSR #7
 8005218:	ea8b 1bd6 	eor.w	fp, fp, r6, lsr #7

# qhasm: lotmp ^= (hiu1 << 25)
# asm 1: eor >lotmp=int32#12,<lotmp=int32#12,<hiu1=int32#8,LSL #25
# asm 2: eor >lotmp=r11,<lotmp=r11,<hiu1=r7,LSL #25
eor r11,r11,r7,LSL #25
 800521c:	ea8b 6b47 	eor.w	fp, fp, r7, lsl #25

# qhasm: hitmp ^= (hiu1 unsigned>>7)
# asm 1: eor >hitmp=int32#11,<hitmp=int32#11,<hiu1=int32#8,LSR #7
# asm 2: eor >hitmp=r10,<hitmp=r10,<hiu1=r7,LSR #7
eor r10,r10,r7,LSR #7
 8005220:	ea8a 1ad7 	eor.w	sl, sl, r7, lsr #7

# qhasm: carry? lou0 += lotmp
# asm 1: adds >lou0=int32#4,<lou0=int32#4,<lotmp=int32#12
# asm 2: adds >lou0=r3,<lou0=r3,<lotmp=r11
adds r3,r3,r11
 8005224:	eb13 030b 	adds.w	r3, r3, fp

# qhasm: hiu0 += hitmp + carry
# asm 1: adc >hiu0=int32#3,<hiu0=int32#3,<hitmp=int32#11
# asm 2: adc >hiu0=r2,<hiu0=r2,<hitmp=r10
adc r2,r2,r10
 8005228:	eb42 020a 	adc.w	r2, r2, sl

# qhasm: carry? lou0 += lou3
# asm 1: adds >lou0=int32#4,<lou0=int32#4,<lou3=int32#9
# asm 2: adds >lou0=r3,<lou0=r3,<lou3=r8
adds r3,r3,r8
 800522c:	eb13 0308 	adds.w	r3, r3, r8

# qhasm: hiu0 += hiu3 + carry
# asm 1: adc >hiu0=int32#3,<hiu0=int32#3,<hiu3=int32#10
# asm 2: adc >hiu0=r2,<hiu0=r2,<hiu3=r9
adc r2,r2,r9
 8005230:	eb42 0209 	adc.w	r2, r2, r9

# qhasm: hitmp lotmp = hiu4 * two13
# asm 1: umull >lotmp=int32#4,>hitmp=int32#3,<hiu4=int32#5,<two13=int32#2
# asm 2: umull >lotmp=r3,>hitmp=r2,<hiu4=r4,<two13=r1
# copy-collector output starts
strd r3,r2,[sp,#256]
 8005234:	e9cd 3240 	strd	r3, r2, [sp, #256]	@ 0x100
# copy-collector output ends
umull r3,r2,r4,r1
 8005238:	fba4 3201 	umull	r3, r2, r4, r1

# qhasm: lotmp hitmp += lou4 * two13
# asm 1: umlal <hitmp=int32#3,<lotmp=int32#4,<lou4=int32#6,<two13=int32#2
# asm 2: umlal <hitmp=r2,<lotmp=r3,<lou4=r5,<two13=r1
umlal r2,r3,r5,r1
 800523c:	fbe5 2301 	umlal	r2, r3, r5, r1

# qhasm: lotmp ^= (lou4 unsigned>> 6)
# asm 1: eor >lotmp=int32#2,<lotmp=int32#4,<lou4=int32#6,LSR #6
# asm 2: eor >lotmp=r1,<lotmp=r3,<lou4=r5,LSR #6
eor r1,r3,r5,LSR #6
 8005240:	ea83 1195 	eor.w	r1, r3, r5, lsr #6

# qhasm: lotmp ^= (hiu4 << 26)
# asm 1: eor >lotmp=int32#2,<lotmp=int32#2,<hiu4=int32#5,LSL #26
# asm 2: eor >lotmp=r1,<lotmp=r1,<hiu4=r4,LSL #26
eor r1,r1,r4,LSL #26
 8005244:	ea81 6184 	eor.w	r1, r1, r4, lsl #26

# qhasm: lotmp ^= (hiu4 unsigned>> 29)
# asm 1: eor >lotmp=int32#2,<lotmp=int32#2,<hiu4=int32#5,LSR #29
# asm 2: eor >lotmp=r1,<lotmp=r1,<hiu4=r4,LSR #29
eor r1,r1,r4,LSR #29
 8005248:	ea81 7154 	eor.w	r1, r1, r4, lsr #29

# qhasm: lotmp ^= (lou4 << 3)
# asm 1: eor >lotmp=int32#2,<lotmp=int32#2,<lou4=int32#6,LSL #3
# asm 2: eor >lotmp=r1,<lotmp=r1,<lou4=r5,LSL #3
eor r1,r1,r5,LSL #3
 800524c:	ea81 01c5 	eor.w	r1, r1, r5, lsl #3

# qhasm: hitmp ^= (hiu4 unsigned>> 6)
# asm 1: eor >hitmp=int32#3,<hitmp=int32#3,<hiu4=int32#5,LSR #6
# asm 2: eor >hitmp=r2,<hitmp=r2,<hiu4=r4,LSR #6
eor r2,r2,r4,LSR #6
 8005250:	ea82 1294 	eor.w	r2, r2, r4, lsr #6

# qhasm: hitmp ^= (lou4 unsigned>> 29)
# asm 1: eor >hitmp=int32#3,<hitmp=int32#3,<lou4=int32#6,LSR #29
# asm 2: eor >hitmp=r2,<hitmp=r2,<lou4=r5,LSR #29
eor r2,r2,r5,LSR #29
 8005254:	ea82 7255 	eor.w	r2, r2, r5, lsr #29

# qhasm: hitmp ^= (hiu4 << 3)
# asm 1: eor >hitmp=int32#3,<hitmp=int32#3,<hiu4=int32#5,LSL #3
# asm 2: eor >hitmp=r2,<hitmp=r2,<hiu4=r4,LSL #3
eor r2,r2,r4,LSL #3
 8005258:	ea82 02c4 	eor.w	r2, r2, r4, lsl #3

# qhasm: carry? lou1 += lotmp
# asm 1: adds >lou1=int32#2,<lou1=int32#7,<lotmp=int32#2
# asm 2: adds >lou1=r1,<lou1=r6,<lotmp=r1
adds r1,r6,r1
 800525c:	1871      	adds	r1, r6, r1

# qhasm: hiu1 += hitmp + carry
# asm 1: adc >hiu1=int32#3,<hiu1=int32#8,<hitmp=int32#3
# asm 2: adc >hiu1=r2,<hiu1=r7,<hitmp=r2
adc r2,r7,r2
 800525e:	eb47 0202 	adc.w	r2, r7, r2

# qhasm: hitmp lotmp = hiu0 * two24
# asm 1: umull >lotmp=int32#9,>hitmp=int32#8,<hiu0=int32#5,<two24=int32#1
# asm 2: umull >lotmp=r8,>hitmp=r7,<hiu0=r4,<two24=r0
# copy-collector output starts
ldr r3,[sp,#208]
 8005262:	9b34      	ldr	r3, [sp, #208]	@ 0xd0
ldr r4,[sp,#212]
 8005264:	9c35      	ldr	r4, [sp, #212]	@ 0xd4
ldr r5,[sp,#144]
 8005266:	9d24      	ldr	r5, [sp, #144]	@ 0x90
ldr.w r6,[sp,#148]
 8005268:	f8dd 6094 	ldr.w	r6, [sp, #148]	@ 0x94
strd r5,r6,[sp,#208]
 800526c:	e9cd 5634 	strd	r5, r6, [sp, #208]	@ 0xd0
# copy-collector output ends
umull r8,r7,r4,r0
 8005270:	fba4 8700 	umull	r8, r7, r4, r0

# qhasm: lotmp hitmp += lou0 * two24
# asm 1: umlal <hitmp=int32#8,<lotmp=int32#9,<lou0=int32#4,<two24=int32#1
# asm 2: umlal <hitmp=r7,<lotmp=r8,<lou0=r3,<two24=r0
umlal r7,r8,r3,r0
 8005274:	fbe3 7800 	umlal	r7, r8, r3, r0

# qhasm: carry? lotmp ^= (lou0 unsigned>> 1)
# asm 1: eors >lotmp=int32#1,<lotmp=int32#9,<lou0=int32#4,LSR #1
# asm 2: eors >lotmp=r0,<lotmp=r8,<lou0=r3,LSR #1
eors r0,r8,r3,LSR #1
 8005278:	ea98 0053 	eors.w	r0, r8, r3, lsr #1

# qhasm: hitmp ^= (carry,hiu0 unsigned>> 1)
# asm 1: eors >hitmp=int32#8,<hitmp=int32#8,<hiu0=int32#5,RRX
# asm 2: eors >hitmp=r7,<hitmp=r7,<hiu0=r4,RRX
eors r7,r7,r4,RRX
 800527c:	ea97 0734 	eors.w	r7, r7, r4, rrx

# qhasm: lotmp ^= (hiu0 << 31)
# asm 1: eor >lotmp=int32#1,<lotmp=int32#1,<hiu0=int32#5,LSL #31
# asm 2: eor >lotmp=r0,<lotmp=r0,<hiu0=r4,LSL #31
eor r0,r0,r4,LSL #31
 8005280:	ea80 70c4 	eor.w	r0, r0, r4, lsl #31

# qhasm: lotmp ^= (lou0 unsigned>>7)
# asm 1: eor >lotmp=int32#1,<lotmp=int32#1,<lou0=int32#4,LSR #7
# asm 2: eor >lotmp=r0,<lotmp=r0,<lou0=r3,LSR #7
eor r0,r0,r3,LSR #7
 8005284:	ea80 10d3 	eor.w	r0, r0, r3, lsr #7

# qhasm: lotmp ^= (hiu0 << 25)
# asm 1: eor >lotmp=int32#1,<lotmp=int32#1,<hiu0=int32#5,LSL #25
# asm 2: eor >lotmp=r0,<lotmp=r0,<hiu0=r4,LSL #25
eor r0,r0,r4,LSL #25
 8005288:	ea80 6044 	eor.w	r0, r0, r4, lsl #25

# qhasm: hitmp ^= (hiu0 unsigned>>7)
# asm 1: eor >hitmp=int32#8,<hitmp=int32#8,<hiu0=int32#5,LSR #7
# asm 2: eor >hitmp=r7,<hitmp=r7,<hiu0=r4,LSR #7
eor r7,r7,r4,LSR #7
 800528c:	ea87 17d4 	eor.w	r7, r7, r4, lsr #7

# qhasm: carry? lou1 += lotmp
# asm 1: adds >lou1=int32#1,<lou1=int32#2,<lotmp=int32#1
# asm 2: adds >lou1=r0,<lou1=r1,<lotmp=r0
adds r0,r1,r0
 8005290:	1808      	adds	r0, r1, r0

# qhasm: hiu1 += hitmp + carry
# asm 1: adc >hiu1=int32#2,<hiu1=int32#3,<hitmp=int32#8
# asm 2: adc >hiu1=r1,<hiu1=r2,<hitmp=r7
adc r1,r2,r7
 8005292:	eb42 0107 	adc.w	r1, r2, r7

# qhasm: carry? lou1 += lou2
# asm 1: adds >lou1=int32#1,<lou1=int32#1,<lou2=int32#6
# asm 2: adds >lou1=r0,<lou1=r0,<lou2=r5
adds r0,r0,r5
 8005296:	1940      	adds	r0, r0, r5

# qhasm: hiu1 += hiu2 + carry
# asm 1: adc >hiu1=int32#2,<hiu1=int32#2,<hiu2=int32#7
# asm 2: adc >hiu1=r1,<hiu1=r1,<hiu2=r6
adc r1,r1,r6
 8005298:	eb41 0106 	adc.w	r1, r1, r6
# asm 2: str <hiu0=r4,>hid8=[sp,#148]
# copy-collector input: str r4,[sp,#148]

# qhasm: goto innerloop
# copy-collector output starts
strd r0,r1,[sp,#264]
 800529c:	e9cd 0142 	strd	r0, r1, [sp, #264]	@ 0x108
strd r3,r4,[sp,#144]
 80052a0:	e9cd 3424 	strd	r3, r4, [sp, #144]	@ 0x90
# copy-collector output ends
b ._innerloop
 80052a4:	f7ff ba2a 	b.w	80046fc <._innerloop>

080052a8 <._nearend>:
# asm 2: str <hiu3=r7,>hid15=[sp,#204]
# copy-collector input: str r7,[sp,#204]

# qhasm: goto innerloop
# copy-collector output starts
ldr r0,[sp,#208]
 80052a8:	9834      	ldr	r0, [sp, #208]	@ 0xd0
ldr r1,[sp,#212]
 80052aa:	9935      	ldr	r1, [sp, #212]	@ 0xd4
ldr r2,[sp,#216]
 80052ac:	9a36      	ldr	r2, [sp, #216]	@ 0xd8
ldr r3,[sp,#220]
 80052ae:	9b37      	ldr	r3, [sp, #220]	@ 0xdc
ldr r4,[sp,#224]
 80052b0:	9c38      	ldr	r4, [sp, #224]	@ 0xe0
ldr r5,[sp,#228]
 80052b2:	9d39      	ldr	r5, [sp, #228]	@ 0xe4
ldr r6,[sp,#232]
 80052b4:	9e3a      	ldr	r6, [sp, #232]	@ 0xe8
ldr r7,[sp,#236]
 80052b6:	9f3b      	ldr	r7, [sp, #236]	@ 0xec
strd r0,r1,[sp,#144]
 80052b8:	e9cd 0124 	strd	r0, r1, [sp, #144]	@ 0x90
strd r2,r3,[sp,#152]
 80052bc:	e9cd 2326 	strd	r2, r3, [sp, #152]	@ 0x98
strd r4,r5,[sp,#160]
 80052c0:	e9cd 4528 	strd	r4, r5, [sp, #160]	@ 0xa0
strd r6,r7,[sp,#168]
 80052c4:	e9cd 672a 	strd	r6, r7, [sp, #168]	@ 0xa8
ldr r0,[sp,#240]
 80052c8:	983c      	ldr	r0, [sp, #240]	@ 0xf0
ldr r1,[sp,#244]
 80052ca:	993d      	ldr	r1, [sp, #244]	@ 0xf4
ldr r2,[sp,#248]
 80052cc:	9a3e      	ldr	r2, [sp, #248]	@ 0xf8
ldr r3,[sp,#252]
 80052ce:	9b3f      	ldr	r3, [sp, #252]	@ 0xfc
ldr r4,[sp,#256]
 80052d0:	9c40      	ldr	r4, [sp, #256]	@ 0x100
ldr r5,[sp,#260]
 80052d2:	9d41      	ldr	r5, [sp, #260]	@ 0x104
ldr r6,[sp,#264]
 80052d4:	9e42      	ldr	r6, [sp, #264]	@ 0x108
ldr r7,[sp,#268]
 80052d6:	9f43      	ldr	r7, [sp, #268]	@ 0x10c
strd r0,r1,[sp,#176]
 80052d8:	e9cd 012c 	strd	r0, r1, [sp, #176]	@ 0xb0
strd r2,r3,[sp,#184]
 80052dc:	e9cd 232e 	strd	r2, r3, [sp, #184]	@ 0xb8
strd r4,r5,[sp,#192]
 80052e0:	e9cd 4530 	strd	r4, r5, [sp, #192]	@ 0xc0
strd r6,r7,[sp,#200]
 80052e4:	e9cd 6732 	strd	r6, r7, [sp, #200]	@ 0xc8
# copy-collector output ends
b ._innerloop
 80052e8:	f7ff ba08 	b.w	80046fc <._innerloop>

080052ec <._endinnerloop>:

# qhasm: input_0 -= 640
# asm 1: sub >input_0=int32#1,<input_0=int32#1,#640
# asm 2: sub >input_0=r0,<input_0=r0,#640
# copy-collector output starts
ldr r0,[sp,#12]
 80052ec:	9803      	ldr	r0, [sp, #12]
# copy-collector output ends
sub r0,r0,#640
 80052ee:	f5a0 7020 	sub.w	r0, r0, #640	@ 0x280

# qhasm: carry? lou0 += lotmp
# asm 1: adds >lou0=int32#1,<lou0=int32#1,<lotmp=int32#9
# asm 2: adds >lou0=r0,<lou0=r0,<lotmp=r8
# copy-collector output starts
str r0,[sp,#12]
 80052f2:	9003      	str	r0, [sp, #12]
ldr r0,[sp,#48]
 80052f4:	980c      	ldr	r0, [sp, #48]	@ 0x30
ldr r1,[sp,#52]
 80052f6:	990d      	ldr	r1, [sp, #52]	@ 0x34
ldr r2,[sp,#56]
 80052f8:	9a0e      	ldr	r2, [sp, #56]	@ 0x38
ldr r3,[sp,#60]
 80052fa:	9b0f      	ldr	r3, [sp, #60]	@ 0x3c
ldr r4,[sp,#64]
 80052fc:	9c10      	ldr	r4, [sp, #64]	@ 0x40
ldr r5,[sp,#68]
 80052fe:	9d11      	ldr	r5, [sp, #68]	@ 0x44
ldr r6,[sp,#72]
 8005300:	9e12      	ldr	r6, [sp, #72]	@ 0x48
ldr r7,[sp,#76]
 8005302:	9f13      	ldr	r7, [sp, #76]	@ 0x4c
ldr r8,[sp,#16]
 8005304:	f8dd 8010 	ldr.w	r8, [sp, #16]
ldr r9,[sp,#20]
 8005308:	f8dd 9014 	ldr.w	r9, [sp, #20]
# copy-collector output ends
adds r0,r0,r8
 800530c:	eb10 0008 	adds.w	r0, r0, r8

# qhasm: hiu0 += hitmp + carry
# asm 1: adc >hiu0=int32#2,<hiu0=int32#2,<hitmp=int32#10
# asm 2: adc >hiu0=r1,<hiu0=r1,<hitmp=r9
adc r1,r1,r9
 8005310:	eb41 0109 	adc.w	r1, r1, r9

# qhasm: carry? lou1 += lotmp
# asm 1: adds >lou1=int32#3,<lou1=int32#3,<lotmp=int32#9
# asm 2: adds >lou1=r2,<lou1=r2,<lotmp=r8
# copy-collector output starts
ldrd r8,r9,[sp,#24]
 8005314:	e9dd 8906 	ldrd	r8, r9, [sp, #24]
# copy-collector output ends
adds r2,r2,r8
 8005318:	eb12 0208 	adds.w	r2, r2, r8

# qhasm: hiu1 += hitmp + carry
# asm 1: adc >hiu1=int32#4,<hiu1=int32#4,<hitmp=int32#10
# asm 2: adc >hiu1=r3,<hiu1=r3,<hitmp=r9
adc r3,r3,r9
 800531c:	eb43 0309 	adc.w	r3, r3, r9

# qhasm: carry? lou2 += lotmp
# asm 1: adds >lou2=int32#5,<lou2=int32#5,<lotmp=int32#9
# asm 2: adds >lou2=r4,<lou2=r4,<lotmp=r8
# copy-collector output starts
ldrd r8,r9,[sp,#32]
 8005320:	e9dd 8908 	ldrd	r8, r9, [sp, #32]
# copy-collector output ends
adds r4,r4,r8
 8005324:	eb14 0408 	adds.w	r4, r4, r8

# qhasm: hiu2 += hitmp + carry
# asm 1: adc >hiu2=int32#6,<hiu2=int32#6,<hitmp=int32#10
# asm 2: adc >hiu2=r5,<hiu2=r5,<hitmp=r9
adc r5,r5,r9
 8005328:	eb45 0509 	adc.w	r5, r5, r9

# qhasm: carry? lou3 += lotmp
# asm 1: adds >lou3=int32#7,<lou3=int32#7,<lotmp=int32#9
# asm 2: adds >lou3=r6,<lou3=r6,<lotmp=r8
# copy-collector output starts
ldrd r8,r9,[sp,#40]
 800532c:	e9dd 890a 	ldrd	r8, r9, [sp, #40]	@ 0x28
# copy-collector output ends
adds r6,r6,r8
 8005330:	eb16 0608 	adds.w	r6, r6, r8

# qhasm: hiu3 += hitmp + carry
# asm 1: adc >hiu3=int32#8,<hiu3=int32#8,<hitmp=int32#10
# asm 2: adc >hiu3=r7,<hiu3=r7,<hitmp=r9
adc r7,r7,r9
 8005334:	eb47 0709 	adc.w	r7, r7, r9

# qhasm: carry? lou0 += lotmp
# asm 1: adds >lou0=int32#1,<lou0=int32#1,<lotmp=int32#9
# asm 2: adds >lou0=r0,<lou0=r0,<lotmp=r8
# copy-collector output starts
strd r0,r1,[sp,#16]
 8005338:	e9cd 0104 	strd	r0, r1, [sp, #16]
strd r2,r3,[sp,#24]
 800533c:	e9cd 2306 	strd	r2, r3, [sp, #24]
strd r4,r5,[sp,#32]
 8005340:	e9cd 4508 	strd	r4, r5, [sp, #32]
strd r6,r7,[sp,#40]
 8005344:	e9cd 670a 	strd	r6, r7, [sp, #40]	@ 0x28
strd r0,r1,[sp,#48]
 8005348:	e9cd 010c 	strd	r0, r1, [sp, #48]	@ 0x30
strd r2,r3,[sp,#56]
 800534c:	e9cd 230e 	strd	r2, r3, [sp, #56]	@ 0x38
strd r4,r5,[sp,#64]
 8005350:	e9cd 4510 	strd	r4, r5, [sp, #64]	@ 0x40
strd r6,r7,[sp,#72]
 8005354:	e9cd 6712 	strd	r6, r7, [sp, #72]	@ 0x48
ldr r0,[sp,#112]
 8005358:	981c      	ldr	r0, [sp, #112]	@ 0x70
ldr r1,[sp,#116]
 800535a:	991d      	ldr	r1, [sp, #116]	@ 0x74
ldr r2,[sp,#120]
 800535c:	9a1e      	ldr	r2, [sp, #120]	@ 0x78
ldr r3,[sp,#124]
 800535e:	9b1f      	ldr	r3, [sp, #124]	@ 0x7c
ldr r4,[sp,#128]
 8005360:	9c20      	ldr	r4, [sp, #128]	@ 0x80
ldr r5,[sp,#132]
 8005362:	9d21      	ldr	r5, [sp, #132]	@ 0x84
ldr r6,[sp,#136]
 8005364:	9e22      	ldr	r6, [sp, #136]	@ 0x88
ldr r7,[sp,#140]
 8005366:	9f23      	ldr	r7, [sp, #140]	@ 0x8c
ldr r8,[sp,#80]
 8005368:	f8dd 8050 	ldr.w	r8, [sp, #80]	@ 0x50
ldr r9,[sp,#84]
 800536c:	f8dd 9054 	ldr.w	r9, [sp, #84]	@ 0x54
# copy-collector output ends
adds r0,r0,r8
 8005370:	eb10 0008 	adds.w	r0, r0, r8

# qhasm: hiu0 += hitmp + carry
# asm 1: adc >hiu0=int32#2,<hiu0=int32#2,<hitmp=int32#10
# asm 2: adc >hiu0=r1,<hiu0=r1,<hitmp=r9
adc r1,r1,r9
 8005374:	eb41 0109 	adc.w	r1, r1, r9

# qhasm: carry? lou1 += lotmp
# asm 1: adds >lou1=int32#3,<lou1=int32#3,<lotmp=int32#9
# asm 2: adds >lou1=r2,<lou1=r2,<lotmp=r8
# copy-collector output starts
ldrd r8,r9,[sp,#88]
 8005378:	e9dd 8916 	ldrd	r8, r9, [sp, #88]	@ 0x58
# copy-collector output ends
adds r2,r2,r8
 800537c:	eb12 0208 	adds.w	r2, r2, r8

# qhasm: hiu1 += hitmp + carry
# asm 1: adc >hiu1=int32#4,<hiu1=int32#4,<hitmp=int32#10
# asm 2: adc >hiu1=r3,<hiu1=r3,<hitmp=r9
adc r3,r3,r9
 8005380:	eb43 0309 	adc.w	r3, r3, r9

# qhasm: carry? lou2 += lotmp
# asm 1: adds >lou2=int32#5,<lou2=int32#5,<lotmp=int32#9
# asm 2: adds >lou2=r4,<lou2=r4,<lotmp=r8
# copy-collector output starts
ldrd r8,r9,[sp,#96]
 8005384:	e9dd 8918 	ldrd	r8, r9, [sp, #96]	@ 0x60
# copy-collector output ends
adds r4,r4,r8
 8005388:	eb14 0408 	adds.w	r4, r4, r8

# qhasm: hiu2 += hitmp + carry
# asm 1: adc >hiu2=int32#6,<hiu2=int32#6,<hitmp=int32#10
# asm 2: adc >hiu2=r5,<hiu2=r5,<hitmp=r9
adc r5,r5,r9
 800538c:	eb45 0509 	adc.w	r5, r5, r9

# qhasm: carry? lou3 += lotmp
# asm 1: adds >lou3=int32#7,<lou3=int32#7,<lotmp=int32#9
# asm 2: adds >lou3=r6,<lou3=r6,<lotmp=r8
# copy-collector output starts
ldrd r8,r9,[sp,#104]
 8005390:	e9dd 891a 	ldrd	r8, r9, [sp, #104]	@ 0x68
# copy-collector output ends
adds r6,r6,r8
 8005394:	eb16 0608 	adds.w	r6, r6, r8

# qhasm: hiu3 += hitmp + carry
# asm 1: adc >hiu3=int32#8,<hiu3=int32#8,<hitmp=int32#10
# asm 2: adc >hiu3=r7,<hiu3=r7,<hitmp=r9
adc r7,r7,r9
 8005398:	eb47 0709 	adc.w	r7, r7, r9

# qhasm: =? unsigned<? input_0 -= 128
# asm 1: subs >input_0=int32#1,<input_0=int32#1,#128
# asm 2: subs >input_0=r0,<input_0=r0,#128
# copy-collector output starts
strd r0,r1,[sp,#80]
 800539c:	e9cd 0114 	strd	r0, r1, [sp, #80]	@ 0x50
strd r2,r3,[sp,#88]
 80053a0:	e9cd 2316 	strd	r2, r3, [sp, #88]	@ 0x58
strd r4,r5,[sp,#96]
 80053a4:	e9cd 4518 	strd	r4, r5, [sp, #96]	@ 0x60
strd r6,r7,[sp,#104]
 80053a8:	e9cd 671a 	strd	r6, r7, [sp, #104]	@ 0x68
strd r0,r1,[sp,#112]
 80053ac:	e9cd 011c 	strd	r0, r1, [sp, #112]	@ 0x70
strd r2,r3,[sp,#120]
 80053b0:	e9cd 231e 	strd	r2, r3, [sp, #120]	@ 0x78
strd r4,r5,[sp,#128]
 80053b4:	e9cd 4520 	strd	r4, r5, [sp, #128]	@ 0x80
strd r6,r7,[sp,#136]
 80053b8:	e9cd 6722 	strd	r6, r7, [sp, #136]	@ 0x88
ldr r0,[sp,#8]
 80053bc:	9802      	ldr	r0, [sp, #8]
# copy-collector output ends
subs r0,r0,#128
 80053be:	3880      	subs	r0, #128	@ 0x80
# asm 2: str <input_0=r0,>o2=[sp,#8]
# copy-collector input: str r0,[sp,#8]

# qhasm: goto mainloop if !unsigned<
# copy-collector output starts
str r0,[sp,#8]
 80053c0:	9002      	str	r0, [sp, #8]
# copy-collector output ends
bhs ._mainloop
 80053c2:	f4bf a90d 	bcs.w	80045e0 <._mainloop>

080053c6 <._endmainloop>:

# qhasm: lou0 = lou0[3]lou0[2]lou0[1]lou0[0]
# asm 1: rev >lou0=int32#3,<lou0=int32#3
# asm 2: rev >lou0=r2,<lou0=r2
# copy-collector output starts
ldr r1,[sp,#0]
 80053c6:	9900      	ldr	r1, [sp, #0]
ldr r2,[sp,#16]
 80053c8:	9a04      	ldr	r2, [sp, #16]
ldr r3,[sp,#20]
 80053ca:	9b05      	ldr	r3, [sp, #20]
ldr r4,[sp,#24]
 80053cc:	9c06      	ldr	r4, [sp, #24]
ldr r5,[sp,#28]
 80053ce:	9d07      	ldr	r5, [sp, #28]
ldr r6,[sp,#32]
 80053d0:	9e08      	ldr	r6, [sp, #32]
ldr r7,[sp,#36]
 80053d2:	9f09      	ldr	r7, [sp, #36]	@ 0x24
ldr r8,[sp,#40]
 80053d4:	f8dd 8028 	ldr.w	r8, [sp, #40]	@ 0x28
ldr r9,[sp,#44]
 80053d8:	f8dd 902c 	ldr.w	r9, [sp, #44]	@ 0x2c
# copy-collector output ends
rev r2,r2
 80053dc:	ba12      	rev	r2, r2

# qhasm: hiu0 = hiu0[3]hiu0[2]hiu0[1]hiu0[0]
# asm 1: rev >hiu0=int32#4,<hiu0=int32#4
# asm 2: rev >hiu0=r3,<hiu0=r3
rev r3,r3
 80053de:	ba1b      	rev	r3, r3

# qhasm: lou1 = lou1[3]lou1[2]lou1[1]lou1[0]
# asm 1: rev >lou1=int32#5,<lou1=int32#5
# asm 2: rev >lou1=r4,<lou1=r4
rev r4,r4
 80053e0:	ba24      	rev	r4, r4

# qhasm: hiu1 = hiu1[3]hiu1[2]hiu1[1]hiu1[0]
# asm 1: rev >hiu1=int32#6,<hiu1=int32#6
# asm 2: rev >hiu1=r5,<hiu1=r5
rev r5,r5
 80053e2:	ba2d      	rev	r5, r5

# qhasm: lou2 = lou2[3]lou2[2]lou2[1]lou2[0]
# asm 1: rev >lou2=int32#7,<lou2=int32#7
# asm 2: rev >lou2=r6,<lou2=r6
rev r6,r6
 80053e4:	ba36      	rev	r6, r6

# qhasm: hiu2 = hiu2[3]hiu2[2]hiu2[1]hiu2[0]
# asm 1: rev >hiu2=int32#8,<hiu2=int32#8
# asm 2: rev >hiu2=r7,<hiu2=r7
rev r7,r7
 80053e6:	ba3f      	rev	r7, r7

# qhasm: lou3 = lou3[3]lou3[2]lou3[1]lou3[0]
# asm 1: rev >lou3=int32#9,<lou3=int32#9
# asm 2: rev >lou3=r8,<lou3=r8
rev r8,r8
 80053e8:	fa98 f888 	rev.w	r8, r8

# qhasm: hiu3 = hiu3[3]hiu3[2]hiu3[1]hiu3[0]
# asm 1: rev >hiu3=int32#10,<hiu3=int32#10
# asm 2: rev >hiu3=r9,<hiu3=r9
rev r9,r9
 80053ec:	fa99 f989 	rev.w	r9, r9

# qhasm: lou0 = lou0[3]lou0[2]lou0[1]lou0[0]
# asm 1: rev >lou0=int32#3,<lou0=int32#3
# asm 2: rev >lou0=r2,<lou0=r2
# copy-collector output starts
str r3,[r1]
 80053f0:	600b      	str	r3, [r1, #0]
str r2,[r1,#4]
 80053f2:	604a      	str	r2, [r1, #4]
str r5,[r1,#8]
 80053f4:	608d      	str	r5, [r1, #8]
str r4,[r1,#12]
 80053f6:	60cc      	str	r4, [r1, #12]
str r7,[r1,#16]
 80053f8:	610f      	str	r7, [r1, #16]
str r6,[r1,#20]
 80053fa:	614e      	str	r6, [r1, #20]
str r9,[r1,#24]
 80053fc:	f8c1 9018 	str.w	r9, [r1, #24]
str r8,[r1,#28]
 8005400:	f8c1 801c 	str.w	r8, [r1, #28]
ldr r2,[sp,#80]
 8005404:	9a14      	ldr	r2, [sp, #80]	@ 0x50
ldr r3,[sp,#84]
 8005406:	9b15      	ldr	r3, [sp, #84]	@ 0x54
ldr r4,[sp,#88]
 8005408:	9c16      	ldr	r4, [sp, #88]	@ 0x58
ldr r5,[sp,#92]
 800540a:	9d17      	ldr	r5, [sp, #92]	@ 0x5c
ldr r6,[sp,#96]
 800540c:	9e18      	ldr	r6, [sp, #96]	@ 0x60
ldr r7,[sp,#100]
 800540e:	9f19      	ldr	r7, [sp, #100]	@ 0x64
ldr r8,[sp,#104]
 8005410:	f8dd 8068 	ldr.w	r8, [sp, #104]	@ 0x68
ldr r9,[sp,#108]
 8005414:	f8dd 906c 	ldr.w	r9, [sp, #108]	@ 0x6c
# copy-collector output ends
rev r2,r2
 8005418:	ba12      	rev	r2, r2

# qhasm: hiu0 = hiu0[3]hiu0[2]hiu0[1]hiu0[0]
# asm 1: rev >hiu0=int32#4,<hiu0=int32#4
# asm 2: rev >hiu0=r3,<hiu0=r3
rev r3,r3
 800541a:	ba1b      	rev	r3, r3

# qhasm: lou1 = lou1[3]lou1[2]lou1[1]lou1[0]
# asm 1: rev >lou1=int32#5,<lou1=int32#5
# asm 2: rev >lou1=r4,<lou1=r4
rev r4,r4
 800541c:	ba24      	rev	r4, r4

# qhasm: hiu1 = hiu1[3]hiu1[2]hiu1[1]hiu1[0]
# asm 1: rev >hiu1=int32#6,<hiu1=int32#6
# asm 2: rev >hiu1=r5,<hiu1=r5
rev r5,r5
 800541e:	ba2d      	rev	r5, r5

# qhasm: lou2 = lou2[3]lou2[2]lou2[1]lou2[0]
# asm 1: rev >lou2=int32#7,<lou2=int32#7
# asm 2: rev >lou2=r6,<lou2=r6
rev r6,r6
 8005420:	ba36      	rev	r6, r6

# qhasm: hiu2 = hiu2[3]hiu2[2]hiu2[1]hiu2[0]
# asm 1: rev >hiu2=int32#8,<hiu2=int32#8
# asm 2: rev >hiu2=r7,<hiu2=r7
rev r7,r7
 8005422:	ba3f      	rev	r7, r7

# qhasm: lou3 = lou3[3]lou3[2]lou3[1]lou3[0]
# asm 1: rev >lou3=int32#9,<lou3=int32#9
# asm 2: rev >lou3=r8,<lou3=r8
rev r8,r8
 8005424:	fa98 f888 	rev.w	r8, r8

# qhasm: hiu3 = hiu3[3]hiu3[2]hiu3[1]hiu3[0]
# asm 1: rev >hiu3=int32#10,<hiu3=int32#10
# asm 2: rev >hiu3=r9,<hiu3=r9
rev r9,r9
 8005428:	fa99 f989 	rev.w	r9, r9

# qhasm: input_0 += 128
# asm 1: add >input_0=int32#1,<input_0=int32#1,#128
# asm 2: add >input_0=r0,<input_0=r0,#128
# copy-collector output starts
str r3,[r1,#32]
 800542c:	620b      	str	r3, [r1, #32]
str r2,[r1,#36]
 800542e:	624a      	str	r2, [r1, #36]	@ 0x24
str r5,[r1,#40]
 8005430:	628d      	str	r5, [r1, #40]	@ 0x28
str r4,[r1,#44]
 8005432:	62cc      	str	r4, [r1, #44]	@ 0x2c
str r7,[r1,#48]
 8005434:	630f      	str	r7, [r1, #48]	@ 0x30
str r6,[r1,#52]
 8005436:	634e      	str	r6, [r1, #52]	@ 0x34
str r9,[r1,#56]
 8005438:	f8c1 9038 	str.w	r9, [r1, #56]	@ 0x38
str r8,[r1,#60]
 800543c:	f8c1 803c 	str.w	r8, [r1, #60]	@ 0x3c
# copy-collector output ends
add r0,r0,#128
 8005440:	f100 0080 	add.w	r0, r0, #128	@ 0x80

# qhasm: rpopreturn input_0
add.w sp,sp,#288
 8005444:	f50d 7d90 	add.w	sp, sp, #288	@ 0x120
pop {r4,r5,r6,r7,r8,r9,r10,r11,r14}
 8005448:	e8bd 4ff0 	ldmia.w	sp!, {r4, r5, r6, r7, r8, r9, sl, fp, lr}
bx lr
 800544c:	4770      	bx	lr
 800544e:	bf00      	nop

08005450 <__libc_init_array>:
 8005450:	b570      	push	{r4, r5, r6, lr}
 8005452:	4b0f      	ldr	r3, [pc, #60]	@ (8005490 <__libc_init_array+0x40>)
 8005454:	4d0f      	ldr	r5, [pc, #60]	@ (8005494 <__libc_init_array+0x44>)
 8005456:	42ab      	cmp	r3, r5
 8005458:	eba3 0605 	sub.w	r6, r3, r5
 800545c:	d007      	beq.n	800546e <__libc_init_array+0x1e>
 800545e:	10b6      	asrs	r6, r6, #2
 8005460:	2400      	movs	r4, #0
 8005462:	f855 3b04 	ldr.w	r3, [r5], #4
 8005466:	3401      	adds	r4, #1
 8005468:	4798      	blx	r3
 800546a:	42a6      	cmp	r6, r4
 800546c:	d8f9      	bhi.n	8005462 <__libc_init_array+0x12>
 800546e:	f006 fc05 	bl	800bc7c <_init>
 8005472:	4d09      	ldr	r5, [pc, #36]	@ (8005498 <__libc_init_array+0x48>)
 8005474:	4b09      	ldr	r3, [pc, #36]	@ (800549c <__libc_init_array+0x4c>)
 8005476:	1b5e      	subs	r6, r3, r5
 8005478:	42ab      	cmp	r3, r5
 800547a:	ea4f 06a6 	mov.w	r6, r6, asr #2
 800547e:	d006      	beq.n	800548e <__libc_init_array+0x3e>
 8005480:	2400      	movs	r4, #0
 8005482:	f855 3b04 	ldr.w	r3, [r5], #4
 8005486:	3401      	adds	r4, #1
 8005488:	4798      	blx	r3
 800548a:	42a6      	cmp	r6, r4
 800548c:	d8f9      	bhi.n	8005482 <__libc_init_array+0x32>
 800548e:	bd70      	pop	{r4, r5, r6, pc}
 8005490:	0800c448 	.word	0x0800c448
 8005494:	0800c448 	.word	0x0800c448
 8005498:	0800c448 	.word	0x0800c448
 800549c:	0800c44c 	.word	0x0800c44c

080054a0 <memset>:
 80054a0:	0783      	lsls	r3, r0, #30
 80054a2:	b530      	push	{r4, r5, lr}
 80054a4:	d047      	beq.n	8005536 <memset+0x96>
 80054a6:	1e54      	subs	r4, r2, #1
 80054a8:	2a00      	cmp	r2, #0
 80054aa:	d03e      	beq.n	800552a <memset+0x8a>
 80054ac:	b2ca      	uxtb	r2, r1
 80054ae:	4603      	mov	r3, r0
 80054b0:	e001      	b.n	80054b6 <memset+0x16>
 80054b2:	3c01      	subs	r4, #1
 80054b4:	d339      	bcc.n	800552a <memset+0x8a>
 80054b6:	f803 2b01 	strb.w	r2, [r3], #1
 80054ba:	079d      	lsls	r5, r3, #30
 80054bc:	d1f9      	bne.n	80054b2 <memset+0x12>
 80054be:	2c03      	cmp	r4, #3
 80054c0:	d92c      	bls.n	800551c <memset+0x7c>
 80054c2:	b2cd      	uxtb	r5, r1
 80054c4:	eb05 2505 	add.w	r5, r5, r5, lsl #8
 80054c8:	2c0f      	cmp	r4, #15
 80054ca:	eb05 4505 	add.w	r5, r5, r5, lsl #16
 80054ce:	d935      	bls.n	800553c <memset+0x9c>
 80054d0:	f1a4 0210 	sub.w	r2, r4, #16
 80054d4:	f022 0c0f 	bic.w	ip, r2, #15
 80054d8:	f103 0e10 	add.w	lr, r3, #16
 80054dc:	44e6      	add	lr, ip
 80054de:	ea4f 1c12 	mov.w	ip, r2, lsr #4
 80054e2:	461a      	mov	r2, r3
 80054e4:	e9c2 5500 	strd	r5, r5, [r2]
 80054e8:	e9c2 5502 	strd	r5, r5, [r2, #8]
 80054ec:	3210      	adds	r2, #16
 80054ee:	4572      	cmp	r2, lr
 80054f0:	d1f8      	bne.n	80054e4 <memset+0x44>
 80054f2:	f10c 0201 	add.w	r2, ip, #1
 80054f6:	f014 0f0c 	tst.w	r4, #12
 80054fa:	eb03 1202 	add.w	r2, r3, r2, lsl #4
 80054fe:	f004 0c0f 	and.w	ip, r4, #15
 8005502:	d013      	beq.n	800552c <memset+0x8c>
 8005504:	f1ac 0304 	sub.w	r3, ip, #4
 8005508:	f023 0303 	bic.w	r3, r3, #3
 800550c:	3304      	adds	r3, #4
 800550e:	4413      	add	r3, r2
 8005510:	f842 5b04 	str.w	r5, [r2], #4
 8005514:	4293      	cmp	r3, r2
 8005516:	d1fb      	bne.n	8005510 <memset+0x70>
 8005518:	f00c 0403 	and.w	r4, ip, #3
 800551c:	b12c      	cbz	r4, 800552a <memset+0x8a>
 800551e:	b2c9      	uxtb	r1, r1
 8005520:	441c      	add	r4, r3
 8005522:	f803 1b01 	strb.w	r1, [r3], #1
 8005526:	42a3      	cmp	r3, r4
 8005528:	d1fb      	bne.n	8005522 <memset+0x82>
 800552a:	bd30      	pop	{r4, r5, pc}
 800552c:	4664      	mov	r4, ip
 800552e:	4613      	mov	r3, r2
 8005530:	2c00      	cmp	r4, #0
 8005532:	d1f4      	bne.n	800551e <memset+0x7e>
 8005534:	e7f9      	b.n	800552a <memset+0x8a>
 8005536:	4603      	mov	r3, r0
 8005538:	4614      	mov	r4, r2
 800553a:	e7c0      	b.n	80054be <memset+0x1e>
 800553c:	461a      	mov	r2, r3
 800553e:	46a4      	mov	ip, r4
 8005540:	e7e0      	b.n	8005504 <memset+0x64>
 8005542:	bf00      	nop

08005544 <memcpy>:
 8005544:	4684      	mov	ip, r0
 8005546:	ea41 0300 	orr.w	r3, r1, r0
 800554a:	f013 0303 	ands.w	r3, r3, #3
 800554e:	d16d      	bne.n	800562c <memcpy+0xe8>
 8005550:	3a40      	subs	r2, #64	@ 0x40
 8005552:	d341      	bcc.n	80055d8 <memcpy+0x94>
 8005554:	f851 3b04 	ldr.w	r3, [r1], #4
 8005558:	f840 3b04 	str.w	r3, [r0], #4
 800555c:	f851 3b04 	ldr.w	r3, [r1], #4
 8005560:	f840 3b04 	str.w	r3, [r0], #4
 8005564:	f851 3b04 	ldr.w	r3, [r1], #4
 8005568:	f840 3b04 	str.w	r3, [r0], #4
 800556c:	f851 3b04 	ldr.w	r3, [r1], #4
 8005570:	f840 3b04 	str.w	r3, [r0], #4
 8005574:	f851 3b04 	ldr.w	r3, [r1], #4
 8005578:	f840 3b04 	str.w	r3, [r0], #4
 800557c:	f851 3b04 	ldr.w	r3, [r1], #4
 8005580:	f840 3b04 	str.w	r3, [r0], #4
 8005584:	f851 3b04 	ldr.w	r3, [r1], #4
 8005588:	f840 3b04 	str.w	r3, [r0], #4
 800558c:	f851 3b04 	ldr.w	r3, [r1], #4
 8005590:	f840 3b04 	str.w	r3, [r0], #4
 8005594:	f851 3b04 	ldr.w	r3, [r1], #4
 8005598:	f840 3b04 	str.w	r3, [r0], #4
 800559c:	f851 3b04 	ldr.w	r3, [r1], #4
 80055a0:	f840 3b04 	str.w	r3, [r0], #4
 80055a4:	f851 3b04 	ldr.w	r3, [r1], #4
 80055a8:	f840 3b04 	str.w	r3, [r0], #4
 80055ac:	f851 3b04 	ldr.w	r3, [r1], #4
 80055b0:	f840 3b04 	str.w	r3, [r0], #4
 80055b4:	f851 3b04 	ldr.w	r3, [r1], #4
 80055b8:	f840 3b04 	str.w	r3, [r0], #4
 80055bc:	f851 3b04 	ldr.w	r3, [r1], #4
 80055c0:	f840 3b04 	str.w	r3, [r0], #4
 80055c4:	f851 3b04 	ldr.w	r3, [r1], #4
 80055c8:	f840 3b04 	str.w	r3, [r0], #4
 80055cc:	f851 3b04 	ldr.w	r3, [r1], #4
 80055d0:	f840 3b04 	str.w	r3, [r0], #4
 80055d4:	3a40      	subs	r2, #64	@ 0x40
 80055d6:	d2bd      	bcs.n	8005554 <memcpy+0x10>
 80055d8:	3230      	adds	r2, #48	@ 0x30
 80055da:	d311      	bcc.n	8005600 <memcpy+0xbc>
 80055dc:	f851 3b04 	ldr.w	r3, [r1], #4
 80055e0:	f840 3b04 	str.w	r3, [r0], #4
 80055e4:	f851 3b04 	ldr.w	r3, [r1], #4
 80055e8:	f840 3b04 	str.w	r3, [r0], #4
 80055ec:	f851 3b04 	ldr.w	r3, [r1], #4
 80055f0:	f840 3b04 	str.w	r3, [r0], #4
 80055f4:	f851 3b04 	ldr.w	r3, [r1], #4
 80055f8:	f840 3b04 	str.w	r3, [r0], #4
 80055fc:	3a10      	subs	r2, #16
 80055fe:	d2ed      	bcs.n	80055dc <memcpy+0x98>
 8005600:	320c      	adds	r2, #12
 8005602:	d305      	bcc.n	8005610 <memcpy+0xcc>
 8005604:	f851 3b04 	ldr.w	r3, [r1], #4
 8005608:	f840 3b04 	str.w	r3, [r0], #4
 800560c:	3a04      	subs	r2, #4
 800560e:	d2f9      	bcs.n	8005604 <memcpy+0xc0>
 8005610:	3204      	adds	r2, #4
 8005612:	d008      	beq.n	8005626 <memcpy+0xe2>
 8005614:	07d2      	lsls	r2, r2, #31
 8005616:	bf1c      	itt	ne
 8005618:	f811 3b01 	ldrbne.w	r3, [r1], #1
 800561c:	f800 3b01 	strbne.w	r3, [r0], #1
 8005620:	d301      	bcc.n	8005626 <memcpy+0xe2>
 8005622:	880b      	ldrh	r3, [r1, #0]
 8005624:	8003      	strh	r3, [r0, #0]
 8005626:	4660      	mov	r0, ip
 8005628:	4770      	bx	lr
 800562a:	bf00      	nop
 800562c:	2a08      	cmp	r2, #8
 800562e:	d313      	bcc.n	8005658 <memcpy+0x114>
 8005630:	078b      	lsls	r3, r1, #30
 8005632:	d08d      	beq.n	8005550 <memcpy+0xc>
 8005634:	f010 0303 	ands.w	r3, r0, #3
 8005638:	d08a      	beq.n	8005550 <memcpy+0xc>
 800563a:	f1c3 0304 	rsb	r3, r3, #4
 800563e:	1ad2      	subs	r2, r2, r3
 8005640:	07db      	lsls	r3, r3, #31
 8005642:	bf1c      	itt	ne
 8005644:	f811 3b01 	ldrbne.w	r3, [r1], #1
 8005648:	f800 3b01 	strbne.w	r3, [r0], #1
 800564c:	d380      	bcc.n	8005550 <memcpy+0xc>
 800564e:	f831 3b02 	ldrh.w	r3, [r1], #2
 8005652:	f820 3b02 	strh.w	r3, [r0], #2
 8005656:	e77b      	b.n	8005550 <memcpy+0xc>
 8005658:	3a04      	subs	r2, #4
 800565a:	d3d9      	bcc.n	8005610 <memcpy+0xcc>
 800565c:	3a01      	subs	r2, #1
 800565e:	f811 3b01 	ldrb.w	r3, [r1], #1
 8005662:	f800 3b01 	strb.w	r3, [r0], #1
 8005666:	d2f9      	bcs.n	800565c <memcpy+0x118>
 8005668:	780b      	ldrb	r3, [r1, #0]
 800566a:	7003      	strb	r3, [r0, #0]
 800566c:	784b      	ldrb	r3, [r1, #1]
 800566e:	7043      	strb	r3, [r0, #1]
 8005670:	788b      	ldrb	r3, [r1, #2]
 8005672:	7083      	strb	r3, [r0, #2]
 8005674:	4660      	mov	r0, ip
 8005676:	4770      	bx	lr

08005678 <cmd_ping>:
#if SS_VER == SS_VER_2_1
static uint8_t cmd_ping(uint8_t cmd, uint8_t scmd, uint8_t len, uint8_t *buf)
#else
static uint8_t cmd_ping(uint8_t *buf, uint8_t len)
#endif
{
 8005678:	b500      	push	{lr}
 800567a:	b083      	sub	sp, #12
    (void)scmd;
#endif
    (void)len;
    (void)buf;

    uint8_t out[1] = {0x42};
 800567c:	2342      	movs	r3, #66	@ 0x42
    simpleserial_put('P', 1, out);
 800567e:	aa01      	add	r2, sp, #4
 8005680:	2101      	movs	r1, #1
 8005682:	2050      	movs	r0, #80	@ 0x50
    uint8_t out[1] = {0x42};
 8005684:	f88d 3004 	strb.w	r3, [sp, #4]
    simpleserial_put('P', 1, out);
 8005688:	f004 f90e 	bl	80098a8 <simpleserial_put>

    return 0x00;
}
 800568c:	2000      	movs	r0, #0
 800568e:	b003      	add	sp, #12
 8005690:	f85d fb04 	ldr.w	pc, [sp], #4

08005694 <cmd_debug_decode_msg>:
#if SS_VER == SS_VER_2_1
static uint8_t cmd_debug_decode_msg(uint8_t cmd, uint8_t scmd, uint8_t len, uint8_t *buf)
#else
static uint8_t cmd_debug_decode_msg(uint8_t *buf, uint8_t len)
#endif
{
 8005694:	b500      	push	{lr}
     * trigger, but returns the decoded message instead of the shared secret.
     *
     * The KEM secret key layout starts with the IND-CPA secret key, so passing
     * sk here is consistent with crypto_kem_dec().
     */
    indcpa_dec(m_dec, ct, sk);
 8005696:	4a08      	ldr	r2, [pc, #32]	@ (80056b8 <cmd_debug_decode_msg+0x24>)
{
 8005698:	b089      	sub	sp, #36	@ 0x24
    indcpa_dec(m_dec, ct, sk);
 800569a:	f502 61cc 	add.w	r1, r2, #1632	@ 0x660
 800569e:	4668      	mov	r0, sp
 80056a0:	f001 fbba 	bl	8006e18 <indcpa_dec>

    simpleserial_put('M', KYBER_SYMBYTES, m_dec);
 80056a4:	466a      	mov	r2, sp
 80056a6:	2120      	movs	r1, #32
 80056a8:	204d      	movs	r0, #77	@ 0x4d
 80056aa:	f004 f8fd 	bl	80098a8 <simpleserial_put>
    return 0x00;
}
 80056ae:	2000      	movs	r0, #0
 80056b0:	b009      	add	sp, #36	@ 0x24
 80056b2:	f85d fb04 	ldr.w	pc, [sp], #4
 80056b6:	bf00      	nop
 80056b8:	2000041c 	.word	0x2000041c

080056bc <cmd_decaps_probe>:
{
 80056bc:	b510      	push	{r4, lr}
    int ret = crypto_kem_dec(ss_dec, ct, sk);
 80056be:	4a14      	ldr	r2, [pc, #80]	@ (8005710 <cmd_decaps_probe+0x54>)
 80056c0:	f502 6416 	add.w	r4, r2, #2400	@ 0x960
{
 80056c4:	b08a      	sub	sp, #40	@ 0x28
    int ret = crypto_kem_dec(ss_dec, ct, sk);
 80056c6:	f502 61cc 	add.w	r1, r2, #1632	@ 0x660
 80056ca:	4620      	mov	r0, r4
 80056cc:	f000 ff42 	bl	8006554 <crypto_kem_dec>
    memcpy(out + 1, ss_dec, CRYPTO_BYTES);
 80056d0:	46a4      	mov	ip, r4
    out[0] = (uint8_t)ret;
 80056d2:	f88d 0004 	strb.w	r0, [sp, #4]
    memcpy(out + 1, ss_dec, CRYPTO_BYTES);
 80056d6:	e8bc 000f 	ldmia.w	ip!, {r0, r1, r2, r3}
 80056da:	f8cd 0005 	str.w	r0, [sp, #5]
 80056de:	f8cd 1009 	str.w	r1, [sp, #9]
 80056e2:	f8cd 200d 	str.w	r2, [sp, #13]
 80056e6:	f8cd 3011 	str.w	r3, [sp, #17]
 80056ea:	e8bc 000f 	ldmia.w	ip!, {r0, r1, r2, r3}
 80056ee:	f8cd 0015 	str.w	r0, [sp, #21]
 80056f2:	f8cd 1019 	str.w	r1, [sp, #25]
 80056f6:	f8cd 201d 	str.w	r2, [sp, #29]
    simpleserial_put('S', sizeof(out), out);
 80056fa:	2121      	movs	r1, #33	@ 0x21
 80056fc:	aa01      	add	r2, sp, #4
 80056fe:	2053      	movs	r0, #83	@ 0x53
    memcpy(out + 1, ss_dec, CRYPTO_BYTES);
 8005700:	f8cd 3021 	str.w	r3, [sp, #33]	@ 0x21
    simpleserial_put('S', sizeof(out), out);
 8005704:	f004 f8d0 	bl	80098a8 <simpleserial_put>
}
 8005708:	2000      	movs	r0, #0
 800570a:	b00a      	add	sp, #40	@ 0x28
 800570c:	bd10      	pop	{r4, pc}
 800570e:	bf00      	nop
 8005710:	2000041c 	.word	0x2000041c

08005714 <cmd_encaps_probe>:
{
 8005714:	b510      	push	{r4, lr}
    int ret = crypto_kem_enc(ct, ss_enc, pk);
 8005716:	4815      	ldr	r0, [pc, #84]	@ (800576c <cmd_encaps_probe+0x58>)
 8005718:	f500 644a 	add.w	r4, r0, #3232	@ 0xca0
{
 800571c:	b08a      	sub	sp, #40	@ 0x28
    int ret = crypto_kem_enc(ct, ss_enc, pk);
 800571e:	f500 6218 	add.w	r2, r0, #2432	@ 0x980
 8005722:	4621      	mov	r1, r4
 8005724:	f500 60cc 	add.w	r0, r0, #1632	@ 0x660
 8005728:	f000 fee6 	bl	80064f8 <crypto_kem_enc>
    memcpy(out + 1, ss_enc, CRYPTO_BYTES);
 800572c:	46a4      	mov	ip, r4
    out[0] = (uint8_t)ret;
 800572e:	f88d 0004 	strb.w	r0, [sp, #4]
    memcpy(out + 1, ss_enc, CRYPTO_BYTES);
 8005732:	e8bc 000f 	ldmia.w	ip!, {r0, r1, r2, r3}
 8005736:	f8cd 0005 	str.w	r0, [sp, #5]
 800573a:	f8cd 1009 	str.w	r1, [sp, #9]
 800573e:	f8cd 200d 	str.w	r2, [sp, #13]
 8005742:	f8cd 3011 	str.w	r3, [sp, #17]
 8005746:	e8bc 000f 	ldmia.w	ip!, {r0, r1, r2, r3}
 800574a:	f8cd 0015 	str.w	r0, [sp, #21]
 800574e:	f8cd 1019 	str.w	r1, [sp, #25]
 8005752:	f8cd 201d 	str.w	r2, [sp, #29]
    simpleserial_put('E', sizeof(out), out);
 8005756:	2121      	movs	r1, #33	@ 0x21
 8005758:	aa01      	add	r2, sp, #4
 800575a:	2045      	movs	r0, #69	@ 0x45
    memcpy(out + 1, ss_enc, CRYPTO_BYTES);
 800575c:	f8cd 3021 	str.w	r3, [sp, #33]	@ 0x21
    simpleserial_put('E', sizeof(out), out);
 8005760:	f004 f8a2 	bl	80098a8 <simpleserial_put>
}
 8005764:	2000      	movs	r0, #0
 8005766:	b00a      	add	sp, #40	@ 0x28
 8005768:	bd10      	pop	{r4, pc}
 800576a:	bf00      	nop
 800576c:	2000041c 	.word	0x2000041c

08005770 <cmd_rng_probe>:
{
 8005770:	b500      	push	{lr}
 8005772:	b087      	sub	sp, #28
    int ret = randombytes(out + 1, 16);
 8005774:	2110      	movs	r1, #16
 8005776:	f10d 0005 	add.w	r0, sp, #5
 800577a:	f003 fd83 	bl	8009284 <randombytes>
    simpleserial_put('N', 17, out);
 800577e:	2111      	movs	r1, #17
    int ret = randombytes(out + 1, 16);
 8005780:	4603      	mov	r3, r0
    simpleserial_put('N', 17, out);
 8005782:	aa01      	add	r2, sp, #4
 8005784:	204e      	movs	r0, #78	@ 0x4e
    out[0] = (uint8_t)ret;
 8005786:	f88d 3004 	strb.w	r3, [sp, #4]
    simpleserial_put('N', 17, out);
 800578a:	f004 f88d 	bl	80098a8 <simpleserial_put>
}
 800578e:	2000      	movs	r0, #0
 8005790:	b007      	add	sp, #28
 8005792:	f85d fb04 	ldr.w	pc, [sp], #4
 8005796:	bf00      	nop

08005798 <cmd_keypair_probe>:
{
 8005798:	b500      	push	{lr}
    int ret = crypto_kem_keypair(pk, sk);
 800579a:	4909      	ldr	r1, [pc, #36]	@ (80057c0 <cmd_keypair_probe+0x28>)
{
 800579c:	b083      	sub	sp, #12
    int ret = crypto_kem_keypair(pk, sk);
 800579e:	f501 6018 	add.w	r0, r1, #2432	@ 0x980
 80057a2:	f000 fe7b 	bl	800649c <crypto_kem_keypair>
    simpleserial_put('K', 1, out);
 80057a6:	2101      	movs	r1, #1
    int ret = crypto_kem_keypair(pk, sk);
 80057a8:	4603      	mov	r3, r0
    simpleserial_put('K', 1, out);
 80057aa:	aa01      	add	r2, sp, #4
 80057ac:	204b      	movs	r0, #75	@ 0x4b
    out[0] = (uint8_t)ret;
 80057ae:	f88d 3004 	strb.w	r3, [sp, #4]
    simpleserial_put('K', 1, out);
 80057b2:	f004 f879 	bl	80098a8 <simpleserial_put>
}
 80057b6:	2000      	movs	r0, #0
 80057b8:	b003      	add	sp, #12
 80057ba:	f85d fb04 	ldr.w	pc, [sp], #4
 80057be:	bf00      	nop
 80057c0:	2000041c 	.word	0x2000041c

080057c4 <cmd_read_indcpa_sk_chunk>:
#if SS_VER == SS_VER_2_1
static uint8_t cmd_read_indcpa_sk_chunk(uint8_t cmd, uint8_t scmd, uint8_t len, uint8_t *buf)
#else
static uint8_t cmd_read_indcpa_sk_chunk(uint8_t *buf, uint8_t len)
#endif
{
 80057c4:	b500      	push	{lr}
     *   This is raw serialized IND-CPA sk, i.e. NTT-domain polyvec bytes.
     *   Host side should decode it with polyvec_frombytes() and apply inverse NTT
     *   before using it as small secret coefficients.
     */

    if (len < 2) {
 80057c6:	2a01      	cmp	r2, #1
{
 80057c8:	b083      	sub	sp, #12
    if (len < 2) {
 80057ca:	d920      	bls.n	800580e <cmd_read_indcpa_sk_chunk+0x4a>
        uint8_t err = 0xff;
        simpleserial_put('Z', 1, &err);
        return 0x00;
    }

    uint16_t offset = ((uint16_t)buf[0]) | (((uint16_t)buf[1]) << 8);
 80057cc:	881b      	ldrh	r3, [r3, #0]

    if (offset >= KYBER_INDCPA_SECRETKEYBYTES) {
 80057ce:	f5b3 7f40 	cmp.w	r3, #768	@ 0x300
 80057d2:	d20f      	bcs.n	80057f4 <cmd_read_indcpa_sk_chunk+0x30>
        uint8_t err = 0xfe;
        simpleserial_put('Z', 1, &err);
        return 0x00;
    }

    uint16_t remaining = KYBER_INDCPA_SECRETKEYBYTES - offset;
 80057d4:	f5c3 7140 	rsb	r1, r3, #768	@ 0x300
    uint8_t out_len = INDCPA_SK_CHUNK;

    if (remaining < INDCPA_SK_CHUNK) {
 80057d8:	b289      	uxth	r1, r1
 80057da:	2980      	cmp	r1, #128	@ 0x80
        out_len = (uint8_t)remaining;
    }

    simpleserial_put('Z', out_len, sk + offset);
 80057dc:	4a0d      	ldr	r2, [pc, #52]	@ (8005814 <cmd_read_indcpa_sk_chunk+0x50>)
    if (remaining < INDCPA_SK_CHUNK) {
 80057de:	bf28      	it	cs
 80057e0:	2180      	movcs	r1, #128	@ 0x80
    simpleserial_put('Z', out_len, sk + offset);
 80057e2:	441a      	add	r2, r3
 80057e4:	b2c9      	uxtb	r1, r1
 80057e6:	205a      	movs	r0, #90	@ 0x5a
 80057e8:	f004 f85e 	bl	80098a8 <simpleserial_put>
    return 0x00;
}
 80057ec:	2000      	movs	r0, #0
 80057ee:	b003      	add	sp, #12
 80057f0:	f85d fb04 	ldr.w	pc, [sp], #4
        uint8_t err = 0xfe;
 80057f4:	23fe      	movs	r3, #254	@ 0xfe
        simpleserial_put('Z', 1, &err);
 80057f6:	f10d 0207 	add.w	r2, sp, #7
 80057fa:	2101      	movs	r1, #1
 80057fc:	205a      	movs	r0, #90	@ 0x5a
        uint8_t err = 0xfe;
 80057fe:	f88d 3007 	strb.w	r3, [sp, #7]
        simpleserial_put('Z', 1, &err);
 8005802:	f004 f851 	bl	80098a8 <simpleserial_put>
}
 8005806:	2000      	movs	r0, #0
 8005808:	b003      	add	sp, #12
 800580a:	f85d fb04 	ldr.w	pc, [sp], #4
        uint8_t err = 0xff;
 800580e:	23ff      	movs	r3, #255	@ 0xff
 8005810:	e7f1      	b.n	80057f6 <cmd_read_indcpa_sk_chunk+0x32>
 8005812:	bf00      	nop
 8005814:	2000041c 	.word	0x2000041c

08005818 <cmd_read_ct>:
    if (len != 3) {
 8005818:	2a03      	cmp	r2, #3
 800581a:	d110      	bne.n	800583e <cmd_read_ct+0x26>
    uint16_t offset = (uint16_t)buf[0] | ((uint16_t)buf[1] << 8);
 800581c:	8818      	ldrh	r0, [r3, #0]
    if (offset >= CRYPTO_CIPHERTEXTBYTES) {
 800581e:	f5b0 7f40 	cmp.w	r0, #768	@ 0x300
 8005822:	d20e      	bcs.n	8005842 <cmd_read_ct+0x2a>
{
 8005824:	b508      	push	{r3, lr}
    uint8_t outlen = buf[2];
 8005826:	7899      	ldrb	r1, [r3, #2]
    if ((uint32_t)offset + (uint32_t)outlen > CRYPTO_CIPHERTEXTBYTES) {
 8005828:	180b      	adds	r3, r1, r0
 800582a:	f5b3 7f40 	cmp.w	r3, #768	@ 0x300
 800582e:	d80a      	bhi.n	8005846 <cmd_read_ct+0x2e>
    simpleserial_put('T', outlen, ct + offset);
 8005830:	4a06      	ldr	r2, [pc, #24]	@ (800584c <cmd_read_ct+0x34>)
 8005832:	4402      	add	r2, r0
 8005834:	2054      	movs	r0, #84	@ 0x54
 8005836:	f004 f837 	bl	80098a8 <simpleserial_put>
    return 0x00;
 800583a:	2000      	movs	r0, #0
}
 800583c:	bd08      	pop	{r3, pc}
        return 0x01;
 800583e:	2001      	movs	r0, #1
 8005840:	4770      	bx	lr
        return 0x02;
 8005842:	2002      	movs	r0, #2
}
 8005844:	4770      	bx	lr
        return 0x03;
 8005846:	4610      	mov	r0, r2
}
 8005848:	bd08      	pop	{r3, pc}
 800584a:	bf00      	nop
 800584c:	20000a7c 	.word	0x20000a7c

08005850 <cmd_read_pk>:
    if (len != 3) {
 8005850:	2a03      	cmp	r2, #3
 8005852:	d110      	bne.n	8005876 <cmd_read_pk+0x26>
    uint16_t offset = (uint16_t)buf[0] | ((uint16_t)buf[1] << 8);
 8005854:	8818      	ldrh	r0, [r3, #0]
    if (offset >= CRYPTO_PUBLICKEYBYTES) {
 8005856:	f5b0 7f48 	cmp.w	r0, #800	@ 0x320
 800585a:	d20e      	bcs.n	800587a <cmd_read_pk+0x2a>
{
 800585c:	b508      	push	{r3, lr}
    uint8_t outlen = buf[2];
 800585e:	7899      	ldrb	r1, [r3, #2]
    if ((uint32_t)offset + (uint32_t)outlen > CRYPTO_PUBLICKEYBYTES) {
 8005860:	180b      	adds	r3, r1, r0
 8005862:	f5b3 7f48 	cmp.w	r3, #800	@ 0x320
 8005866:	d80a      	bhi.n	800587e <cmd_read_pk+0x2e>
    simpleserial_put('R', outlen, pk + offset);
 8005868:	4a06      	ldr	r2, [pc, #24]	@ (8005884 <cmd_read_pk+0x34>)
 800586a:	4402      	add	r2, r0
 800586c:	2052      	movs	r0, #82	@ 0x52
 800586e:	f004 f81b 	bl	80098a8 <simpleserial_put>
    return 0x00;
 8005872:	2000      	movs	r0, #0
}
 8005874:	bd08      	pop	{r3, pc}
        return 0x01;
 8005876:	2001      	movs	r0, #1
 8005878:	4770      	bx	lr
        return 0x02;
 800587a:	2002      	movs	r0, #2
}
 800587c:	4770      	bx	lr
        return 0x03;
 800587e:	4610      	mov	r0, r2
}
 8005880:	bd08      	pop	{r3, pc}
 8005882:	bf00      	nop
 8005884:	20000d9c 	.word	0x20000d9c

08005888 <cmd_load_ct>:
    if (len != 2 + CT_CHUNK) {
 8005888:	2a82      	cmp	r2, #130	@ 0x82
 800588a:	d118      	bne.n	80058be <cmd_load_ct+0x36>
    if ((uint32_t)offset + CT_CHUNK > CRYPTO_CIPHERTEXTBYTES) {
 800588c:	8818      	ldrh	r0, [r3, #0]
 800588e:	f100 0280 	add.w	r2, r0, #128	@ 0x80
 8005892:	f5b2 7f40 	cmp.w	r2, #768	@ 0x300
 8005896:	d814      	bhi.n	80058c2 <cmd_load_ct+0x3a>
{
 8005898:	b510      	push	{r4, lr}
    memcpy(ct + offset, buf + 2, CT_CHUNK);
 800589a:	4c0b      	ldr	r4, [pc, #44]	@ (80058c8 <cmd_load_ct+0x40>)
{
 800589c:	b082      	sub	sp, #8
    memcpy(ct + offset, buf + 2, CT_CHUNK);
 800589e:	1c99      	adds	r1, r3, #2
 80058a0:	2280      	movs	r2, #128	@ 0x80
 80058a2:	4420      	add	r0, r4
 80058a4:	f7ff fe4e 	bl	8005544 <memcpy>
    uint8_t out[1] = {0x00};
 80058a8:	2400      	movs	r4, #0
    simpleserial_put('C', 1, out);
 80058aa:	2101      	movs	r1, #1
 80058ac:	aa01      	add	r2, sp, #4
 80058ae:	2043      	movs	r0, #67	@ 0x43
    uint8_t out[1] = {0x00};
 80058b0:	f88d 4004 	strb.w	r4, [sp, #4]
    simpleserial_put('C', 1, out);
 80058b4:	f003 fff8 	bl	80098a8 <simpleserial_put>
    return 0x00;
 80058b8:	4620      	mov	r0, r4
}
 80058ba:	b002      	add	sp, #8
 80058bc:	bd10      	pop	{r4, pc}
        return 0x01;
 80058be:	2001      	movs	r0, #1
}
 80058c0:	4770      	bx	lr
        return 0x02;
 80058c2:	2002      	movs	r0, #2
 80058c4:	4770      	bx	lr
 80058c6:	bf00      	nop
 80058c8:	20000a7c 	.word	0x20000a7c

080058cc <HardFault_Handler>:


void HardFault_Handler(void)
{
 80058cc:	b500      	push	{lr}
    while (*s) {
 80058ce:	4c10      	ldr	r4, [pc, #64]	@ (8005910 <HardFault_Handler+0x44>)
{
 80058d0:	b083      	sub	sp, #12
    while (*s) {
 80058d2:	2072      	movs	r0, #114	@ 0x72
        putch(*s++);
 80058d4:	f004 f98a 	bl	8009bec <putch>
    while (*s) {
 80058d8:	f814 0f01 	ldrb.w	r0, [r4, #1]!
 80058dc:	2800      	cmp	r0, #0
 80058de:	d1f9      	bne.n	80058d4 <HardFault_Handler+0x8>
    fault_puts("rHARDFAULT\n");

    while (1) {
        PROBE_FAULT_TRIGGER_HIGH();
        for (volatile uint32_t i = 0; i < 100000; i++) {
 80058e0:	4a0c      	ldr	r2, [pc, #48]	@ (8005914 <HardFault_Handler+0x48>)
 80058e2:	9000      	str	r0, [sp, #0]
 80058e4:	9b00      	ldr	r3, [sp, #0]
 80058e6:	4293      	cmp	r3, r2
 80058e8:	d806      	bhi.n	80058f8 <HardFault_Handler+0x2c>
            __asm volatile("nop");
 80058ea:	bf00      	nop
        for (volatile uint32_t i = 0; i < 100000; i++) {
 80058ec:	9b00      	ldr	r3, [sp, #0]
 80058ee:	3301      	adds	r3, #1
 80058f0:	9300      	str	r3, [sp, #0]
 80058f2:	9b00      	ldr	r3, [sp, #0]
 80058f4:	4293      	cmp	r3, r2
 80058f6:	d9f8      	bls.n	80058ea <HardFault_Handler+0x1e>
        }
        PROBE_FAULT_TRIGGER_LOW();
        for (volatile uint32_t i = 0; i < 100000; i++) {
 80058f8:	9001      	str	r0, [sp, #4]
 80058fa:	9b01      	ldr	r3, [sp, #4]
 80058fc:	4293      	cmp	r3, r2
 80058fe:	d8f0      	bhi.n	80058e2 <HardFault_Handler+0x16>
            __asm volatile("nop");
 8005900:	bf00      	nop
        for (volatile uint32_t i = 0; i < 100000; i++) {
 8005902:	9b01      	ldr	r3, [sp, #4]
 8005904:	3301      	adds	r3, #1
 8005906:	9301      	str	r3, [sp, #4]
 8005908:	9b01      	ldr	r3, [sp, #4]
 800590a:	4293      	cmp	r3, r2
 800590c:	d9f8      	bls.n	8005900 <HardFault_Handler+0x34>
 800590e:	e7e8      	b.n	80058e2 <HardFault_Handler+0x16>
 8005910:	0800c318 	.word	0x0800c318
 8005914:	0001869f 	.word	0x0001869f

08005918 <BusFault_Handler>:
    }
}


void BusFault_Handler(void)
{
 8005918:	b500      	push	{lr}
    while (*s) {
 800591a:	4c10      	ldr	r4, [pc, #64]	@ (800595c <BusFault_Handler+0x44>)
{
 800591c:	b083      	sub	sp, #12
    while (*s) {
 800591e:	2072      	movs	r0, #114	@ 0x72
        putch(*s++);
 8005920:	f004 f964 	bl	8009bec <putch>
    while (*s) {
 8005924:	f814 0f01 	ldrb.w	r0, [r4, #1]!
 8005928:	2800      	cmp	r0, #0
 800592a:	d1f9      	bne.n	8005920 <BusFault_Handler+0x8>
    fault_puts("rBUSFAULT\n");

    while (1) {
        PROBE_FAULT_TRIGGER_HIGH();
        for (volatile uint32_t i = 0; i < 100000; i++) {
 800592c:	4a0c      	ldr	r2, [pc, #48]	@ (8005960 <BusFault_Handler+0x48>)
 800592e:	9000      	str	r0, [sp, #0]
 8005930:	9b00      	ldr	r3, [sp, #0]
 8005932:	4293      	cmp	r3, r2
 8005934:	d806      	bhi.n	8005944 <BusFault_Handler+0x2c>
            __asm volatile("nop");
 8005936:	bf00      	nop
        for (volatile uint32_t i = 0; i < 100000; i++) {
 8005938:	9b00      	ldr	r3, [sp, #0]
 800593a:	3301      	adds	r3, #1
 800593c:	9300      	str	r3, [sp, #0]
 800593e:	9b00      	ldr	r3, [sp, #0]
 8005940:	4293      	cmp	r3, r2
 8005942:	d9f8      	bls.n	8005936 <BusFault_Handler+0x1e>
        }
        PROBE_FAULT_TRIGGER_LOW();
        for (volatile uint32_t i = 0; i < 100000; i++) {
 8005944:	9001      	str	r0, [sp, #4]
 8005946:	9b01      	ldr	r3, [sp, #4]
 8005948:	4293      	cmp	r3, r2
 800594a:	d8f0      	bhi.n	800592e <BusFault_Handler+0x16>
            __asm volatile("nop");
 800594c:	bf00      	nop
        for (volatile uint32_t i = 0; i < 100000; i++) {
 800594e:	9b01      	ldr	r3, [sp, #4]
 8005950:	3301      	adds	r3, #1
 8005952:	9301      	str	r3, [sp, #4]
 8005954:	9b01      	ldr	r3, [sp, #4]
 8005956:	4293      	cmp	r3, r2
 8005958:	d9f8      	bls.n	800594c <BusFault_Handler+0x34>
 800595a:	e7e8      	b.n	800592e <BusFault_Handler+0x16>
 800595c:	0800c324 	.word	0x0800c324
 8005960:	0001869f 	.word	0x0001869f

08005964 <UsageFault_Handler>:
    }
}


void UsageFault_Handler(void)
{
 8005964:	b500      	push	{lr}
    while (*s) {
 8005966:	4c10      	ldr	r4, [pc, #64]	@ (80059a8 <UsageFault_Handler+0x44>)
{
 8005968:	b083      	sub	sp, #12
    while (*s) {
 800596a:	2072      	movs	r0, #114	@ 0x72
        putch(*s++);
 800596c:	f004 f93e 	bl	8009bec <putch>
    while (*s) {
 8005970:	f814 0f01 	ldrb.w	r0, [r4, #1]!
 8005974:	2800      	cmp	r0, #0
 8005976:	d1f9      	bne.n	800596c <UsageFault_Handler+0x8>
    fault_puts("rUSAGEFAULT\n");

    while (1) {
        PROBE_FAULT_TRIGGER_HIGH();
        for (volatile uint32_t i = 0; i < 100000; i++) {
 8005978:	4a0c      	ldr	r2, [pc, #48]	@ (80059ac <UsageFault_Handler+0x48>)
 800597a:	9000      	str	r0, [sp, #0]
 800597c:	9b00      	ldr	r3, [sp, #0]
 800597e:	4293      	cmp	r3, r2
 8005980:	d806      	bhi.n	8005990 <UsageFault_Handler+0x2c>
            __asm volatile("nop");
 8005982:	bf00      	nop
        for (volatile uint32_t i = 0; i < 100000; i++) {
 8005984:	9b00      	ldr	r3, [sp, #0]
 8005986:	3301      	adds	r3, #1
 8005988:	9300      	str	r3, [sp, #0]
 800598a:	9b00      	ldr	r3, [sp, #0]
 800598c:	4293      	cmp	r3, r2
 800598e:	d9f8      	bls.n	8005982 <UsageFault_Handler+0x1e>
        }
        PROBE_FAULT_TRIGGER_LOW();
        for (volatile uint32_t i = 0; i < 100000; i++) {
 8005990:	9001      	str	r0, [sp, #4]
 8005992:	9b01      	ldr	r3, [sp, #4]
 8005994:	4293      	cmp	r3, r2
 8005996:	d8f0      	bhi.n	800597a <UsageFault_Handler+0x16>
            __asm volatile("nop");
 8005998:	bf00      	nop
        for (volatile uint32_t i = 0; i < 100000; i++) {
 800599a:	9b01      	ldr	r3, [sp, #4]
 800599c:	3301      	adds	r3, #1
 800599e:	9301      	str	r3, [sp, #4]
 80059a0:	9b01      	ldr	r3, [sp, #4]
 80059a2:	4293      	cmp	r3, r2
 80059a4:	d9f8      	bls.n	8005998 <UsageFault_Handler+0x34>
 80059a6:	e7e8      	b.n	800597a <UsageFault_Handler+0x16>
 80059a8:	0800c330 	.word	0x0800c330
 80059ac:	0001869f 	.word	0x0001869f

080059b0 <main>:
    *cpacr |= (0xFU << 20);
 80059b0:	f04f 22e0 	mov.w	r2, #3758153728	@ 0xe000e000
    }
}


int main(void)
{
 80059b4:	b508      	push	{r3, lr}
    *cpacr |= (0xFU << 20);
 80059b6:	f8d2 3d88 	ldr.w	r3, [r2, #3464]	@ 0xd88
 80059ba:	f443 0370 	orr.w	r3, r3, #15728640	@ 0xf00000
 80059be:	f8c2 3d88 	str.w	r3, [r2, #3464]	@ 0xd88
    __asm volatile("dsb");
 80059c2:	f3bf 8f4f 	dsb	sy
    __asm volatile("isb");
 80059c6:	f3bf 8f6f 	isb	sy
    enable_fpu();

    platform_init();
 80059ca:	f004 f83d 	bl	8009a48 <platform_init>
    init_uart();
 80059ce:	f004 f87b 	bl	8009ac8 <init_uart>
    trigger_setup();
 80059d2:	f004 f8b5 	bl	8009b40 <trigger_setup>
 80059d6:	4d37      	ldr	r5, [pc, #220]	@ (8005ab4 <main+0x104>)
    while (*s) {
 80059d8:	2472      	movs	r4, #114	@ 0x72
        putch(*s++);
 80059da:	4620      	mov	r0, r4
 80059dc:	f004 f906 	bl	8009bec <putch>
    while (*s) {
 80059e0:	f815 4f01 	ldrb.w	r4, [r5, #1]!
 80059e4:	2c00      	cmp	r4, #0
 80059e6:	d1f8      	bne.n	80059da <main+0x2a>

    uart_puts("rKYBERPROBE_A\n");

    memset(pk, 0, sizeof(pk));
 80059e8:	4621      	mov	r1, r4
 80059ea:	f44f 7248 	mov.w	r2, #800	@ 0x320
 80059ee:	4832      	ldr	r0, [pc, #200]	@ (8005ab8 <main+0x108>)
    memset(sk, 0, sizeof(sk));
    memset(ct, 0, sizeof(ct));
    memset(ss_enc, 0, sizeof(ss_enc));
    memset(ss_dec, 0, sizeof(ss_dec));
 80059f0:	4d32      	ldr	r5, [pc, #200]	@ (8005abc <main+0x10c>)
    memset(pk, 0, sizeof(pk));
 80059f2:	f7ff fd55 	bl	80054a0 <memset>
    memset(sk, 0, sizeof(sk));
 80059f6:	4621      	mov	r1, r4
 80059f8:	f44f 62cc 	mov.w	r2, #1632	@ 0x660
 80059fc:	4830      	ldr	r0, [pc, #192]	@ (8005ac0 <main+0x110>)
 80059fe:	f7ff fd4f 	bl	80054a0 <memset>
    memset(ct, 0, sizeof(ct));
 8005a02:	4621      	mov	r1, r4
 8005a04:	f44f 7240 	mov.w	r2, #768	@ 0x300
 8005a08:	482e      	ldr	r0, [pc, #184]	@ (8005ac4 <main+0x114>)
 8005a0a:	f7ff fd49 	bl	80054a0 <memset>
    memset(ss_enc, 0, sizeof(ss_enc));
 8005a0e:	4621      	mov	r1, r4
 8005a10:	2220      	movs	r2, #32
 8005a12:	482d      	ldr	r0, [pc, #180]	@ (8005ac8 <main+0x118>)
 8005a14:	f7ff fd44 	bl	80054a0 <memset>
    memset(ss_dec, 0, sizeof(ss_dec));
 8005a18:	4621      	mov	r1, r4
 8005a1a:	482c      	ldr	r0, [pc, #176]	@ (8005acc <main+0x11c>)
 8005a1c:	2220      	movs	r2, #32
 8005a1e:	f7ff fd3f 	bl	80054a0 <memset>
    while (*s) {
 8005a22:	2472      	movs	r4, #114	@ 0x72
        putch(*s++);
 8005a24:	4620      	mov	r0, r4
 8005a26:	f004 f8e1 	bl	8009bec <putch>
    while (*s) {
 8005a2a:	f815 4f01 	ldrb.w	r4, [r5, #1]!
 8005a2e:	2c00      	cmp	r4, #0
 8005a30:	d1f8      	bne.n	8005a24 <main+0x74>

    uart_puts("rKYBERPROBE_B\n");

    simpleserial_init();
 8005a32:	f003 fdd7 	bl	80095e4 <simpleserial_init>

    simpleserial_addcmd('P', 0, cmd_ping);
 8005a36:	4621      	mov	r1, r4
 8005a38:	4a25      	ldr	r2, [pc, #148]	@ (8005ad0 <main+0x120>)
 8005a3a:	2050      	movs	r0, #80	@ 0x50
 8005a3c:	f003 fe04 	bl	8009648 <simpleserial_addcmd>
    simpleserial_addcmd('K', 0, cmd_keypair_probe);
 8005a40:	4621      	mov	r1, r4
 8005a42:	4a24      	ldr	r2, [pc, #144]	@ (8005ad4 <main+0x124>)
 8005a44:	204b      	movs	r0, #75	@ 0x4b
 8005a46:	f003 fdff 	bl	8009648 <simpleserial_addcmd>
    simpleserial_addcmd('R', 3, cmd_read_pk);
 8005a4a:	4a23      	ldr	r2, [pc, #140]	@ (8005ad8 <main+0x128>)
 8005a4c:	2103      	movs	r1, #3
 8005a4e:	2052      	movs	r0, #82	@ 0x52
 8005a50:	f003 fdfa 	bl	8009648 <simpleserial_addcmd>
    simpleserial_addcmd('N', 0, cmd_rng_probe);
 8005a54:	4621      	mov	r1, r4
 8005a56:	4a21      	ldr	r2, [pc, #132]	@ (8005adc <main+0x12c>)
 8005a58:	204e      	movs	r0, #78	@ 0x4e
 8005a5a:	f003 fdf5 	bl	8009648 <simpleserial_addcmd>
    simpleserial_addcmd('E', 0, cmd_encaps_probe);
 8005a5e:	4621      	mov	r1, r4
 8005a60:	4a1f      	ldr	r2, [pc, #124]	@ (8005ae0 <main+0x130>)
 8005a62:	2045      	movs	r0, #69	@ 0x45
 8005a64:	f003 fdf0 	bl	8009648 <simpleserial_addcmd>
    simpleserial_addcmd('D', 0, cmd_decaps_probe);
 8005a68:	4621      	mov	r1, r4
 8005a6a:	4a1e      	ldr	r2, [pc, #120]	@ (8005ae4 <main+0x134>)
 8005a6c:	2044      	movs	r0, #68	@ 0x44
 8005a6e:	f003 fdeb 	bl	8009648 <simpleserial_addcmd>
    simpleserial_addcmd('T', 3, cmd_read_ct);
 8005a72:	4a1d      	ldr	r2, [pc, #116]	@ (8005ae8 <main+0x138>)
 8005a74:	2103      	movs	r1, #3
 8005a76:	2054      	movs	r0, #84	@ 0x54
 8005a78:	f003 fde6 	bl	8009648 <simpleserial_addcmd>
    simpleserial_addcmd('C', 2 + CT_CHUNK, cmd_load_ct);
 8005a7c:	4a1b      	ldr	r2, [pc, #108]	@ (8005aec <main+0x13c>)
 8005a7e:	2182      	movs	r1, #130	@ 0x82
 8005a80:	2043      	movs	r0, #67	@ 0x43
 8005a82:	f003 fde1 	bl	8009648 <simpleserial_addcmd>
    simpleserial_addcmd('M', 0, cmd_debug_decode_msg);
 8005a86:	4621      	mov	r1, r4
 8005a88:	4a19      	ldr	r2, [pc, #100]	@ (8005af0 <main+0x140>)
    simpleserial_addcmd('Z', 3, cmd_read_indcpa_sk_chunk);
 8005a8a:	4c1a      	ldr	r4, [pc, #104]	@ (8005af4 <main+0x144>)
    simpleserial_addcmd('M', 0, cmd_debug_decode_msg);
 8005a8c:	204d      	movs	r0, #77	@ 0x4d
 8005a8e:	f003 fddb 	bl	8009648 <simpleserial_addcmd>
    simpleserial_addcmd('Z', 3, cmd_read_indcpa_sk_chunk);
 8005a92:	4a19      	ldr	r2, [pc, #100]	@ (8005af8 <main+0x148>)
 8005a94:	2103      	movs	r1, #3
 8005a96:	205a      	movs	r0, #90	@ 0x5a
 8005a98:	f003 fdd6 	bl	8009648 <simpleserial_addcmd>
    while (*s) {
 8005a9c:	2072      	movs	r0, #114	@ 0x72
        putch(*s++);
 8005a9e:	f004 f8a5 	bl	8009bec <putch>
    while (*s) {
 8005aa2:	f814 0f01 	ldrb.w	r0, [r4, #1]!
 8005aa6:	2800      	cmp	r0, #0
 8005aa8:	d1f9      	bne.n	8005a9e <main+0xee>
    uart_puts("rKYBERPROBE_C\n");

    while (1) {
        simpleserial_get();
 8005aaa:	f003 fdeb 	bl	8009684 <simpleserial_get>
 8005aae:	f003 fde9 	bl	8009684 <simpleserial_get>
    while (1) {
 8005ab2:	e7fa      	b.n	8005aaa <main+0xfa>
 8005ab4:	0800c340 	.word	0x0800c340
 8005ab8:	20000d9c 	.word	0x20000d9c
 8005abc:	0800c350 	.word	0x0800c350
 8005ac0:	2000041c 	.word	0x2000041c
 8005ac4:	20000a7c 	.word	0x20000a7c
 8005ac8:	200010bc 	.word	0x200010bc
 8005acc:	20000d7c 	.word	0x20000d7c
 8005ad0:	08005679 	.word	0x08005679
 8005ad4:	08005799 	.word	0x08005799
 8005ad8:	08005851 	.word	0x08005851
 8005adc:	08005771 	.word	0x08005771
 8005ae0:	08005715 	.word	0x08005715
 8005ae4:	080056bd 	.word	0x080056bd
 8005ae8:	08005819 	.word	0x08005819
 8005aec:	08005889 	.word	0x08005889
 8005af0:	08005695 	.word	0x08005695
 8005af4:	0800c360 	.word	0x0800c360
 8005af8:	080057c5 	.word	0x080057c5

08005afc <poly_compress>:
*
* Arguments:   - unsigned char *r: pointer to output byte array (of length KYBER_POLYCOMPRESSEDBYTES)
*              - const poly *a:    pointer to input polynomial to be serialized
*************************************************/
void poly_compress(unsigned char *r, poly *a)
{
 8005afc:	e92d 4ff0 	stmdb	sp!, {r4, r5, r6, r7, r8, r9, sl, fp, lr}
 8005b00:	4680      	mov	r8, r0

#if (KYBER_POLYCOMPRESSEDBYTES == 128)
  for(i=0;i<KYBER_N;i+=8)
  {
    for(j=0;j<8;j++)
      t[j] = ((((uint32_t)a->coeffs[i+j] << 4) + KYBER_Q/2) / KYBER_Q) & 15;
 8005b02:	4844      	ldr	r0, [pc, #272]	@ (8005c14 <poly_compress+0x118>)
 8005b04:	f501 7900 	add.w	r9, r1, #512	@ 0x200
 8005b08:	f9b1 4002 	ldrsh.w	r4, [r1, #2]
 8005b0c:	f9b1 2006 	ldrsh.w	r2, [r1, #6]
 8005b10:	f9b1 300a 	ldrsh.w	r3, [r1, #10]
 8005b14:	f9b1 700e 	ldrsh.w	r7, [r1, #14]
 8005b18:	f9b1 6000 	ldrsh.w	r6, [r1]
 8005b1c:	f9b1 5004 	ldrsh.w	r5, [r1, #4]
 8005b20:	f9b1 e008 	ldrsh.w	lr, [r1, #8]
 8005b24:	0124      	lsls	r4, r4, #4
 8005b26:	f504 64d0 	add.w	r4, r4, #1664	@ 0x680
 8005b2a:	fba0 ca04 	umull	ip, sl, r0, r4
 8005b2e:	0112      	lsls	r2, r2, #4
 8005b30:	eba4 040a 	sub.w	r4, r4, sl
 8005b34:	f502 62d0 	add.w	r2, r2, #1664	@ 0x680
 8005b38:	eb0a 0a54 	add.w	sl, sl, r4, lsr #1
 8005b3c:	011b      	lsls	r3, r3, #4
 8005b3e:	fba0 4c02 	umull	r4, ip, r0, r2
 8005b42:	f503 63d0 	add.w	r3, r3, #1664	@ 0x680
 8005b46:	eba2 020c 	sub.w	r2, r2, ip
 8005b4a:	eb0c 0c52 	add.w	ip, ip, r2, lsr #1
 8005b4e:	013f      	lsls	r7, r7, #4
 8005b50:	fba0 4203 	umull	r4, r2, r0, r3
 8005b54:	f507 67d0 	add.w	r7, r7, #1664	@ 0x680
 8005b58:	1a9b      	subs	r3, r3, r2
 8005b5a:	eb02 0253 	add.w	r2, r2, r3, lsr #1
 8005b5e:	0136      	lsls	r6, r6, #4
 8005b60:	fba0 b307 	umull	fp, r3, r0, r7
 8005b64:	ea4f 2ada 	mov.w	sl, sl, lsr #11
 8005b68:	1aff      	subs	r7, r7, r3
 8005b6a:	f506 66d0 	add.w	r6, r6, #1664	@ 0x680

    r[k]   = t[0] | (t[1] << 4);
 8005b6e:	ea4f 1a0a 	mov.w	sl, sl, lsl #4
 8005b72:	2400      	movs	r4, #0
      t[j] = ((((uint32_t)a->coeffs[i+j] << 4) + KYBER_Q/2) / KYBER_Q) & 15;
 8005b74:	eb03 0357 	add.w	r3, r3, r7, lsr #1
    r[k]   = t[0] | (t[1] << 4);
 8005b78:	f36a 0407 	bfi	r4, sl, #0, #8
      t[j] = ((((uint32_t)a->coeffs[i+j] << 4) + KYBER_Q/2) / KYBER_Q) & 15;
 8005b7c:	012d      	lsls	r5, r5, #4
 8005b7e:	fba0 7a06 	umull	r7, sl, r0, r6
 8005b82:	f505 65d0 	add.w	r5, r5, #1664	@ 0x680
 8005b86:	eba6 060a 	sub.w	r6, r6, sl
 8005b8a:	eb0a 0a56 	add.w	sl, sl, r6, lsr #1
 8005b8e:	ea4f 1e0e 	mov.w	lr, lr, lsl #4
 8005b92:	fba0 6705 	umull	r6, r7, r0, r5
 8005b96:	1bee      	subs	r6, r5, r7
 8005b98:	f50e 6ed0 	add.w	lr, lr, #1664	@ 0x680
 8005b9c:	eb07 0756 	add.w	r7, r7, r6, lsr #1
 8005ba0:	fba0 b60e 	umull	fp, r6, r0, lr
 8005ba4:	ebae 0e06 	sub.w	lr, lr, r6
 8005ba8:	eb06 065e 	add.w	r6, r6, lr, lsr #1
 8005bac:	f9b1 e00c 	ldrsh.w	lr, [r1, #12]
 8005bb0:	ea4f 1e0e 	mov.w	lr, lr, lsl #4
 8005bb4:	ea4f 2ada 	mov.w	sl, sl, lsr #11
 8005bb8:	f50e 6ed0 	add.w	lr, lr, #1664	@ 0x680
 8005bbc:	2500      	movs	r5, #0
 8005bbe:	f36a 0507 	bfi	r5, sl, #0, #8
 8005bc2:	fba0 ba0e 	umull	fp, sl, r0, lr
 8005bc6:	ea4f 2cdc 	mov.w	ip, ip, lsr #11
 8005bca:	0aff      	lsrs	r7, r7, #11
 8005bcc:	ebae 0e0a 	sub.w	lr, lr, sl
 8005bd0:	eb0a 0e5e 	add.w	lr, sl, lr, lsr #1
    r[k]   = t[0] | (t[1] << 4);
 8005bd4:	ea4f 1c0c 	mov.w	ip, ip, lsl #4
      t[j] = ((((uint32_t)a->coeffs[i+j] << 4) + KYBER_Q/2) / KYBER_Q) & 15;
 8005bd8:	0ad2      	lsrs	r2, r2, #11
 8005bda:	f367 250f 	bfi	r5, r7, #8, #8
 8005bde:	0af6      	lsrs	r6, r6, #11
    r[k]   = t[0] | (t[1] << 4);
 8005be0:	f36c 240f 	bfi	r4, ip, #8, #8
 8005be4:	0112      	lsls	r2, r2, #4
      t[j] = ((((uint32_t)a->coeffs[i+j] << 4) + KYBER_Q/2) / KYBER_Q) & 15;
 8005be6:	0adb      	lsrs	r3, r3, #11
 8005be8:	f366 4517 	bfi	r5, r6, #16, #8
 8005bec:	ea4f 2ede 	mov.w	lr, lr, lsr #11
    r[k]   = t[0] | (t[1] << 4);
 8005bf0:	f362 4417 	bfi	r4, r2, #16, #8
 8005bf4:	011b      	lsls	r3, r3, #4
      t[j] = ((((uint32_t)a->coeffs[i+j] << 4) + KYBER_Q/2) / KYBER_Q) & 15;
 8005bf6:	f36e 651f 	bfi	r5, lr, #24, #8
    r[k]   = t[0] | (t[1] << 4);
 8005bfa:	f363 641f 	bfi	r4, r3, #24, #8
      t[j] = ((((uint32_t)a->coeffs[i+j] << 4) + KYBER_Q/2) / KYBER_Q) & 15;
 8005bfe:	f005 350f 	and.w	r5, r5, #252645135	@ 0xf0f0f0f
  for(i=0;i<KYBER_N;i+=8)
 8005c02:	3110      	adds	r1, #16
    r[k]   = t[0] | (t[1] << 4);
 8005c04:	432c      	orrs	r4, r5
  for(i=0;i<KYBER_N;i+=8)
 8005c06:	4589      	cmp	r9, r1
    r[k]   = t[0] | (t[1] << 4);
 8005c08:	f848 4b04 	str.w	r4, [r8], #4
  for(i=0;i<KYBER_N;i+=8)
 8005c0c:	f47f af7c 	bne.w	8005b08 <poly_compress+0xc>
    k += 5;
  }
#else
#error "KYBER_POLYCOMPRESSEDBYTES needs to be in {96, 128, 160}"
#endif
}
 8005c10:	e8bd 8ff0 	ldmia.w	sp!, {r4, r5, r6, r7, r8, r9, sl, fp, pc}
 8005c14:	3afb7681 	.word	0x3afb7681

08005c18 <poly_decompress>:
**************************************************/
void poly_decompress(poly *r, const unsigned char *a)
{
  int i;
#if (KYBER_POLYCOMPRESSEDBYTES == 128)
  for(i=0;i<KYBER_N;i+=8)
 8005c18:	1d0b      	adds	r3, r1, #4
 8005c1a:	f101 0c84 	add.w	ip, r1, #132	@ 0x84
  {
    r->coeffs[i+0] = (((a[0] & 15) * KYBER_Q) + 8) >> 4;
 8005c1e:	f640 5101 	movw	r1, #3329	@ 0xd01
 8005c22:	f813 2c04 	ldrb.w	r2, [r3, #-4]
 8005c26:	f002 020f 	and.w	r2, r2, #15
 8005c2a:	fb01 f202 	mul.w	r2, r1, r2
 8005c2e:	3208      	adds	r2, #8
  for(i=0;i<KYBER_N;i+=8)
 8005c30:	3304      	adds	r3, #4
    r->coeffs[i+0] = (((a[0] & 15) * KYBER_Q) + 8) >> 4;
 8005c32:	1112      	asrs	r2, r2, #4
 8005c34:	8002      	strh	r2, [r0, #0]
    r->coeffs[i+1] = (((a[0] >> 4) * KYBER_Q) + 8) >> 4;
 8005c36:	f813 2c08 	ldrb.w	r2, [r3, #-8]
 8005c3a:	0912      	lsrs	r2, r2, #4
 8005c3c:	fb01 f202 	mul.w	r2, r1, r2
  for(i=0;i<KYBER_N;i+=8)
 8005c40:	3010      	adds	r0, #16
    r->coeffs[i+1] = (((a[0] >> 4) * KYBER_Q) + 8) >> 4;
 8005c42:	3208      	adds	r2, #8
 8005c44:	1112      	asrs	r2, r2, #4
 8005c46:	f820 2c0e 	strh.w	r2, [r0, #-14]
    r->coeffs[i+2] = (((a[1] & 15) * KYBER_Q) + 8) >> 4;
 8005c4a:	f813 2c07 	ldrb.w	r2, [r3, #-7]
 8005c4e:	f002 020f 	and.w	r2, r2, #15
 8005c52:	fb01 f202 	mul.w	r2, r1, r2
 8005c56:	3208      	adds	r2, #8
 8005c58:	1112      	asrs	r2, r2, #4
 8005c5a:	f820 2c0c 	strh.w	r2, [r0, #-12]
    r->coeffs[i+3] = (((a[1] >> 4) * KYBER_Q) + 8) >> 4;
 8005c5e:	f813 2c07 	ldrb.w	r2, [r3, #-7]
 8005c62:	0912      	lsrs	r2, r2, #4
 8005c64:	fb01 f202 	mul.w	r2, r1, r2
 8005c68:	3208      	adds	r2, #8
 8005c6a:	1112      	asrs	r2, r2, #4
 8005c6c:	f820 2c0a 	strh.w	r2, [r0, #-10]
    r->coeffs[i+4] = (((a[2] & 15) * KYBER_Q) + 8) >> 4;
 8005c70:	f813 2c06 	ldrb.w	r2, [r3, #-6]
 8005c74:	f002 020f 	and.w	r2, r2, #15
 8005c78:	fb01 f202 	mul.w	r2, r1, r2
 8005c7c:	3208      	adds	r2, #8
 8005c7e:	1112      	asrs	r2, r2, #4
 8005c80:	f820 2c08 	strh.w	r2, [r0, #-8]
    r->coeffs[i+5] = (((a[2] >> 4) * KYBER_Q) + 8) >> 4;
 8005c84:	f813 2c06 	ldrb.w	r2, [r3, #-6]
 8005c88:	0912      	lsrs	r2, r2, #4
 8005c8a:	fb01 f202 	mul.w	r2, r1, r2
 8005c8e:	3208      	adds	r2, #8
 8005c90:	1112      	asrs	r2, r2, #4
 8005c92:	f820 2c06 	strh.w	r2, [r0, #-6]
    r->coeffs[i+6] = (((a[3] & 15) * KYBER_Q) + 8) >> 4;
 8005c96:	f813 2c05 	ldrb.w	r2, [r3, #-5]
 8005c9a:	f002 020f 	and.w	r2, r2, #15
 8005c9e:	fb01 f202 	mul.w	r2, r1, r2
 8005ca2:	3208      	adds	r2, #8
 8005ca4:	1112      	asrs	r2, r2, #4
 8005ca6:	f820 2c04 	strh.w	r2, [r0, #-4]
    r->coeffs[i+7] = (((a[3] >> 4) * KYBER_Q) + 8) >> 4;
 8005caa:	f813 2c05 	ldrb.w	r2, [r3, #-5]
 8005cae:	0912      	lsrs	r2, r2, #4
 8005cb0:	fb01 f202 	mul.w	r2, r1, r2
 8005cb4:	3208      	adds	r2, #8
 8005cb6:	1112      	asrs	r2, r2, #4
  for(i=0;i<KYBER_N;i+=8)
 8005cb8:	4563      	cmp	r3, ip
    r->coeffs[i+7] = (((a[3] >> 4) * KYBER_Q) + 8) >> 4;
 8005cba:	f820 2c02 	strh.w	r2, [r0, #-2]
  for(i=0;i<KYBER_N;i+=8)
 8005cbe:	d1b0      	bne.n	8005c22 <poly_decompress+0xa>
    a += 5;
  }
#else
#error "KYBER_POLYCOMPRESSEDBYTES needs to be in {96, 128, 160}"
#endif
}
 8005cc0:	4770      	bx	lr
 8005cc2:	bf00      	nop

08005cc4 <poly_packcompress>:
*
* Arguments:   - unsigned char *r:  pointer to output byte string representation of a polyvec (of length KYBER_POLYVECCOMPRESSEDBYTES)
*              - const poly *a:     pointer to input polynomial
*              - int i:             index of to be serialized polynomial in serialized polyec
**************************************************/
void poly_packcompress(unsigned char *r, poly *a, int i) {
 8005cc4:	e92d 43f0 	stmdb	sp!, {r4, r5, r6, r7, r8, r9, lr}

    for (j = 0; j < KYBER_N / 4; j++) {
        for (k = 0; k < 4; k++)
            t[k] = ((((uint32_t)a->coeffs[4 * j + k] << 10) + KYBER_Q / 2) / KYBER_Q) & 0x3ff;

        r[320*i+5*j+0] =   t[0] & 0xff;
 8005cc8:	eb02 0282 	add.w	r2, r2, r2, lsl #2
 8005ccc:	f500 75a0 	add.w	r5, r0, #320	@ 0x140
            t[k] = ((((uint32_t)a->coeffs[4 * j + k] << 10) + KYBER_Q / 2) / KYBER_Q) & 0x3ff;
 8005cd0:	4c2c      	ldr	r4, [pc, #176]	@ (8005d84 <poly_packcompress+0xc0>)
 8005cd2:	eb00 1e82 	add.w	lr, r0, r2, lsl #6
 8005cd6:	eb05 1582 	add.w	r5, r5, r2, lsl #6
 8005cda:	f9b1 0002 	ldrsh.w	r0, [r1, #2]
 8005cde:	f9b1 2000 	ldrsh.w	r2, [r1]
 8005ce2:	f9b1 3004 	ldrsh.w	r3, [r1, #4]
 8005ce6:	f9b1 c006 	ldrsh.w	ip, [r1, #6]
 8005cea:	0280      	lsls	r0, r0, #10
 8005cec:	0292      	lsls	r2, r2, #10
 8005cee:	029b      	lsls	r3, r3, #10
 8005cf0:	f502 62d0 	add.w	r2, r2, #1664	@ 0x680
 8005cf4:	f500 60d0 	add.w	r0, r0, #1664	@ 0x680
 8005cf8:	f503 63d0 	add.w	r3, r3, #1664	@ 0x680
 8005cfc:	fba4 7600 	umull	r7, r6, r4, r0
 8005d00:	fba4 7803 	umull	r7, r8, r4, r3
 8005d04:	fba4 7902 	umull	r7, r9, r4, r2
 8005d08:	ea4f 2c8c 	mov.w	ip, ip, lsl #10
 8005d0c:	eba2 0709 	sub.w	r7, r2, r9
 8005d10:	f50c 6cd0 	add.w	ip, ip, #1664	@ 0x680
 8005d14:	1b80      	subs	r0, r0, r6
 8005d16:	eba3 0308 	sub.w	r3, r3, r8
 8005d1a:	eb09 0257 	add.w	r2, r9, r7, lsr #1
 8005d1e:	eb06 0650 	add.w	r6, r6, r0, lsr #1
 8005d22:	eb08 0053 	add.w	r0, r8, r3, lsr #1
 8005d26:	fba4 730c 	umull	r7, r3, r4, ip
 8005d2a:	f3c6 26c9 	ubfx	r6, r6, #11, #10
 8005d2e:	ebac 0c03 	sub.w	ip, ip, r3
 8005d32:	f3c2 22c9 	ubfx	r2, r2, #11, #10
 8005d36:	f3c0 20c9 	ubfx	r0, r0, #11, #10
 8005d3a:	eb03 035c 	add.w	r3, r3, ip, lsr #1
        r[320*i+5*j+0] =   t[0] & 0xff;
 8005d3e:	2700      	movs	r7, #0
        r[320*i+5*j+1] =  (t[0] >>  8) | ((t[1] & 0x3f) << 2);
 8005d40:	ea4f 0c86 	mov.w	ip, r6, lsl #2
            t[k] = ((((uint32_t)a->coeffs[4 * j + k] << 10) + KYBER_Q / 2) / KYBER_Q) & 0x3ff;
 8005d44:	f3c3 23c9 	ubfx	r3, r3, #11, #10
        r[320*i+5*j+0] =   t[0] & 0xff;
 8005d48:	f362 0707 	bfi	r7, r2, #0, #8
        r[320*i+5*j+1] =  (t[0] >>  8) | ((t[1] & 0x3f) << 2);
 8005d4c:	ea4c 2c12 	orr.w	ip, ip, r2, lsr #8
        r[320*i+5*j+2] = ((t[1] >>  6) | ((t[2] & 0x0f) << 4)) & 0xff;
 8005d50:	0102      	lsls	r2, r0, #4
 8005d52:	ea42 1696 	orr.w	r6, r2, r6, lsr #6
        r[320*i+5*j+0] =   t[0] & 0xff;
 8005d56:	f36c 270f 	bfi	r7, ip, #8, #8
        r[320*i+5*j+3] = ((t[2] >>  4) | ((t[3] & 0x03) << 6)) & 0xff;
 8005d5a:	019a      	lsls	r2, r3, #6
        r[320*i+5*j+0] =   t[0] & 0xff;
 8005d5c:	f366 4717 	bfi	r7, r6, #16, #8
        r[320*i+5*j+3] = ((t[2] >>  4) | ((t[3] & 0x03) << 6)) & 0xff;
 8005d60:	ea42 1210 	orr.w	r2, r2, r0, lsr #4
        r[320*i+5*j+0] =   t[0] & 0xff;
 8005d64:	f362 671f 	bfi	r7, r2, #24, #8
        r[320*i+5*j+4] =  (t[3] >>  2) & 0xff;
 8005d68:	089b      	lsrs	r3, r3, #2
        r[320*i+5*j+0] =   t[0] & 0xff;
 8005d6a:	f8ce 7000 	str.w	r7, [lr]
        r[320*i+5*j+4] =  (t[3] >>  2) & 0xff;
 8005d6e:	f88e 3004 	strb.w	r3, [lr, #4]
    for (j = 0; j < KYBER_N / 4; j++) {
 8005d72:	f10e 0e05 	add.w	lr, lr, #5
 8005d76:	4575      	cmp	r5, lr
 8005d78:	f101 0108 	add.w	r1, r1, #8
 8005d7c:	d1ad      	bne.n	8005cda <poly_packcompress+0x16>
    }
#else
#error "KYBER_POLYVECCOMPRESSEDBYTES needs to in (KYBER_K * {352, 320})"
#endif
}
 8005d7e:	e8bd 83f0 	ldmia.w	sp!, {r4, r5, r6, r7, r8, r9, pc}
 8005d82:	bf00      	nop
 8005d84:	3afb7681 	.word	0x3afb7681

08005d88 <poly_unpackdecompress>:
*
* Arguments:   - const poly *r:     pointer to output polynomial
*              - unsigned char *a:  pointer to input byte string representation of a polyvec (of length KYBER_POLYVECCOMPRESSEDBYTES)
*              - int i:             index of poly in polyvec to decompress
**************************************************/
void poly_unpackdecompress(poly *r, const unsigned char *a, int i) {
 8005d88:	b500      	push	{lr}
      r->coeffs[8*j+7] = ((((a[352*i+11*j+ 9] >> 5) | (((uint32_t)a[352*i+11*j+10] & 0xff) << 3)) * KYBER_Q) + 1024) >> 11;
    }
#elif (KYBER_POLYVECCOMPRESSEDBYTES == (KYBER_K * 320))
    for(j=0;j<KYBER_N/4;j++)
    {
      r->coeffs[4*j+0] =  (((a[320*i+5*j+ 0]       | (((uint32_t)a[320*i+5*j+ 1] & 0x03) << 8)) * KYBER_Q) + 512) >> 10;
 8005d8a:	eb02 0282 	add.w	r2, r2, r2, lsl #2
 8005d8e:	f501 7ca0 	add.w	ip, r1, #320	@ 0x140
 8005d92:	eb0c 1c82 	add.w	ip, ip, r2, lsl #6
 8005d96:	eb01 1182 	add.w	r1, r1, r2, lsl #6
 8005d9a:	f640 5201 	movw	r2, #3329	@ 0xd01
 8005d9e:	784b      	ldrb	r3, [r1, #1]
 8005da0:	f891 e000 	ldrb.w	lr, [r1]
 8005da4:	021b      	lsls	r3, r3, #8
 8005da6:	f403 7340 	and.w	r3, r3, #768	@ 0x300
 8005daa:	ea43 030e 	orr.w	r3, r3, lr
 8005dae:	fb02 f303 	mul.w	r3, r2, r3
 8005db2:	f503 7300 	add.w	r3, r3, #512	@ 0x200
 8005db6:	0a9b      	lsrs	r3, r3, #10
 8005db8:	8003      	strh	r3, [r0, #0]
      r->coeffs[4*j+1] = ((((a[320*i+5*j+ 1] >> 2) | (((uint32_t)a[320*i+5*j+ 2] & 0x0f) << 6)) * KYBER_Q) + 512) >> 10;
 8005dba:	788b      	ldrb	r3, [r1, #2]
 8005dbc:	f891 e001 	ldrb.w	lr, [r1, #1]
 8005dc0:	019b      	lsls	r3, r3, #6
 8005dc2:	f403 7370 	and.w	r3, r3, #960	@ 0x3c0
 8005dc6:	ea43 039e 	orr.w	r3, r3, lr, lsr #2
 8005dca:	fb02 f303 	mul.w	r3, r2, r3
 8005dce:	f503 7300 	add.w	r3, r3, #512	@ 0x200
 8005dd2:	0a9b      	lsrs	r3, r3, #10
 8005dd4:	8043      	strh	r3, [r0, #2]
      r->coeffs[4*j+2] = ((((a[320*i+5*j+ 2] >> 4) | (((uint32_t)a[320*i+5*j+ 3] & 0x3f) << 4)) * KYBER_Q) + 512) >> 10;
 8005dd6:	78cb      	ldrb	r3, [r1, #3]
 8005dd8:	f891 e002 	ldrb.w	lr, [r1, #2]
 8005ddc:	011b      	lsls	r3, r3, #4
 8005dde:	f403 737c 	and.w	r3, r3, #1008	@ 0x3f0
 8005de2:	ea43 131e 	orr.w	r3, r3, lr, lsr #4
 8005de6:	fb02 f303 	mul.w	r3, r2, r3
 8005dea:	f503 7300 	add.w	r3, r3, #512	@ 0x200
 8005dee:	0a9b      	lsrs	r3, r3, #10
 8005df0:	8083      	strh	r3, [r0, #4]
      r->coeffs[4*j+3] = ((((a[320*i+5*j+ 3] >> 6) | (((uint32_t)a[320*i+5*j+ 4] & 0xff) << 2)) * KYBER_Q) + 512) >> 10;
 8005df2:	790b      	ldrb	r3, [r1, #4]
 8005df4:	f891 e003 	ldrb.w	lr, [r1, #3]
 8005df8:	009b      	lsls	r3, r3, #2
 8005dfa:	ea43 139e 	orr.w	r3, r3, lr, lsr #6
 8005dfe:	fb02 f303 	mul.w	r3, r2, r3
 8005e02:	f503 7300 	add.w	r3, r3, #512	@ 0x200
    for(j=0;j<KYBER_N/4;j++)
 8005e06:	3105      	adds	r1, #5
      r->coeffs[4*j+3] = ((((a[320*i+5*j+ 3] >> 6) | (((uint32_t)a[320*i+5*j+ 4] & 0xff) << 2)) * KYBER_Q) + 512) >> 10;
 8005e08:	0a9b      	lsrs	r3, r3, #10
    for(j=0;j<KYBER_N/4;j++)
 8005e0a:	458c      	cmp	ip, r1
      r->coeffs[4*j+3] = ((((a[320*i+5*j+ 3] >> 6) | (((uint32_t)a[320*i+5*j+ 4] & 0xff) << 2)) * KYBER_Q) + 512) >> 10;
 8005e0c:	80c3      	strh	r3, [r0, #6]
    for(j=0;j<KYBER_N/4;j++)
 8005e0e:	f100 0008 	add.w	r0, r0, #8
 8005e12:	d1c4      	bne.n	8005d9e <poly_unpackdecompress+0x16>
    }
#else
#error "KYBER_POLYVECCOMPRESSEDBYTES needs to be in {320*KYBER_K, 352*KYBER_K}"
#endif
}
 8005e14:	f85d fb04 	ldr.w	pc, [sp], #4

08005e18 <cmp_poly_compress>:
*
* Arguments:   - const unsigned char *r:    pointer to serialized polynomial to compare with
*              - poly *a:                   pointer to input polynomial to serialize and compare
* Returns:                                  boolean indicating whether the polynomials are equal
**************************************************/
int cmp_poly_compress(const unsigned char *r, poly *a) {
 8005e18:	e92d 47f0 	stmdb	sp!, {r4, r5, r6, r7, r8, r9, sl, lr}
    int i, j, k = 0;

#if (KYBER_POLYCOMPRESSEDBYTES == 128)
    for (i = 0; i < KYBER_N; i += 8) {
        for (j = 0; j < 8; j++)
            t[j] = ((((uint32_t)a->coeffs[i + j] << 4) + KYBER_Q / 2) / KYBER_Q) & 15;
 8005e1c:	f8df e11c 	ldr.w	lr, [pc, #284]	@ 8005f3c <cmp_poly_compress+0x124>
 8005e20:	f501 7400 	add.w	r4, r1, #512	@ 0x200
    unsigned char rc = 0;
 8005e24:	2500      	movs	r5, #0
            t[j] = ((((uint32_t)a->coeffs[i + j] << 4) + KYBER_Q / 2) / KYBER_Q) & 15;
 8005e26:	f9b1 8004 	ldrsh.w	r8, [r1, #4]
 8005e2a:	f9b1 7006 	ldrsh.w	r7, [r1, #6]
 8005e2e:	f9b1 6008 	ldrsh.w	r6, [r1, #8]
 8005e32:	f9b1 c00a 	ldrsh.w	ip, [r1, #10]
 8005e36:	f9b1 200c 	ldrsh.w	r2, [r1, #12]
 8005e3a:	f9b1 300e 	ldrsh.w	r3, [r1, #14]
 8005e3e:	ea4f 1808 	mov.w	r8, r8, lsl #4
 8005e42:	f508 68d0 	add.w	r8, r8, #1664	@ 0x680
 8005e46:	fbae a908 	umull	sl, r9, lr, r8
 8005e4a:	013f      	lsls	r7, r7, #4
 8005e4c:	f507 67d0 	add.w	r7, r7, #1664	@ 0x680
 8005e50:	eba8 0809 	sub.w	r8, r8, r9
 8005e54:	eb09 0958 	add.w	r9, r9, r8, lsr #1
 8005e58:	0136      	lsls	r6, r6, #4
 8005e5a:	fbae a807 	umull	sl, r8, lr, r7
 8005e5e:	f506 66d0 	add.w	r6, r6, #1664	@ 0x680
 8005e62:	eba7 0708 	sub.w	r7, r7, r8
 8005e66:	eb08 0857 	add.w	r8, r8, r7, lsr #1
 8005e6a:	ea4f 1c0c 	mov.w	ip, ip, lsl #4
 8005e6e:	fbae a706 	umull	sl, r7, lr, r6
 8005e72:	f50c 6cd0 	add.w	ip, ip, #1664	@ 0x680
 8005e76:	1bf6      	subs	r6, r6, r7
 8005e78:	eb07 0756 	add.w	r7, r7, r6, lsr #1
 8005e7c:	0112      	lsls	r2, r2, #4
 8005e7e:	fbae a60c 	umull	sl, r6, lr, ip
 8005e82:	f502 62d0 	add.w	r2, r2, #1664	@ 0x680
 8005e86:	ebac 0c06 	sub.w	ip, ip, r6
 8005e8a:	eb06 0c5c 	add.w	ip, r6, ip, lsr #1
 8005e8e:	ea4f 28d8 	mov.w	r8, r8, lsr #11
 8005e92:	fbae a602 	umull	sl, r6, lr, r2
 8005e96:	f3c9 29c3 	ubfx	r9, r9, #11, #4

        rc |= r[k]      ^ (t[0] | (t[1] << 4));
        rc |= r[k + 1]  ^ (t[2] | (t[3] << 4));
 8005e9a:	f890 a001 	ldrb.w	sl, [r0, #1]
            t[j] = ((((uint32_t)a->coeffs[i + j] << 4) + KYBER_Q / 2) / KYBER_Q) & 15;
 8005e9e:	1b92      	subs	r2, r2, r6
 8005ea0:	f3c7 27c3 	ubfx	r7, r7, #11, #4
 8005ea4:	ea4f 2cdc 	mov.w	ip, ip, lsr #11
        rc |= r[k + 1]  ^ (t[2] | (t[3] << 4));
 8005ea8:	ea49 1908 	orr.w	r9, r9, r8, lsl #4
            t[j] = ((((uint32_t)a->coeffs[i + j] << 4) + KYBER_Q / 2) / KYBER_Q) & 15;
 8005eac:	eb06 0652 	add.w	r6, r6, r2, lsr #1
        rc |= r[k + 1]  ^ (t[2] | (t[3] << 4));
 8005eb0:	ea89 090a 	eor.w	r9, r9, sl
        rc |= r[k + 2]  ^ (t[4] | (t[5] << 4));
 8005eb4:	ea47 120c 	orr.w	r2, r7, ip, lsl #4
            t[j] = ((((uint32_t)a->coeffs[i + j] << 4) + KYBER_Q / 2) / KYBER_Q) & 15;
 8005eb8:	f9b1 a002 	ldrsh.w	sl, [r1, #2]
        rc |= r[k + 2]  ^ (t[4] | (t[5] << 4));
 8005ebc:	7887      	ldrb	r7, [r0, #2]
            t[j] = ((((uint32_t)a->coeffs[i + j] << 4) + KYBER_Q / 2) / KYBER_Q) & 15;
 8005ebe:	f931 cb10 	ldrsh.w	ip, [r1], #16
 8005ec2:	011b      	lsls	r3, r3, #4
 8005ec4:	f503 63d0 	add.w	r3, r3, #1664	@ 0x680
        rc |= r[k + 2]  ^ (t[4] | (t[5] << 4));
 8005ec8:	4057      	eors	r7, r2
            t[j] = ((((uint32_t)a->coeffs[i + j] << 4) + KYBER_Q / 2) / KYBER_Q) & 15;
 8005eca:	ea4f 1a0a 	mov.w	sl, sl, lsl #4
 8005ece:	fbae 2803 	umull	r2, r8, lr, r3
 8005ed2:	f50a 6ad0 	add.w	sl, sl, #1664	@ 0x680
 8005ed6:	eba3 0208 	sub.w	r2, r3, r8
 8005eda:	eb08 0852 	add.w	r8, r8, r2, lsr #1
 8005ede:	fbae 320a 	umull	r3, r2, lr, sl
 8005ee2:	ebaa 0302 	sub.w	r3, sl, r2
 8005ee6:	ea4f 1c0c 	mov.w	ip, ip, lsl #4
 8005eea:	eb02 0253 	add.w	r2, r2, r3, lsr #1
 8005eee:	f50c 6cd0 	add.w	ip, ip, #1664	@ 0x680
 8005ef2:	ea4f 28d8 	mov.w	r8, r8, lsr #11
 8005ef6:	f3c6 26c3 	ubfx	r6, r6, #11, #4
        rc |= r[k + 3]  ^ (t[6] | (t[7] << 4));
 8005efa:	ea46 1608 	orr.w	r6, r6, r8, lsl #4
            t[j] = ((((uint32_t)a->coeffs[i + j] << 4) + KYBER_Q / 2) / KYBER_Q) & 15;
 8005efe:	ea4f 28d2 	mov.w	r8, r2, lsr #11
        rc |= r[k + 3]  ^ (t[6] | (t[7] << 4));
 8005f02:	ea49 0207 	orr.w	r2, r9, r7
            t[j] = ((((uint32_t)a->coeffs[i + j] << 4) + KYBER_Q / 2) / KYBER_Q) & 15;
 8005f06:	fbae 730c 	umull	r7, r3, lr, ip
 8005f0a:	ebac 0c03 	sub.w	ip, ip, r3
        rc |= r[k + 3]  ^ (t[6] | (t[7] << 4));
 8005f0e:	f890 a003 	ldrb.w	sl, [r0, #3]
 8005f12:	f810 7b04 	ldrb.w	r7, [r0], #4
            t[j] = ((((uint32_t)a->coeffs[i + j] << 4) + KYBER_Q / 2) / KYBER_Q) & 15;
 8005f16:	eb03 035c 	add.w	r3, r3, ip, lsr #1
 8005f1a:	f3c3 23c3 	ubfx	r3, r3, #11, #4
        rc |= r[k + 3]  ^ (t[6] | (t[7] << 4));
 8005f1e:	ea86 060a 	eor.w	r6, r6, sl
 8005f22:	ea43 1308 	orr.w	r3, r3, r8, lsl #4
 8005f26:	4332      	orrs	r2, r6
 8005f28:	407b      	eors	r3, r7
 8005f2a:	4313      	orrs	r3, r2
 8005f2c:	432b      	orrs	r3, r5
    for (i = 0; i < KYBER_N; i += 8) {
 8005f2e:	42a1      	cmp	r1, r4
        rc |= r[k + 3]  ^ (t[6] | (t[7] << 4));
 8005f30:	b2dd      	uxtb	r5, r3
    for (i = 0; i < KYBER_N; i += 8) {
 8005f32:	f47f af78 	bne.w	8005e26 <cmp_poly_compress+0xe>
    }
#else
#error "KYBER_POLYCOMPRESSEDBYTES needs to be in {96, 128, 160}"
#endif
    return rc;
}
 8005f36:	4628      	mov	r0, r5
 8005f38:	e8bd 87f0 	ldmia.w	sp!, {r4, r5, r6, r7, r8, r9, sl, pc}
 8005f3c:	3afb7681 	.word	0x3afb7681

08005f40 <cmp_poly_packcompress>:
    uint16_t t[4];
        for (j = 0; j < KYBER_N / 4; j++) {
            for (k = 0; k < 4; k++)
                t[k] = ((((uint32_t)a->coeffs[4 * j + k] << 10) + KYBER_Q / 2) / KYBER_Q) & 0x3ff;

            rc |= r[320*i+5*j+0] ^ (t[0] & 0xff);
 8005f40:	eb02 0282 	add.w	r2, r2, r2, lsl #2
int cmp_poly_packcompress(const unsigned char *r, poly *a, int i) {
 8005f44:	e92d 4ff0 	stmdb	sp!, {r4, r5, r6, r7, r8, r9, sl, fp, lr}
 8005f48:	f500 74a0 	add.w	r4, r0, #320	@ 0x140
 8005f4c:	eb00 1e82 	add.w	lr, r0, r2, lsl #6
                t[k] = ((((uint32_t)a->coeffs[4 * j + k] << 10) + KYBER_Q / 2) / KYBER_Q) & 0x3ff;
 8005f50:	4834      	ldr	r0, [pc, #208]	@ (8006024 <cmp_poly_packcompress+0xe4>)
 8005f52:	eb04 1482 	add.w	r4, r4, r2, lsl #6
    unsigned char rc = 0;
 8005f56:	2500      	movs	r5, #0
                t[k] = ((((uint32_t)a->coeffs[4 * j + k] << 10) + KYBER_Q / 2) / KYBER_Q) & 0x3ff;
 8005f58:	f9b1 c002 	ldrsh.w	ip, [r1, #2]
 8005f5c:	f9b1 2004 	ldrsh.w	r2, [r1, #4]
 8005f60:	f9b1 a000 	ldrsh.w	sl, [r1]
            rc |= r[320*i+5*j+1] ^ ((t[0] >>  8) | ((t[1] & 0x3f) << 2));
 8005f64:	f89e b001 	ldrb.w	fp, [lr, #1]
                t[k] = ((((uint32_t)a->coeffs[4 * j + k] << 10) + KYBER_Q / 2) / KYBER_Q) & 0x3ff;
 8005f68:	ea4f 2c8c 	mov.w	ip, ip, lsl #10
 8005f6c:	f50c 6cd0 	add.w	ip, ip, #1664	@ 0x680
 8005f70:	fba0 370c 	umull	r3, r7, r0, ip
 8005f74:	0292      	lsls	r2, r2, #10
 8005f76:	f9b1 3006 	ldrsh.w	r3, [r1, #6]
 8005f7a:	f502 62d0 	add.w	r2, r2, #1664	@ 0x680
 8005f7e:	fba0 8602 	umull	r8, r6, r0, r2
 8005f82:	ea4f 2a8a 	mov.w	sl, sl, lsl #10
 8005f86:	029b      	lsls	r3, r3, #10
 8005f88:	f50a 6ad0 	add.w	sl, sl, #1664	@ 0x680
 8005f8c:	ebac 0c07 	sub.w	ip, ip, r7
 8005f90:	f503 63d0 	add.w	r3, r3, #1664	@ 0x680
 8005f94:	1b92      	subs	r2, r2, r6
 8005f96:	fba0 980a 	umull	r9, r8, r0, sl
 8005f9a:	eb07 075c 	add.w	r7, r7, ip, lsr #1
 8005f9e:	eb06 0652 	add.w	r6, r6, r2, lsr #1
 8005fa2:	fba0 c903 	umull	ip, r9, r0, r3
 8005fa6:	eba3 0309 	sub.w	r3, r3, r9
 8005faa:	ebaa 0c08 	sub.w	ip, sl, r8
 8005fae:	f3c6 26c9 	ubfx	r6, r6, #11, #10
 8005fb2:	f3c7 27c9 	ubfx	r7, r7, #11, #10
 8005fb6:	eb08 0c5c 	add.w	ip, r8, ip, lsr #1
            rc |= r[320*i+5*j+2] ^ (((t[1] >>  6) | ((t[2] & 0x0f) << 4)) & 0xff);
 8005fba:	ea4f 1a06 	mov.w	sl, r6, lsl #4
                t[k] = ((((uint32_t)a->coeffs[4 * j + k] << 10) + KYBER_Q / 2) / KYBER_Q) & 0x3ff;
 8005fbe:	eb09 0853 	add.w	r8, r9, r3, lsr #1
            rc |= r[320*i+5*j+2] ^ (((t[1] >>  6) | ((t[2] & 0x0f) << 4)) & 0xff);
 8005fc2:	f89e 9002 	ldrb.w	r9, [lr, #2]
                t[k] = ((((uint32_t)a->coeffs[4 * j + k] << 10) + KYBER_Q / 2) / KYBER_Q) & 0x3ff;
 8005fc6:	f3cc 2cc9 	ubfx	ip, ip, #11, #10
            rc |= r[320*i+5*j+1] ^ ((t[0] >>  8) | ((t[1] & 0x3f) << 2));
 8005fca:	00bb      	lsls	r3, r7, #2
            rc |= r[320*i+5*j+2] ^ (((t[1] >>  6) | ((t[2] & 0x0f) << 4)) & 0xff);
 8005fcc:	ea4a 1a97 	orr.w	sl, sl, r7, lsr #6
                t[k] = ((((uint32_t)a->coeffs[4 * j + k] << 10) + KYBER_Q / 2) / KYBER_Q) & 0x3ff;
 8005fd0:	f3c8 22c9 	ubfx	r2, r8, #11, #10
            rc |= r[320*i+5*j+2] ^ (((t[1] >>  6) | ((t[2] & 0x0f) << 4)) & 0xff);
 8005fd4:	ea8a 0a09 	eor.w	sl, sl, r9
            rc |= r[320*i+5*j+1] ^ ((t[0] >>  8) | ((t[1] & 0x3f) << 2));
 8005fd8:	ea43 231c 	orr.w	r3, r3, ip, lsr #8
            rc |= r[320*i+5*j+3] ^ (((t[2] >>  4) | ((t[3] & 0x03) << 6)) & 0xff);
            rc |= r[320*i+5*j+4] ^ ((t[3] >>  2) & 0xff);
 8005fdc:	f89e 9004 	ldrb.w	r9, [lr, #4]
            rc |= r[320*i+5*j+3] ^ (((t[2] >>  4) | ((t[3] & 0x03) << 6)) & 0xff);
 8005fe0:	f89e 7003 	ldrb.w	r7, [lr, #3]
            rc |= r[320*i+5*j+1] ^ ((t[0] >>  8) | ((t[1] & 0x3f) << 2));
 8005fe4:	ea83 030b 	eor.w	r3, r3, fp
            rc |= r[320*i+5*j+4] ^ ((t[3] >>  2) & 0xff);
 8005fe8:	f3c8 3847 	ubfx	r8, r8, #13, #8
            rc |= r[320*i+5*j+3] ^ (((t[2] >>  4) | ((t[3] & 0x03) << 6)) & 0xff);
 8005fec:	0192      	lsls	r2, r2, #6
        for (j = 0; j < KYBER_N / 4; j++) {
 8005fee:	f10e 0e05 	add.w	lr, lr, #5
            rc |= r[320*i+5*j+4] ^ ((t[3] >>  2) & 0xff);
 8005ff2:	ea43 030a 	orr.w	r3, r3, sl
 8005ff6:	ea88 0809 	eor.w	r8, r8, r9
            rc |= r[320*i+5*j+3] ^ (((t[2] >>  4) | ((t[3] & 0x03) << 6)) & 0xff);
 8005ffa:	ea42 1216 	orr.w	r2, r2, r6, lsr #4
 8005ffe:	407a      	eors	r2, r7
            rc |= r[320*i+5*j+4] ^ ((t[3] >>  2) & 0xff);
 8006000:	ea43 0308 	orr.w	r3, r3, r8
 8006004:	4313      	orrs	r3, r2
            rc |= r[320*i+5*j+0] ^ (t[0] & 0xff);
 8006006:	f81e 2c05 	ldrb.w	r2, [lr, #-5]
 800600a:	ea82 020c 	eor.w	r2, r2, ip
 800600e:	432a      	orrs	r2, r5
            rc |= r[320*i+5*j+4] ^ ((t[3] >>  2) & 0xff);
 8006010:	4313      	orrs	r3, r2
        for (j = 0; j < KYBER_N / 4; j++) {
 8006012:	45a6      	cmp	lr, r4
            rc |= r[320*i+5*j+4] ^ ((t[3] >>  2) & 0xff);
 8006014:	f003 05ff 	and.w	r5, r3, #255	@ 0xff
        for (j = 0; j < KYBER_N / 4; j++) {
 8006018:	f101 0108 	add.w	r1, r1, #8
 800601c:	d19c      	bne.n	8005f58 <cmp_poly_packcompress+0x18>
        }
#else
#error "KYBER_POLYVECCOMPRESSEDBYTES needs to be in {320*KYBER_K, 352*KYBER_K}"
#endif
    return rc;
}
 800601e:	4628      	mov	r0, r5
 8006020:	e8bd 8ff0 	ldmia.w	sp!, {r4, r5, r6, r7, r8, r9, sl, fp, pc}
 8006024:	3afb7681 	.word	0x3afb7681

08006028 <poly_tobytes>:
* Description: Serialization of a polynomial
*
* Arguments:   - unsigned char *r: pointer to output byte array (needs space for KYBER_POLYBYTES bytes)
*              - const poly *a:    pointer to input polynomial
**************************************************/
void poly_tobytes(unsigned char *r, poly *a) {
 8006028:	b538      	push	{r3, r4, r5, lr}
 800602a:	460d      	mov	r5, r1
 800602c:	4604      	mov	r4, r0
*              for details of the Barrett reduction see comments in reduce.c
*
* Arguments:   - poly *r:       pointer to input/output polynomial
**************************************************/
void poly_reduce(poly *r) {
  asm_barrett_reduce(r->coeffs);
 800602e:	4608      	mov	r0, r1
 8006030:	f7fa f9fc 	bl	800042c <asm_barrett_reduce>
    for (i = 0; i < KYBER_N / 2; i++) {
 8006034:	2300      	movs	r3, #0
 8006036:	4620      	mov	r0, r4
 8006038:	1ca9      	adds	r1, r5, #2
        t0 = a->coeffs[2 * i];
 800603a:	f935 c023 	ldrsh.w	ip, [r5, r3, lsl #2]
        t1 = a->coeffs[2 * i + 1];
 800603e:	f931 2023 	ldrsh.w	r2, [r1, r3, lsl #2]
        r[3 * i] = t0 & 0xff;
 8006042:	f880 c000 	strb.w	ip, [r0]
        r[3 * i + 1] = (t0 >> 8) | ((t1 & 0xf) << 4);
 8006046:	f3cc 2407 	ubfx	r4, ip, #8, #8
    for (i = 0; i < KYBER_N / 2; i++) {
 800604a:	3301      	adds	r3, #1
        r[3 * i + 1] = (t0 >> 8) | ((t1 & 0xf) << 4);
 800604c:	ea44 1402 	orr.w	r4, r4, r2, lsl #4
    for (i = 0; i < KYBER_N / 2; i++) {
 8006050:	2b80      	cmp	r3, #128	@ 0x80
        r[3 * i + 2] = (t1 >> 4) & 0xff;
 8006052:	f3c2 120b 	ubfx	r2, r2, #4, #12
        r[3 * i + 1] = (t0 >> 8) | ((t1 & 0xf) << 4);
 8006056:	7044      	strb	r4, [r0, #1]
        r[3 * i + 2] = (t1 >> 4) & 0xff;
 8006058:	7082      	strb	r2, [r0, #2]
    for (i = 0; i < KYBER_N / 2; i++) {
 800605a:	f100 0003 	add.w	r0, r0, #3
 800605e:	d1ec      	bne.n	800603a <poly_tobytes+0x12>
}
 8006060:	bd38      	pop	{r3, r4, r5, pc}
 8006062:	bf00      	nop

08006064 <poly_frombytes>:
void poly_frombytes(poly *r, const unsigned char *a) {
 8006064:	b500      	push	{lr}
    for (i = 0; i < KYBER_N / 2; i++) {
 8006066:	2200      	movs	r2, #0
 8006068:	f100 0e02 	add.w	lr, r0, #2
        r->coeffs[2 * i]     = a[3 * i]          | ((uint16_t)a[3 * i + 1] & 0x0f) << 8;
 800606c:	784b      	ldrb	r3, [r1, #1]
 800606e:	f891 c000 	ldrb.w	ip, [r1]
 8006072:	021b      	lsls	r3, r3, #8
 8006074:	f403 6370 	and.w	r3, r3, #3840	@ 0xf00
 8006078:	ea4c 0303 	orr.w	r3, ip, r3
 800607c:	f820 3022 	strh.w	r3, [r0, r2, lsl #2]
        r->coeffs[2 * i + 1] = a[3 * i + 1] >> 4 | ((uint16_t)a[3 * i + 2] & 0xff) << 4;
 8006080:	788b      	ldrb	r3, [r1, #2]
 8006082:	f891 c001 	ldrb.w	ip, [r1, #1]
 8006086:	011b      	lsls	r3, r3, #4
 8006088:	ea43 131c 	orr.w	r3, r3, ip, lsr #4
 800608c:	f82e 3022 	strh.w	r3, [lr, r2, lsl #2]
    for (i = 0; i < KYBER_N / 2; i++) {
 8006090:	3201      	adds	r2, #1
 8006092:	2a80      	cmp	r2, #128	@ 0x80
 8006094:	f101 0103 	add.w	r1, r1, #3
 8006098:	d1e8      	bne.n	800606c <poly_frombytes+0x8>
}
 800609a:	f85d fb04 	ldr.w	pc, [sp], #4
 800609e:	bf00      	nop

080060a0 <poly_frombytes_mul_16_32>:
    frombytes_mul_asm_16_32(r_tmp, b->coeffs, a, zetas);
 80060a0:	4b01      	ldr	r3, [pc, #4]	@ (80060a8 <poly_frombytes_mul_16_32+0x8>)
 80060a2:	f7fa b8b5 	b.w	8000210 <frombytes_mul_asm_16_32>
 80060a6:	bf00      	nop
 80060a8:	0800bf98 	.word	0x0800bf98

080060ac <poly_frombytes_mul_32_16>:
void poly_frombytes_mul_32_16(poly *r, const poly* b, const unsigned char *a, const int32_t *r_tmp) {
 80060ac:	b500      	push	{lr}
 80060ae:	b083      	sub	sp, #12
    frombytes_mul_asm_acc_32_16(r->coeffs, b->coeffs, a, zetas, r_tmp);
 80060b0:	9300      	str	r3, [sp, #0]
 80060b2:	4b03      	ldr	r3, [pc, #12]	@ (80060c0 <poly_frombytes_mul_32_16+0x14>)
 80060b4:	f7fa f94e 	bl	8000354 <frombytes_mul_asm_acc_32_16>
}
 80060b8:	b003      	add	sp, #12
 80060ba:	f85d fb04 	ldr.w	pc, [sp], #4
 80060be:	bf00      	nop
 80060c0:	0800bf98 	.word	0x0800bf98

080060c4 <poly_noise_eta1>:
void poly_noise_eta1(poly *r, const unsigned char *seed, unsigned char nonce, int add) {
 80060c4:	b530      	push	{r4, r5, lr}
 80060c6:	4614      	mov	r4, r2
 80060c8:	b0b1      	sub	sp, #196	@ 0xc4
 80060ca:	461d      	mov	r5, r3
    prf(buf, KYBER_ETA1 * KYBER_N / 4, seed, nonce);
 80060cc:	460a      	mov	r2, r1
 80060ce:	4623      	mov	r3, r4
 80060d0:	21c0      	movs	r1, #192	@ 0xc0
void poly_noise_eta1(poly *r, const unsigned char *seed, unsigned char nonce, int add) {
 80060d2:	4604      	mov	r4, r0
    prf(buf, KYBER_ETA1 * KYBER_N / 4, seed, nonce);
 80060d4:	4668      	mov	r0, sp
 80060d6:	f000 fca7 	bl	8006a28 <aes256_prf>
    cbd_eta1(r, buf, add);
 80060da:	462a      	mov	r2, r5
 80060dc:	4669      	mov	r1, sp
 80060de:	4620      	mov	r0, r4
 80060e0:	f000 fb64 	bl	80067ac <cbd_eta1>
}
 80060e4:	b031      	add	sp, #196	@ 0xc4
 80060e6:	bd30      	pop	{r4, r5, pc}

080060e8 <poly_noise_eta2>:
void poly_noise_eta2(poly *r, const unsigned char *seed, unsigned char nonce, int add) {
 80060e8:	b530      	push	{r4, r5, lr}
 80060ea:	4614      	mov	r4, r2
 80060ec:	b0a1      	sub	sp, #132	@ 0x84
 80060ee:	461d      	mov	r5, r3
    prf(buf, KYBER_ETA2 * KYBER_N / 4, seed, nonce);
 80060f0:	460a      	mov	r2, r1
 80060f2:	4623      	mov	r3, r4
 80060f4:	2180      	movs	r1, #128	@ 0x80
void poly_noise_eta2(poly *r, const unsigned char *seed, unsigned char nonce, int add) {
 80060f6:	4604      	mov	r4, r0
    prf(buf, KYBER_ETA2 * KYBER_N / 4, seed, nonce);
 80060f8:	4668      	mov	r0, sp
 80060fa:	f000 fc95 	bl	8006a28 <aes256_prf>
    cbd_eta2(r, buf, add);
 80060fe:	462a      	mov	r2, r5
 8006100:	4669      	mov	r1, sp
 8006102:	4620      	mov	r0, r4
 8006104:	f000 fbd6 	bl	80068b4 <cbd_eta2>
}
 8006108:	b021      	add	sp, #132	@ 0x84
 800610a:	bd30      	pop	{r4, r5, pc}

0800610c <poly_basemul_opt_16_32>:
    basemul_asm_opt_16_32(r_tmp, a->coeffs, b->coeffs, a_prime->coeffs);
 800610c:	f7fb bf3e 	b.w	8001f8c <basemul_asm_opt_16_32>

08006110 <poly_basemul_acc_opt_32_16>:
    basemul_asm_acc_opt_32_16(r->coeffs, a->coeffs, b->coeffs, a_prime->coeffs, r_tmp);
 8006110:	f7fb bf98 	b.w	8002044 <basemul_asm_acc_opt_32_16>

08006114 <poly_ntt>:
    ntt(r->coeffs);
 8006114:	f000 beba 	b.w	8006e8c <ntt>

08006118 <poly_invntt>:
    invntt(r->coeffs);
 8006118:	f000 bebe 	b.w	8006e98 <invntt>

0800611c <poly_reduce>:
  asm_barrett_reduce(r->coeffs);
 800611c:	f7fa b986 	b.w	800042c <asm_barrett_reduce>

08006120 <poly_add>:
* Arguments: - poly *r:       pointer to output polynomial
*            - const poly *a: pointer to first input polynomial
*            - const poly *b: pointer to second input polynomial
**************************************************/
void poly_add(poly *r, const poly *a, const poly *b) {
    pointwise_add(r->coeffs,a->coeffs,b->coeffs);
 8006120:	f7fb bff6 	b.w	8002110 <pointwise_add>

08006124 <poly_sub>:
* Arguments: - poly *r:       pointer to output polynomial
*            - const poly *a: pointer to first input polynomial
*            - const poly *b: pointer to second input polynomial
**************************************************/
void poly_sub(poly *r, const poly *a, const poly *b) {
    pointwise_sub(r->coeffs,a->coeffs,b->coeffs);
 8006124:	f7fb bfd2 	b.w	80020cc <pointwise_sub>

08006128 <poly_frommsg>:
**************************************************/
void poly_frommsg(poly *r, const unsigned char msg[KYBER_SYMBYTES]) {
    int i, j;
    uint16_t mask;

    for (i = 0; i < KYBER_SYMBYTES; i++) {
 8006128:	1e4b      	subs	r3, r1, #1
 800612a:	f500 7c00 	add.w	ip, r0, #512	@ 0x200
        for (j = 0; j < 8; j++) {
            mask = -((msg[i] >> j) & 1);
            r->coeffs[8 * i + j] = mask & ((KYBER_Q + 1) / 2);
 800612e:	f240 6281 	movw	r2, #1665	@ 0x681
            mask = -((msg[i] >> j) & 1);
 8006132:	f813 1f01 	ldrb.w	r1, [r3, #1]!
    for (i = 0; i < KYBER_SYMBYTES; i++) {
 8006136:	3010      	adds	r0, #16
            mask = -((msg[i] >> j) & 1);
 8006138:	f341 0100 	sbfx	r1, r1, #0, #1
            r->coeffs[8 * i + j] = mask & ((KYBER_Q + 1) / 2);
 800613c:	4011      	ands	r1, r2
 800613e:	f820 1c10 	strh.w	r1, [r0, #-16]
            mask = -((msg[i] >> j) & 1);
 8006142:	7819      	ldrb	r1, [r3, #0]
 8006144:	f341 0140 	sbfx	r1, r1, #1, #1
            r->coeffs[8 * i + j] = mask & ((KYBER_Q + 1) / 2);
 8006148:	4011      	ands	r1, r2
 800614a:	f820 1c0e 	strh.w	r1, [r0, #-14]
            mask = -((msg[i] >> j) & 1);
 800614e:	7819      	ldrb	r1, [r3, #0]
 8006150:	f341 0180 	sbfx	r1, r1, #2, #1
            r->coeffs[8 * i + j] = mask & ((KYBER_Q + 1) / 2);
 8006154:	4011      	ands	r1, r2
 8006156:	f820 1c0c 	strh.w	r1, [r0, #-12]
            mask = -((msg[i] >> j) & 1);
 800615a:	7819      	ldrb	r1, [r3, #0]
 800615c:	f341 01c0 	sbfx	r1, r1, #3, #1
            r->coeffs[8 * i + j] = mask & ((KYBER_Q + 1) / 2);
 8006160:	4011      	ands	r1, r2
 8006162:	f820 1c0a 	strh.w	r1, [r0, #-10]
            mask = -((msg[i] >> j) & 1);
 8006166:	7819      	ldrb	r1, [r3, #0]
 8006168:	f341 1100 	sbfx	r1, r1, #4, #1
            r->coeffs[8 * i + j] = mask & ((KYBER_Q + 1) / 2);
 800616c:	4011      	ands	r1, r2
 800616e:	f820 1c08 	strh.w	r1, [r0, #-8]
            mask = -((msg[i] >> j) & 1);
 8006172:	7819      	ldrb	r1, [r3, #0]
 8006174:	f341 1140 	sbfx	r1, r1, #5, #1
            r->coeffs[8 * i + j] = mask & ((KYBER_Q + 1) / 2);
 8006178:	4011      	ands	r1, r2
 800617a:	f820 1c06 	strh.w	r1, [r0, #-6]
            mask = -((msg[i] >> j) & 1);
 800617e:	7819      	ldrb	r1, [r3, #0]
 8006180:	f341 1180 	sbfx	r1, r1, #6, #1
            r->coeffs[8 * i + j] = mask & ((KYBER_Q + 1) / 2);
 8006184:	4011      	ands	r1, r2
 8006186:	f820 1c04 	strh.w	r1, [r0, #-4]
            mask = -((msg[i] >> j) & 1);
 800618a:	7819      	ldrb	r1, [r3, #0]
 800618c:	f341 11c0 	sbfx	r1, r1, #7, #1
            r->coeffs[8 * i + j] = mask & ((KYBER_Q + 1) / 2);
 8006190:	4011      	ands	r1, r2
    for (i = 0; i < KYBER_SYMBYTES; i++) {
 8006192:	4584      	cmp	ip, r0
            r->coeffs[8 * i + j] = mask & ((KYBER_Q + 1) / 2);
 8006194:	f820 1c02 	strh.w	r1, [r0, #-2]
    for (i = 0; i < KYBER_SYMBYTES; i++) {
 8006198:	d1cb      	bne.n	8006132 <poly_frommsg+0xa>
        }
    }
}
 800619a:	4770      	bx	lr

0800619c <poly_tomsg>:
void poly_tomsg(unsigned char msg[KYBER_SYMBYTES], poly *a) {
    uint16_t t;
    uint16_t x, y;
    int i, j;

    for (i = 0; i < KYBER_SYMBYTES; i++) {
 800619c:	f04f 0c00 	mov.w	ip, #0
void poly_tomsg(unsigned char msg[KYBER_SYMBYTES], poly *a) {
 80061a0:	e92d 41f0 	stmdb	sp!, {r4, r5, r6, r7, r8, lr}
                __asm volatile("" ::: "memory");
                trigger_low();
            }
#endif

            t = (y / KYBER_Q) & 1;
 80061a4:	4e8b      	ldr	r6, [pc, #556]	@ (80063d4 <poly_tomsg+0x238>)
 80061a6:	1e47      	subs	r7, r0, #1
 80061a8:	460d      	mov	r5, r1
        msg[i] = 0;
 80061aa:	46e0      	mov	r8, ip
 80061ac:	e07c      	b.n	80062a8 <poly_tomsg+0x10c>
            if (i == 26 && j == 0) {
 80061ae:	4617      	mov	r7, r2
            y = x + KYBER_Q/2;
 80061b0:	f504 63d0 	add.w	r3, r4, #1664	@ 0x680
            t = (y / KYBER_Q) & 1;
 80061b4:	b29b      	uxth	r3, r3
 80061b6:	fba6 0103 	umull	r0, r1, r6, r3
 80061ba:	1a5b      	subs	r3, r3, r1
 80061bc:	eb01 0353 	add.w	r3, r1, r3, lsr #1
 80061c0:	f3c3 23c0 	ubfx	r3, r3, #11, #1
            // t = (((a->coeffs[8 * i + j] << 1) + KYBER_Q / 2) / KYBER_Q) & 1;

            msg[i] |= t << j;
 80061c4:	7013      	strb	r3, [r2, #0]
            x = ((uint16_t)a->coeffs[8*i+j]) << 1;
 80061c6:	8869      	ldrh	r1, [r5, #2]
 80061c8:	0049      	lsls	r1, r1, #1
            y = x + KYBER_Q/2;
 80061ca:	f501 61d0 	add.w	r1, r1, #1664	@ 0x680
            t = (y / KYBER_Q) & 1;
 80061ce:	b289      	uxth	r1, r1
 80061d0:	fba6 4001 	umull	r4, r0, r6, r1
 80061d4:	1a09      	subs	r1, r1, r0
 80061d6:	eb00 0051 	add.w	r0, r0, r1, lsr #1
 80061da:	f3c0 20c0 	ubfx	r0, r0, #11, #1
            msg[i] |= t << j;
 80061de:	ea43 0340 	orr.w	r3, r3, r0, lsl #1
 80061e2:	7013      	strb	r3, [r2, #0]
            x = ((uint16_t)a->coeffs[8*i+j]) << 1;
 80061e4:	88a9      	ldrh	r1, [r5, #4]
 80061e6:	0049      	lsls	r1, r1, #1
            y = x + KYBER_Q/2;
 80061e8:	f501 61d0 	add.w	r1, r1, #1664	@ 0x680
            t = (y / KYBER_Q) & 1;
 80061ec:	b289      	uxth	r1, r1
 80061ee:	fba6 4001 	umull	r4, r0, r6, r1
 80061f2:	1a09      	subs	r1, r1, r0
 80061f4:	eb00 0051 	add.w	r0, r0, r1, lsr #1
 80061f8:	f3c0 20c0 	ubfx	r0, r0, #11, #1
            msg[i] |= t << j;
 80061fc:	ea43 0380 	orr.w	r3, r3, r0, lsl #2
 8006200:	7013      	strb	r3, [r2, #0]
            x = ((uint16_t)a->coeffs[8*i+j]) << 1;
 8006202:	88e9      	ldrh	r1, [r5, #6]
 8006204:	0049      	lsls	r1, r1, #1
            y = x + KYBER_Q/2;
 8006206:	f501 61d0 	add.w	r1, r1, #1664	@ 0x680
            t = (y / KYBER_Q) & 1;
 800620a:	b289      	uxth	r1, r1
 800620c:	fba6 4001 	umull	r4, r0, r6, r1
 8006210:	1a09      	subs	r1, r1, r0
 8006212:	eb00 0051 	add.w	r0, r0, r1, lsr #1
 8006216:	f3c0 20c0 	ubfx	r0, r0, #11, #1
            msg[i] |= t << j;
 800621a:	ea43 03c0 	orr.w	r3, r3, r0, lsl #3
 800621e:	7013      	strb	r3, [r2, #0]
            x = ((uint16_t)a->coeffs[8*i+j]) << 1;
 8006220:	8929      	ldrh	r1, [r5, #8]
 8006222:	0049      	lsls	r1, r1, #1
            y = x + KYBER_Q/2;
 8006224:	f501 61d0 	add.w	r1, r1, #1664	@ 0x680
            t = (y / KYBER_Q) & 1;
 8006228:	b289      	uxth	r1, r1
 800622a:	fba6 4001 	umull	r4, r0, r6, r1
 800622e:	1a09      	subs	r1, r1, r0
 8006230:	eb00 0051 	add.w	r0, r0, r1, lsr #1
 8006234:	f3c0 20c0 	ubfx	r0, r0, #11, #1
            msg[i] |= t << j;
 8006238:	ea43 1300 	orr.w	r3, r3, r0, lsl #4
 800623c:	7013      	strb	r3, [r2, #0]
            x = ((uint16_t)a->coeffs[8*i+j]) << 1;
 800623e:	8969      	ldrh	r1, [r5, #10]
 8006240:	0049      	lsls	r1, r1, #1
            y = x + KYBER_Q/2;
 8006242:	f501 61d0 	add.w	r1, r1, #1664	@ 0x680
            t = (y / KYBER_Q) & 1;
 8006246:	b289      	uxth	r1, r1
 8006248:	fba6 4001 	umull	r4, r0, r6, r1
 800624c:	1a09      	subs	r1, r1, r0
 800624e:	eb00 0051 	add.w	r0, r0, r1, lsr #1
 8006252:	f3c0 20c0 	ubfx	r0, r0, #11, #1
            msg[i] |= t << j;
 8006256:	ea43 1340 	orr.w	r3, r3, r0, lsl #5
 800625a:	7013      	strb	r3, [r2, #0]
            x = ((uint16_t)a->coeffs[8*i+j]) << 1;
 800625c:	89a9      	ldrh	r1, [r5, #12]
 800625e:	0049      	lsls	r1, r1, #1
            y = x + KYBER_Q/2;
 8006260:	f501 61d0 	add.w	r1, r1, #1664	@ 0x680
            t = (y / KYBER_Q) & 1;
 8006264:	b289      	uxth	r1, r1
 8006266:	fba6 4001 	umull	r4, r0, r6, r1
 800626a:	1a09      	subs	r1, r1, r0
 800626c:	eb00 0051 	add.w	r0, r0, r1, lsr #1
 8006270:	f3c0 20c0 	ubfx	r0, r0, #11, #1
            msg[i] |= t << j;
 8006274:	ea43 1380 	orr.w	r3, r3, r0, lsl #6
 8006278:	7013      	strb	r3, [r2, #0]
            x = ((uint16_t)a->coeffs[8*i+j]) << 1;
 800627a:	89e9      	ldrh	r1, [r5, #14]
 800627c:	0049      	lsls	r1, r1, #1
            y = x + KYBER_Q/2;
 800627e:	f501 61d0 	add.w	r1, r1, #1664	@ 0x680
            t = (y / KYBER_Q) & 1;
 8006282:	b289      	uxth	r1, r1
 8006284:	fba6 4001 	umull	r4, r0, r6, r1
 8006288:	1a09      	subs	r1, r1, r0
 800628a:	eb00 0051 	add.w	r0, r0, r1, lsr #1
    for (i = 0; i < KYBER_SYMBYTES; i++) {
 800628e:	f10c 0c01 	add.w	ip, ip, #1
            t = (y / KYBER_Q) & 1;
 8006292:	f3c0 20c0 	ubfx	r0, r0, #11, #1
            msg[i] |= t << j;
 8006296:	ea43 13c0 	orr.w	r3, r3, r0, lsl #7
    for (i = 0; i < KYBER_SYMBYTES; i++) {
 800629a:	f1bc 0f20 	cmp.w	ip, #32
 800629e:	f105 0510 	add.w	r5, r5, #16
            msg[i] |= t << j;
 80062a2:	7013      	strb	r3, [r2, #0]
    for (i = 0; i < KYBER_SYMBYTES; i++) {
 80062a4:	f000 8093 	beq.w	80063ce <poly_tomsg+0x232>
        msg[i] = 0;
 80062a8:	f887 8001 	strb.w	r8, [r7, #1]
            x = ((uint16_t)a->coeffs[8*i+j]) << 1;
 80062ac:	882c      	ldrh	r4, [r5, #0]
            if (i == 26 && j == 0) {
 80062ae:	f1bc 0f1a 	cmp.w	ip, #26
            x = ((uint16_t)a->coeffs[8*i+j]) << 1;
 80062b2:	ea4f 0444 	mov.w	r4, r4, lsl #1
        msg[i] = 0;
 80062b6:	f107 0201 	add.w	r2, r7, #1
            x = ((uint16_t)a->coeffs[8*i+j]) << 1;
 80062ba:	b2a4      	uxth	r4, r4
            if (i == 26 && j == 0) {
 80062bc:	f47f af77 	bne.w	80061ae <poly_tomsg+0x12>
                trigger_high();
 80062c0:	f003 fc68 	bl	8009b94 <trigger_high>
            y = x + KYBER_Q/2;
 80062c4:	f504 64d0 	add.w	r4, r4, #1664	@ 0x680
            t = (y / KYBER_Q) & 1;
 80062c8:	b2a4      	uxth	r4, r4
                trigger_low();
 80062ca:	f003 fc6b 	bl	8009ba4 <trigger_low>
            t = (y / KYBER_Q) & 1;
 80062ce:	fba6 2304 	umull	r2, r3, r6, r4
 80062d2:	1ae4      	subs	r4, r4, r3
            msg[i] |= t << j;
 80062d4:	787a      	ldrb	r2, [r7, #1]
            t = (y / KYBER_Q) & 1;
 80062d6:	eb03 0354 	add.w	r3, r3, r4, lsr #1
 80062da:	f3c3 23c0 	ubfx	r3, r3, #11, #1
            msg[i] |= t << j;
 80062de:	4313      	orrs	r3, r2
 80062e0:	707b      	strb	r3, [r7, #1]
            x = ((uint16_t)a->coeffs[8*i+j]) << 1;
 80062e2:	886a      	ldrh	r2, [r5, #2]
 80062e4:	0052      	lsls	r2, r2, #1
            y = x + KYBER_Q/2;
 80062e6:	f502 62d0 	add.w	r2, r2, #1664	@ 0x680
            t = (y / KYBER_Q) & 1;
 80062ea:	b292      	uxth	r2, r2
 80062ec:	fba6 0102 	umull	r0, r1, r6, r2
 80062f0:	1a52      	subs	r2, r2, r1
 80062f2:	eb01 0152 	add.w	r1, r1, r2, lsr #1
 80062f6:	f3c1 21c0 	ubfx	r1, r1, #11, #1
            msg[i] |= t << j;
 80062fa:	ea43 0341 	orr.w	r3, r3, r1, lsl #1
 80062fe:	707b      	strb	r3, [r7, #1]
            x = ((uint16_t)a->coeffs[8*i+j]) << 1;
 8006300:	88aa      	ldrh	r2, [r5, #4]
 8006302:	0052      	lsls	r2, r2, #1
            y = x + KYBER_Q/2;
 8006304:	f502 62d0 	add.w	r2, r2, #1664	@ 0x680
            t = (y / KYBER_Q) & 1;
 8006308:	b292      	uxth	r2, r2
 800630a:	fba6 0102 	umull	r0, r1, r6, r2
 800630e:	1a52      	subs	r2, r2, r1
 8006310:	eb01 0152 	add.w	r1, r1, r2, lsr #1
 8006314:	f3c1 21c0 	ubfx	r1, r1, #11, #1
            msg[i] |= t << j;
 8006318:	ea43 0381 	orr.w	r3, r3, r1, lsl #2
 800631c:	707b      	strb	r3, [r7, #1]
            x = ((uint16_t)a->coeffs[8*i+j]) << 1;
 800631e:	88ea      	ldrh	r2, [r5, #6]
 8006320:	0052      	lsls	r2, r2, #1
            y = x + KYBER_Q/2;
 8006322:	f502 62d0 	add.w	r2, r2, #1664	@ 0x680
            t = (y / KYBER_Q) & 1;
 8006326:	b292      	uxth	r2, r2
 8006328:	fba6 0102 	umull	r0, r1, r6, r2
 800632c:	1a52      	subs	r2, r2, r1
 800632e:	eb01 0152 	add.w	r1, r1, r2, lsr #1
 8006332:	f3c1 21c0 	ubfx	r1, r1, #11, #1
            msg[i] |= t << j;
 8006336:	ea43 03c1 	orr.w	r3, r3, r1, lsl #3
 800633a:	707b      	strb	r3, [r7, #1]
            x = ((uint16_t)a->coeffs[8*i+j]) << 1;
 800633c:	892a      	ldrh	r2, [r5, #8]
 800633e:	0052      	lsls	r2, r2, #1
            y = x + KYBER_Q/2;
 8006340:	f502 62d0 	add.w	r2, r2, #1664	@ 0x680
            t = (y / KYBER_Q) & 1;
 8006344:	b292      	uxth	r2, r2
 8006346:	fba6 0102 	umull	r0, r1, r6, r2
 800634a:	1a52      	subs	r2, r2, r1
 800634c:	eb01 0152 	add.w	r1, r1, r2, lsr #1
 8006350:	f3c1 21c0 	ubfx	r1, r1, #11, #1
            msg[i] |= t << j;
 8006354:	ea43 1301 	orr.w	r3, r3, r1, lsl #4
 8006358:	707b      	strb	r3, [r7, #1]
            x = ((uint16_t)a->coeffs[8*i+j]) << 1;
 800635a:	896a      	ldrh	r2, [r5, #10]
 800635c:	0052      	lsls	r2, r2, #1
            y = x + KYBER_Q/2;
 800635e:	f502 62d0 	add.w	r2, r2, #1664	@ 0x680
            t = (y / KYBER_Q) & 1;
 8006362:	b292      	uxth	r2, r2
 8006364:	fba6 0102 	umull	r0, r1, r6, r2
 8006368:	1a52      	subs	r2, r2, r1
 800636a:	eb01 0152 	add.w	r1, r1, r2, lsr #1
 800636e:	f3c1 21c0 	ubfx	r1, r1, #11, #1
            msg[i] |= t << j;
 8006372:	ea43 1341 	orr.w	r3, r3, r1, lsl #5
 8006376:	707b      	strb	r3, [r7, #1]
            x = ((uint16_t)a->coeffs[8*i+j]) << 1;
 8006378:	89aa      	ldrh	r2, [r5, #12]
 800637a:	0052      	lsls	r2, r2, #1
            y = x + KYBER_Q/2;
 800637c:	f502 62d0 	add.w	r2, r2, #1664	@ 0x680
            t = (y / KYBER_Q) & 1;
 8006380:	b292      	uxth	r2, r2
 8006382:	fba6 0102 	umull	r0, r1, r6, r2
 8006386:	1a52      	subs	r2, r2, r1
 8006388:	eb01 0152 	add.w	r1, r1, r2, lsr #1
        msg[i] = 0;
 800638c:	3702      	adds	r7, #2
            t = (y / KYBER_Q) & 1;
 800638e:	f3c1 21c0 	ubfx	r1, r1, #11, #1
            msg[i] |= t << j;
 8006392:	ea43 1381 	orr.w	r3, r3, r1, lsl #6
 8006396:	f807 3c01 	strb.w	r3, [r7, #-1]
            x = ((uint16_t)a->coeffs[8*i+j]) << 1;
 800639a:	89ea      	ldrh	r2, [r5, #14]
        msg[i] = 0;
 800639c:	f887 8000 	strb.w	r8, [r7]
            x = ((uint16_t)a->coeffs[8*i+j]) << 1;
 80063a0:	0052      	lsls	r2, r2, #1
            y = x + KYBER_Q/2;
 80063a2:	f502 62d0 	add.w	r2, r2, #1664	@ 0x680
            t = (y / KYBER_Q) & 1;
 80063a6:	b292      	uxth	r2, r2
 80063a8:	fba6 0102 	umull	r0, r1, r6, r2
 80063ac:	1a52      	subs	r2, r2, r1
 80063ae:	eb01 0152 	add.w	r1, r1, r2, lsr #1
 80063b2:	f3c1 21c0 	ubfx	r1, r1, #11, #1
            msg[i] |= t << j;
 80063b6:	ea43 13c1 	orr.w	r3, r3, r1, lsl #7
 80063ba:	f807 3c01 	strb.w	r3, [r7, #-1]
            x = ((uint16_t)a->coeffs[8*i+j]) << 1;
 80063be:	f835 4f10 	ldrh.w	r4, [r5, #16]!
 80063c2:	0064      	lsls	r4, r4, #1
    for (i = 0; i < KYBER_SYMBYTES; i++) {
 80063c4:	f04f 0c1b 	mov.w	ip, #27
 80063c8:	463a      	mov	r2, r7
            x = ((uint16_t)a->coeffs[8*i+j]) << 1;
 80063ca:	b2a4      	uxth	r4, r4
            if (i == 26 && j == 0) {
 80063cc:	e6f0      	b.n	80061b0 <poly_tomsg+0x14>
        }
    }
}
 80063ce:	e8bd 81f0 	ldmia.w	sp!, {r4, r5, r6, r7, r8, pc}
 80063d2:	bf00      	nop
 80063d4:	3afb7681 	.word	0x3afb7681

080063d8 <cmov>:
**************************************************/
void cmov(unsigned char *r, const unsigned char *x, size_t len, unsigned char b) {
    size_t i;

    b = -b;
    for (i = 0; i < len; i++) {
 80063d8:	2a00      	cmp	r2, #0
 80063da:	d05e      	beq.n	800649a <cmov+0xc2>
 80063dc:	425b      	negs	r3, r3
void cmov(unsigned char *r, const unsigned char *x, size_t len, unsigned char b) {
 80063de:	e92d 43f0 	stmdb	sp!, {r4, r5, r6, r7, r8, r9, lr}
 80063e2:	fa5f fe83 	uxtb.w	lr, r3
 80063e6:	1e53      	subs	r3, r2, #1
 80063e8:	2b02      	cmp	r3, #2
 80063ea:	d903      	bls.n	80063f4 <cmov+0x1c>
 80063ec:	1c4b      	adds	r3, r1, #1
 80063ee:	1ac3      	subs	r3, r0, r3
 80063f0:	2b02      	cmp	r3, #2
 80063f2:	d813      	bhi.n	800641c <cmov+0x44>
 80063f4:	4402      	add	r2, r0
 80063f6:	3901      	subs	r1, #1
 80063f8:	3801      	subs	r0, #1
 80063fa:	3a01      	subs	r2, #1
        r[i] ^= b & (x[i] ^ r[i]);
 80063fc:	f810 cf01 	ldrb.w	ip, [r0, #1]!
 8006400:	f811 3f01 	ldrb.w	r3, [r1, #1]!
 8006404:	ea8c 0303 	eor.w	r3, ip, r3
 8006408:	ea0e 0303 	and.w	r3, lr, r3
 800640c:	ea8c 0c03 	eor.w	ip, ip, r3
    for (i = 0; i < len; i++) {
 8006410:	4290      	cmp	r0, r2
        r[i] ^= b & (x[i] ^ r[i]);
 8006412:	f880 c000 	strb.w	ip, [r0]
    for (i = 0; i < len; i++) {
 8006416:	d1f1      	bne.n	80063fc <cmov+0x24>
    }
}
 8006418:	e8bd 83f0 	ldmia.w	sp!, {r4, r5, r6, r7, r8, r9, pc}
 800641c:	2500      	movs	r5, #0
 800641e:	f36e 0507 	bfi	r5, lr, #0, #8
 8006422:	f36e 250f 	bfi	r5, lr, #8, #8
 8006426:	f36e 4517 	bfi	r5, lr, #16, #8
 800642a:	f022 0603 	bic.w	r6, r2, #3
 800642e:	f36e 651f 	bfi	r5, lr, #24, #8
 8006432:	4684      	mov	ip, r0
 8006434:	460c      	mov	r4, r1
 8006436:	ea4f 0892 	mov.w	r8, r2, lsr #2
 800643a:	1987      	adds	r7, r0, r6
        r[i] ^= b & (x[i] ^ r[i]);
 800643c:	f8dc 9000 	ldr.w	r9, [ip]
 8006440:	f854 3b04 	ldr.w	r3, [r4], #4
 8006444:	ea83 0309 	eor.w	r3, r3, r9
 8006448:	402b      	ands	r3, r5
 800644a:	ea83 0309 	eor.w	r3, r3, r9
 800644e:	f84c 3b04 	str.w	r3, [ip], #4
    for (i = 0; i < len; i++) {
 8006452:	45bc      	cmp	ip, r7
 8006454:	d1f2      	bne.n	800643c <cmov+0x64>
 8006456:	42b2      	cmp	r2, r6
 8006458:	d0de      	beq.n	8006418 <cmov+0x40>
        r[i] ^= b & (x[i] ^ r[i]);
 800645a:	f810 4028 	ldrb.w	r4, [r0, r8, lsl #2]
 800645e:	f811 3028 	ldrb.w	r3, [r1, r8, lsl #2]
 8006462:	4063      	eors	r3, r4
 8006464:	ea0e 0303 	and.w	r3, lr, r3
 8006468:	405c      	eors	r4, r3
 800646a:	f800 4028 	strb.w	r4, [r0, r8, lsl #2]
    for (i = 0; i < len; i++) {
 800646e:	1c74      	adds	r4, r6, #1
 8006470:	42a2      	cmp	r2, r4
 8006472:	d9d1      	bls.n	8006418 <cmov+0x40>
        r[i] ^= b & (x[i] ^ r[i]);
 8006474:	5d05      	ldrb	r5, [r0, r4]
 8006476:	5d0b      	ldrb	r3, [r1, r4]
 8006478:	406b      	eors	r3, r5
    for (i = 0; i < len; i++) {
 800647a:	3602      	adds	r6, #2
        r[i] ^= b & (x[i] ^ r[i]);
 800647c:	ea0e 0303 	and.w	r3, lr, r3
 8006480:	405d      	eors	r5, r3
    for (i = 0; i < len; i++) {
 8006482:	42b2      	cmp	r2, r6
        r[i] ^= b & (x[i] ^ r[i]);
 8006484:	5505      	strb	r5, [r0, r4]
    for (i = 0; i < len; i++) {
 8006486:	d9c7      	bls.n	8006418 <cmov+0x40>
        r[i] ^= b & (x[i] ^ r[i]);
 8006488:	5d82      	ldrb	r2, [r0, r6]
 800648a:	5d8b      	ldrb	r3, [r1, r6]
 800648c:	4053      	eors	r3, r2
 800648e:	ea0e 0303 	and.w	r3, lr, r3
 8006492:	405a      	eors	r2, r3
 8006494:	5582      	strb	r2, [r0, r6]
}
 8006496:	e8bd 83f0 	ldmia.w	sp!, {r4, r5, r6, r7, r8, r9, pc}
 800649a:	4770      	bx	lr

0800649c <crypto_kem_keypair>:
* Arguments:   - unsigned char *pk: pointer to output public key (an already allocated array of CRYPTO_PUBLICKEYBYTES bytes)
*              - unsigned char *sk: pointer to output private key (an already allocated array of CRYPTO_SECRETKEYBYTES bytes)
*
* Returns 0 (success)
**************************************************/
int crypto_kem_keypair(unsigned char *pk, unsigned char *sk) {
 800649c:	b538      	push	{r3, r4, r5, lr}
 800649e:	4604      	mov	r4, r0
 80064a0:	460d      	mov	r5, r1
    size_t i;
    indcpa_keypair(pk, sk);
 80064a2:	f000 fb2b 	bl	8006afc <indcpa_keypair>
    for (i = 0; i < KYBER_INDCPA_PUBLICKEYBYTES; i++) {
 80064a6:	f505 7240 	add.w	r2, r5, #768	@ 0x300
 80064aa:	1c63      	adds	r3, r4, #1
 80064ac:	1ad3      	subs	r3, r2, r3
 80064ae:	2b02      	cmp	r3, #2
 80064b0:	d916      	bls.n	80064e0 <crypto_kem_keypair+0x44>
 80064b2:	4623      	mov	r3, r4
 80064b4:	f504 7148 	add.w	r1, r4, #800	@ 0x320
        sk[i + KYBER_INDCPA_SECRETKEYBYTES] = pk[i];
 80064b8:	f853 cb04 	ldr.w	ip, [r3], #4
 80064bc:	f842 cb04 	str.w	ip, [r2], #4
    for (i = 0; i < KYBER_INDCPA_PUBLICKEYBYTES; i++) {
 80064c0:	428b      	cmp	r3, r1
 80064c2:	d1f9      	bne.n	80064b8 <crypto_kem_keypair+0x1c>
    }
    hash_h(sk + KYBER_SECRETKEYBYTES - 2 * KYBER_SYMBYTES, pk, KYBER_PUBLICKEYBYTES);
 80064c4:	f44f 7248 	mov.w	r2, #800	@ 0x320
 80064c8:	4621      	mov	r1, r4
 80064ca:	f505 60c4 	add.w	r0, r5, #1568	@ 0x620
 80064ce:	f002 fd5b 	bl	8008f88 <sha256>
    randombytes(sk + KYBER_SECRETKEYBYTES - KYBER_SYMBYTES, KYBER_SYMBYTES);    /* Value z for pseudo-random output on reject */
 80064d2:	2120      	movs	r1, #32
 80064d4:	f505 60c8 	add.w	r0, r5, #1600	@ 0x640
 80064d8:	f002 fed4 	bl	8009284 <randombytes>
    return 0;
}
 80064dc:	2000      	movs	r0, #0
 80064de:	bd38      	pop	{r3, r4, r5, pc}
 80064e0:	1e63      	subs	r3, r4, #1
 80064e2:	f205 22ff 	addw	r2, r5, #767	@ 0x2ff
 80064e6:	f204 311f 	addw	r1, r4, #799	@ 0x31f
        sk[i + KYBER_INDCPA_SECRETKEYBYTES] = pk[i];
 80064ea:	f813 cf01 	ldrb.w	ip, [r3, #1]!
 80064ee:	f802 cf01 	strb.w	ip, [r2, #1]!
    for (i = 0; i < KYBER_INDCPA_PUBLICKEYBYTES; i++) {
 80064f2:	428b      	cmp	r3, r1
 80064f4:	d1f9      	bne.n	80064ea <crypto_kem_keypair+0x4e>
 80064f6:	e7e5      	b.n	80064c4 <crypto_kem_keypair+0x28>

080064f8 <crypto_kem_enc>:
*              - unsigned char *ss:       pointer to output shared secret (an already allocated array of CRYPTO_BYTES bytes)
*              - const unsigned char *pk: pointer to input public key (an already allocated array of CRYPTO_PUBLICKEYBYTES bytes)
*
* Returns 0 (success)
**************************************************/
int crypto_kem_enc(unsigned char *ct, unsigned char *ss, const unsigned char *pk) {
 80064f8:	b570      	push	{r4, r5, r6, lr}
 80064fa:	b0a0      	sub	sp, #128	@ 0x80
 80064fc:	4604      	mov	r4, r0
 80064fe:	460e      	mov	r6, r1
    unsigned char  kr[2 * KYBER_SYMBYTES];                                   /* Will contain key, coins */
    unsigned char buf[2 * KYBER_SYMBYTES];

    randombytes(buf, KYBER_SYMBYTES);
 8006500:	a810      	add	r0, sp, #64	@ 0x40
 8006502:	2120      	movs	r1, #32
int crypto_kem_enc(unsigned char *ct, unsigned char *ss, const unsigned char *pk) {
 8006504:	4615      	mov	r5, r2
    randombytes(buf, KYBER_SYMBYTES);
 8006506:	f002 febd 	bl	8009284 <randombytes>
    hash_h(buf, buf, KYBER_SYMBYTES);                                        /* Don't release system RNG output */
 800650a:	a910      	add	r1, sp, #64	@ 0x40
 800650c:	4608      	mov	r0, r1
 800650e:	2220      	movs	r2, #32
 8006510:	f002 fd3a 	bl	8008f88 <sha256>

    hash_h(buf + KYBER_SYMBYTES, pk, KYBER_PUBLICKEYBYTES);                  /* Multitarget countermeasure for coins + contributory KEM */
 8006514:	4629      	mov	r1, r5
 8006516:	a818      	add	r0, sp, #96	@ 0x60
 8006518:	f44f 7248 	mov.w	r2, #800	@ 0x320
 800651c:	f002 fd34 	bl	8008f88 <sha256>
    hash_g(kr, buf, 2 * KYBER_SYMBYTES);
 8006520:	2240      	movs	r2, #64	@ 0x40
 8006522:	eb0d 0102 	add.w	r1, sp, r2
 8006526:	4668      	mov	r0, sp
 8006528:	f002 fd4a 	bl	8008fc0 <sha512>

    indcpa_enc(ct, buf, pk, kr + KYBER_SYMBYTES);                            /* coins are in kr+KYBER_SYMBYTES */
 800652c:	ab08      	add	r3, sp, #32
 800652e:	462a      	mov	r2, r5
 8006530:	a910      	add	r1, sp, #64	@ 0x40
 8006532:	4620      	mov	r0, r4
 8006534:	f000 fb54 	bl	8006be0 <indcpa_enc>

    hash_h(kr + KYBER_SYMBYTES, ct, KYBER_CIPHERTEXTBYTES);                  /* overwrite coins in kr with H(c) */
 8006538:	4621      	mov	r1, r4
 800653a:	a808      	add	r0, sp, #32
 800653c:	f44f 7240 	mov.w	r2, #768	@ 0x300
 8006540:	f002 fd22 	bl	8008f88 <sha256>
    kdf(ss, kr, 2 * KYBER_SYMBYTES);                                         /* hash concatenation of pre-k and H(c) to k */
 8006544:	4630      	mov	r0, r6
 8006546:	2240      	movs	r2, #64	@ 0x40
 8006548:	4669      	mov	r1, sp
 800654a:	f002 fd1d 	bl	8008f88 <sha256>
    return 0;
}
 800654e:	2000      	movs	r0, #0
 8006550:	b020      	add	sp, #128	@ 0x80
 8006552:	bd70      	pop	{r4, r5, r6, pc}

08006554 <crypto_kem_dec>:
*
* Returns 0.
*
* On failure, ss will contain a pseudo-random value.
**************************************************/
int crypto_kem_dec(unsigned char *ss, const unsigned char *ct, const unsigned char *sk) {
 8006554:	b5f0      	push	{r4, r5, r6, r7, lr}
 8006556:	4614      	mov	r4, r2
 8006558:	b0a1      	sub	sp, #132	@ 0x84
 800655a:	4606      	mov	r6, r0
    unsigned char fail;
    unsigned char buf[2 * KYBER_SYMBYTES];
    unsigned char kr[2 * KYBER_SYMBYTES];                                             /* Will contain key, coins */
    const unsigned char *pk = sk + KYBER_INDCPA_SECRETKEYBYTES;

    indcpa_dec(buf, ct, sk);
 800655c:	4668      	mov	r0, sp
int crypto_kem_dec(unsigned char *ss, const unsigned char *ct, const unsigned char *sk) {
 800655e:	460d      	mov	r5, r1
    indcpa_dec(buf, ct, sk);
 8006560:	f000 fc5a 	bl	8006e18 <indcpa_dec>

    for (i = 0; i < KYBER_SYMBYTES; i++) {                                            /* Multitarget countermeasure for coins + contributory KEM */
        buf[KYBER_SYMBYTES + i] = sk[KYBER_SECRETKEYBYTES - 2 * KYBER_SYMBYTES + i];  /* Save hash by storing H(pk) in sk */
 8006564:	f8d4 0620 	ldr.w	r0, [r4, #1568]	@ 0x620
 8006568:	f8d4 1624 	ldr.w	r1, [r4, #1572]	@ 0x624
 800656c:	f8d4 2628 	ldr.w	r2, [r4, #1576]	@ 0x628
 8006570:	f8d4 362c 	ldr.w	r3, [r4, #1580]	@ 0x62c
 8006574:	f10d 0c20 	add.w	ip, sp, #32
 8006578:	e8ac 000f 	stmia.w	ip!, {r0, r1, r2, r3}
 800657c:	f8d4 0630 	ldr.w	r0, [r4, #1584]	@ 0x630
 8006580:	f8d4 1634 	ldr.w	r1, [r4, #1588]	@ 0x634
 8006584:	f8d4 2638 	ldr.w	r2, [r4, #1592]	@ 0x638
 8006588:	f8d4 363c 	ldr.w	r3, [r4, #1596]	@ 0x63c
 800658c:	e8ac 000f 	stmia.w	ip!, {r0, r1, r2, r3}
    }
    hash_g(kr, buf, 2 * KYBER_SYMBYTES);
 8006590:	4669      	mov	r1, sp
 8006592:	4660      	mov	r0, ip
 8006594:	2240      	movs	r2, #64	@ 0x40
 8006596:	f002 fd13 	bl	8008fc0 <sha512>

    fail = indcpa_enc_cmp(ct, buf, pk, kr + KYBER_SYMBYTES);                          /* coins are in kr+KYBER_SYMBYTES */
 800659a:	ab18      	add	r3, sp, #96	@ 0x60
 800659c:	4669      	mov	r1, sp
 800659e:	f504 7240 	add.w	r2, r4, #768	@ 0x300
 80065a2:	4628      	mov	r0, r5
 80065a4:	f000 fba6 	bl	8006cf4 <indcpa_enc_cmp>

    hash_h(kr + KYBER_SYMBYTES, ct, KYBER_CIPHERTEXTBYTES);                           /* overwrite coins in kr with H(c)  */
 80065a8:	4629      	mov	r1, r5
    fail = indcpa_enc_cmp(ct, buf, pk, kr + KYBER_SYMBYTES);                          /* coins are in kr+KYBER_SYMBYTES */
 80065aa:	4607      	mov	r7, r0
    hash_h(kr + KYBER_SYMBYTES, ct, KYBER_CIPHERTEXTBYTES);                           /* overwrite coins in kr with H(c)  */
 80065ac:	f44f 7240 	mov.w	r2, #768	@ 0x300
 80065b0:	a818      	add	r0, sp, #96	@ 0x60
 80065b2:	f002 fce9 	bl	8008f88 <sha256>

    cmov(kr, sk + KYBER_SECRETKEYBYTES - KYBER_SYMBYTES, KYBER_SYMBYTES, fail);       /* Overwrite pre-k with z on re-encryption failure */
 80065b6:	463b      	mov	r3, r7
 80065b8:	f504 61c8 	add.w	r1, r4, #1600	@ 0x640
 80065bc:	a810      	add	r0, sp, #64	@ 0x40
 80065be:	2220      	movs	r2, #32
 80065c0:	f7ff ff0a 	bl	80063d8 <cmov>

    kdf(ss, kr, 2 * KYBER_SYMBYTES);                                                  /* hash concatenation of pre-k and H(c) to k */
 80065c4:	2240      	movs	r2, #64	@ 0x40
 80065c6:	4630      	mov	r0, r6
 80065c8:	eb0d 0102 	add.w	r1, sp, r2
 80065cc:	f002 fcdc 	bl	8008f88 <sha256>
    return 0;
}
 80065d0:	2000      	movs	r0, #0
 80065d2:	b021      	add	sp, #132	@ 0x84
 80065d4:	bdf0      	pop	{r4, r5, r6, r7, pc}
 80065d6:	bf00      	nop

080065d8 <matacc_cache32>:
#include "poly.h"
#include "polyvec.h"
#include "symmetric.h"
#include "matacc.h"

void matacc_cache32(poly* r, const polyvec *b, polyvec *b_prime, unsigned char i, const unsigned char *seed, int transposed) {
 80065d8:	e92d 4ff0 	stmdb	sp!, {r4, r5, r6, r7, r8, r9, sl, fp, lr}
 80065dc:	f6ad 0d4c 	subw	sp, sp, #2124	@ 0x84c
 80065e0:	4690      	mov	r8, r2
  int32_t r_tmp[KYBER_N]; // stores intermediate accumulated values to save reductions
  int j = 0;
  unsigned int buflen;

  // 16-32
  buflen = XOF_BLOCKBYTES;
 80065e2:	af0a      	add	r7, sp, #40	@ 0x28
void matacc_cache32(poly* r, const polyvec *b, polyvec *b_prime, unsigned char i, const unsigned char *seed, int transposed) {
 80065e4:	f8dd 2874 	ldr.w	r2, [sp, #2164]	@ 0x874
 80065e8:	9009      	str	r0, [sp, #36]	@ 0x24
  buflen = XOF_BLOCKBYTES;
 80065ea:	f04f 0b40 	mov.w	fp, #64	@ 0x40
void matacc_cache32(poly* r, const polyvec *b, polyvec *b_prime, unsigned char i, const unsigned char *seed, int transposed) {
 80065ee:	9107      	str	r1, [sp, #28]
 80065f0:	9308      	str	r3, [sp, #32]
  buflen = XOF_BLOCKBYTES;
 80065f2:	f8c7 b000 	str.w	fp, [r7]
  if (transposed)
 80065f6:	2a00      	cmp	r2, #0
 80065f8:	d03e      	beq.n	8006678 <matacc_cache32+0xa0>
    xof_absorb(&state, seed, i, j);
 80065fa:	ac1e      	add	r4, sp, #120	@ 0x78
 80065fc:	4618      	mov	r0, r3
 80065fe:	4602      	mov	r2, r0
 8006600:	2300      	movs	r3, #0
 8006602:	f8dd 1870 	ldr.w	r1, [sp, #2160]	@ 0x870
  else
    xof_absorb(&state, seed, j, i);

  xof_squeezeblocks(buf, 1, &state);

  matacc_asm_cache_16_32(r_tmp, b->vec[j].coeffs, c, buf, zetas, &state, b_prime->vec[j].coeffs, &buflen);
 8006606:	4d2f      	ldr	r5, [pc, #188]	@ (80066c4 <matacc_cache32+0xec>)
    xof_absorb(&state, seed, i, j);
 8006608:	4620      	mov	r0, r4
  xof_squeezeblocks(buf, 1, &state);
 800660a:	ae0d      	add	r6, sp, #52	@ 0x34
    xof_absorb(&state, seed, i, j);
 800660c:	f000 fa28 	bl	8006a60 <aes256xof_absorb>
  matacc_asm_cache_16_32(r_tmp, b->vec[j].coeffs, c, buf, zetas, &state, b_prime->vec[j].coeffs, &buflen);
 8006610:	f10d 092c 	add.w	r9, sp, #44	@ 0x2c
  xof_squeezeblocks(buf, 1, &state);
 8006614:	2101      	movs	r1, #1
 8006616:	4622      	mov	r2, r4
 8006618:	4630      	mov	r0, r6
  matacc_asm_cache_16_32(r_tmp, b->vec[j].coeffs, c, buf, zetas, &state, b_prime->vec[j].coeffs, &buflen);
 800661a:	f50d 6a89 	add.w	sl, sp, #1096	@ 0x448
  xof_squeezeblocks(buf, 1, &state);
 800661e:	f000 fa33 	bl	8006a88 <aes256xof_squeezeblocks>
  matacc_asm_cache_16_32(r_tmp, b->vec[j].coeffs, c, buf, zetas, &state, b_prime->vec[j].coeffs, &buflen);
 8006622:	9907      	ldr	r1, [sp, #28]
 8006624:	9401      	str	r4, [sp, #4]
 8006626:	4633      	mov	r3, r6
 8006628:	464a      	mov	r2, r9
 800662a:	4650      	mov	r0, sl
 800662c:	e9cd 8702 	strd	r8, r7, [sp, #8]
 8006630:	9500      	str	r5, [sp, #0]
 8006632:	f7fb fd8f 	bl	8002154 <matacc_asm_cache_16_32>
  }

  // 32-16
  buflen = XOF_BLOCKBYTES;
  if (transposed)
    xof_absorb(&state, seed, i, j);
 8006636:	9a08      	ldr	r2, [sp, #32]
 8006638:	f8dd 1870 	ldr.w	r1, [sp, #2160]	@ 0x870
  buflen = XOF_BLOCKBYTES;
 800663c:	f8c7 b000 	str.w	fp, [r7]
    xof_absorb(&state, seed, i, j);
 8006640:	2301      	movs	r3, #1
 8006642:	4620      	mov	r0, r4
 8006644:	f000 fa0c 	bl	8006a60 <aes256xof_absorb>
  else
    xof_absorb(&state, seed, j, i);

  xof_squeezeblocks(buf, 1, &state);
 8006648:	4622      	mov	r2, r4
 800664a:	4630      	mov	r0, r6
 800664c:	2101      	movs	r1, #1
 800664e:	f000 fa1b 	bl	8006a88 <aes256xof_squeezeblocks>

  matacc_asm_cache_32_16(r->coeffs, b->vec[j].coeffs, c, buf, zetas, &state, b_prime->vec[j].coeffs, r_tmp, &buflen);
 8006652:	9907      	ldr	r1, [sp, #28]
 8006654:	9809      	ldr	r0, [sp, #36]	@ 0x24
 8006656:	f508 7300 	add.w	r3, r8, #512	@ 0x200
 800665a:	9302      	str	r3, [sp, #8]
 800665c:	e9cd a703 	strd	sl, r7, [sp, #12]
 8006660:	e9cd 5400 	strd	r5, r4, [sp]
 8006664:	4633      	mov	r3, r6
 8006666:	464a      	mov	r2, r9
 8006668:	f501 7100 	add.w	r1, r1, #512	@ 0x200
 800666c:	f7fb ffc6 	bl	80025fc <matacc_asm_cache_32_16>
}
 8006670:	f60d 0d4c 	addw	sp, sp, #2124	@ 0x84c
 8006674:	e8bd 8ff0 	ldmia.w	sp!, {r4, r5, r6, r7, r8, r9, sl, fp, pc}
    xof_absorb(&state, seed, j, i);
 8006678:	ac1e      	add	r4, sp, #120	@ 0x78
 800667a:	f8dd 1870 	ldr.w	r1, [sp, #2160]	@ 0x870
  matacc_asm_cache_16_32(r_tmp, b->vec[j].coeffs, c, buf, zetas, &state, b_prime->vec[j].coeffs, &buflen);
 800667e:	4d11      	ldr	r5, [pc, #68]	@ (80066c4 <matacc_cache32+0xec>)
    xof_absorb(&state, seed, j, i);
 8006680:	4620      	mov	r0, r4
  xof_squeezeblocks(buf, 1, &state);
 8006682:	ae0d      	add	r6, sp, #52	@ 0x34
    xof_absorb(&state, seed, j, i);
 8006684:	f000 f9ec 	bl	8006a60 <aes256xof_absorb>
  matacc_asm_cache_16_32(r_tmp, b->vec[j].coeffs, c, buf, zetas, &state, b_prime->vec[j].coeffs, &buflen);
 8006688:	f10d 092c 	add.w	r9, sp, #44	@ 0x2c
  xof_squeezeblocks(buf, 1, &state);
 800668c:	4622      	mov	r2, r4
 800668e:	4630      	mov	r0, r6
 8006690:	2101      	movs	r1, #1
  matacc_asm_cache_16_32(r_tmp, b->vec[j].coeffs, c, buf, zetas, &state, b_prime->vec[j].coeffs, &buflen);
 8006692:	f50d 6a89 	add.w	sl, sp, #1096	@ 0x448
  xof_squeezeblocks(buf, 1, &state);
 8006696:	f000 f9f7 	bl	8006a88 <aes256xof_squeezeblocks>
  matacc_asm_cache_16_32(r_tmp, b->vec[j].coeffs, c, buf, zetas, &state, b_prime->vec[j].coeffs, &buflen);
 800669a:	9907      	ldr	r1, [sp, #28]
 800669c:	9401      	str	r4, [sp, #4]
 800669e:	4633      	mov	r3, r6
 80066a0:	464a      	mov	r2, r9
 80066a2:	4650      	mov	r0, sl
 80066a4:	e9cd 8702 	strd	r8, r7, [sp, #8]
 80066a8:	9500      	str	r5, [sp, #0]
 80066aa:	f7fb fd53 	bl	8002154 <matacc_asm_cache_16_32>
    xof_absorb(&state, seed, j, i);
 80066ae:	9b08      	ldr	r3, [sp, #32]
 80066b0:	f8dd 1870 	ldr.w	r1, [sp, #2160]	@ 0x870
  buflen = XOF_BLOCKBYTES;
 80066b4:	f8c7 b000 	str.w	fp, [r7]
    xof_absorb(&state, seed, j, i);
 80066b8:	2201      	movs	r2, #1
 80066ba:	4620      	mov	r0, r4
 80066bc:	f000 f9d0 	bl	8006a60 <aes256xof_absorb>
 80066c0:	e7c2      	b.n	8006648 <matacc_cache32+0x70>
 80066c2:	bf00      	nop
 80066c4:	0800bf98 	.word	0x0800bf98

080066c8 <matacc_opt32>:

void matacc_opt32(poly* r, const polyvec *b, const polyvec *b_prime, unsigned char i, const unsigned char *seed, int transposed) {
 80066c8:	e92d 4ff0 	stmdb	sp!, {r4, r5, r6, r7, r8, r9, sl, fp, lr}
 80066cc:	f6ad 0d3c 	subw	sp, sp, #2108	@ 0x83c
 80066d0:	4614      	mov	r4, r2
  int16_t c[4];
  int32_t r_tmp[KYBER_N]; // stores intermediate accumulated values to save reductions
  int j = 0;
  unsigned int buflen;
  // 16-32
  buflen = XOF_BLOCKBYTES;
 80066d2:	af06      	add	r7, sp, #24
void matacc_opt32(poly* r, const polyvec *b, const polyvec *b_prime, unsigned char i, const unsigned char *seed, int transposed) {
 80066d4:	f8dd 2864 	ldr.w	r2, [sp, #2148]	@ 0x864
 80066d8:	9005      	str	r0, [sp, #20]
  buflen = XOF_BLOCKBYTES;
 80066da:	f04f 0b40 	mov.w	fp, #64	@ 0x40
void matacc_opt32(poly* r, const polyvec *b, const polyvec *b_prime, unsigned char i, const unsigned char *seed, int transposed) {
 80066de:	460e      	mov	r6, r1
 80066e0:	9304      	str	r3, [sp, #16]
  buflen = XOF_BLOCKBYTES;
 80066e2:	f8c7 b000 	str.w	fp, [r7]
  if (transposed)
 80066e6:	2a00      	cmp	r2, #0
 80066e8:	d03b      	beq.n	8006762 <matacc_opt32+0x9a>
    xof_absorb(&state, seed, i, j);
 80066ea:	ad1a      	add	r5, sp, #104	@ 0x68
 80066ec:	4619      	mov	r1, r3
 80066ee:	460a      	mov	r2, r1
 80066f0:	2300      	movs	r3, #0
 80066f2:	f8dd 1860 	ldr.w	r1, [sp, #2144]	@ 0x860
 80066f6:	4628      	mov	r0, r5
  else
    xof_absorb(&state, seed, j, i);

  xof_squeezeblocks(buf, 1, &state);
 80066f8:	f10d 0824 	add.w	r8, sp, #36	@ 0x24
    xof_absorb(&state, seed, i, j);
 80066fc:	f000 f9b0 	bl	8006a60 <aes256xof_absorb>

  matacc_asm_opt_16_32(r_tmp, b->vec[j].coeffs, c, buf, &state, b_prime->vec[j].coeffs, &buflen);
 8006700:	f10d 091c 	add.w	r9, sp, #28
  xof_squeezeblocks(buf, 1, &state);
 8006704:	2101      	movs	r1, #1
 8006706:	462a      	mov	r2, r5
 8006708:	4640      	mov	r0, r8
  matacc_asm_opt_16_32(r_tmp, b->vec[j].coeffs, c, buf, &state, b_prime->vec[j].coeffs, &buflen);
 800670a:	f50d 6a87 	add.w	sl, sp, #1080	@ 0x438
  xof_squeezeblocks(buf, 1, &state);
 800670e:	f000 f9bb 	bl	8006a88 <aes256xof_squeezeblocks>
  matacc_asm_opt_16_32(r_tmp, b->vec[j].coeffs, c, buf, &state, b_prime->vec[j].coeffs, &buflen);
 8006712:	4643      	mov	r3, r8
 8006714:	464a      	mov	r2, r9
 8006716:	4631      	mov	r1, r6
 8006718:	4650      	mov	r0, sl
 800671a:	e9cd 4701 	strd	r4, r7, [sp, #4]
 800671e:	9500      	str	r5, [sp, #0]
 8006720:	f7fc f8ce 	bl	80028c0 <matacc_asm_opt_16_32>
  }

  // 32-16
  buflen = XOF_BLOCKBYTES;
  if (transposed)
    xof_absorb(&state, seed, i, j);
 8006724:	9a04      	ldr	r2, [sp, #16]
 8006726:	f8dd 1860 	ldr.w	r1, [sp, #2144]	@ 0x860
  buflen = XOF_BLOCKBYTES;
 800672a:	f8c7 b000 	str.w	fp, [r7]
    xof_absorb(&state, seed, i, j);
 800672e:	2301      	movs	r3, #1
 8006730:	4628      	mov	r0, r5
 8006732:	f000 f995 	bl	8006a60 <aes256xof_absorb>
  else
    xof_absorb(&state, seed, j, i);

  xof_squeezeblocks(buf, 1, &state);
 8006736:	462a      	mov	r2, r5
 8006738:	4640      	mov	r0, r8
 800673a:	2101      	movs	r1, #1

  matacc_asm_opt_32_16(r->coeffs, b->vec[j].coeffs, c, buf, &state, b_prime->vec[j].coeffs, r_tmp, &buflen);
 800673c:	f504 7400 	add.w	r4, r4, #512	@ 0x200
  xof_squeezeblocks(buf, 1, &state);
 8006740:	f000 f9a2 	bl	8006a88 <aes256xof_squeezeblocks>
  matacc_asm_opt_32_16(r->coeffs, b->vec[j].coeffs, c, buf, &state, b_prime->vec[j].coeffs, r_tmp, &buflen);
 8006744:	e9cd a702 	strd	sl, r7, [sp, #8]
 8006748:	9805      	ldr	r0, [sp, #20]
 800674a:	9500      	str	r5, [sp, #0]
 800674c:	9401      	str	r4, [sp, #4]
 800674e:	4643      	mov	r3, r8
 8006750:	464a      	mov	r2, r9
 8006752:	f506 7100 	add.w	r1, r6, #512	@ 0x200
 8006756:	f7fc faa3 	bl	8002ca0 <matacc_asm_opt_32_16>
}
 800675a:	f60d 0d3c 	addw	sp, sp, #2108	@ 0x83c
 800675e:	e8bd 8ff0 	ldmia.w	sp!, {r4, r5, r6, r7, r8, r9, sl, fp, pc}
    xof_absorb(&state, seed, j, i);
 8006762:	ad1a      	add	r5, sp, #104	@ 0x68
 8006764:	f8dd 1860 	ldr.w	r1, [sp, #2144]	@ 0x860
 8006768:	4628      	mov	r0, r5
  xof_squeezeblocks(buf, 1, &state);
 800676a:	f10d 0824 	add.w	r8, sp, #36	@ 0x24
    xof_absorb(&state, seed, j, i);
 800676e:	f000 f977 	bl	8006a60 <aes256xof_absorb>
  matacc_asm_opt_16_32(r_tmp, b->vec[j].coeffs, c, buf, &state, b_prime->vec[j].coeffs, &buflen);
 8006772:	f10d 091c 	add.w	r9, sp, #28
  xof_squeezeblocks(buf, 1, &state);
 8006776:	462a      	mov	r2, r5
 8006778:	4640      	mov	r0, r8
 800677a:	2101      	movs	r1, #1
  matacc_asm_opt_16_32(r_tmp, b->vec[j].coeffs, c, buf, &state, b_prime->vec[j].coeffs, &buflen);
 800677c:	f50d 6a87 	add.w	sl, sp, #1080	@ 0x438
  xof_squeezeblocks(buf, 1, &state);
 8006780:	f000 f982 	bl	8006a88 <aes256xof_squeezeblocks>
  matacc_asm_opt_16_32(r_tmp, b->vec[j].coeffs, c, buf, &state, b_prime->vec[j].coeffs, &buflen);
 8006784:	4643      	mov	r3, r8
 8006786:	464a      	mov	r2, r9
 8006788:	4631      	mov	r1, r6
 800678a:	4650      	mov	r0, sl
 800678c:	e9cd 4701 	strd	r4, r7, [sp, #4]
 8006790:	9500      	str	r5, [sp, #0]
 8006792:	f7fc f895 	bl	80028c0 <matacc_asm_opt_16_32>
    xof_absorb(&state, seed, j, i);
 8006796:	9b04      	ldr	r3, [sp, #16]
 8006798:	f8dd 1860 	ldr.w	r1, [sp, #2144]	@ 0x860
  buflen = XOF_BLOCKBYTES;
 800679c:	f8c7 b000 	str.w	fp, [r7]
    xof_absorb(&state, seed, j, i);
 80067a0:	2201      	movs	r2, #1
 80067a2:	4628      	mov	r0, r5
 80067a4:	f000 f95c 	bl	8006a60 <aes256xof_absorb>
 80067a8:	e7c5      	b.n	8006736 <matacc_opt32+0x6e>
 80067aa:	bf00      	nop

080067ac <cbd_eta1>:
*
* Arguments:   - poly *r:                  pointer to output polynomial
*              - const unsigned char *buf: pointer to input byte array
*              - int add:                  boolean to indicate to accumulate into r
**************************************************/
void cbd_eta1(poly *r, const unsigned char *buf, int add) {
 80067ac:	e92d 4ff0 	stmdb	sp!, {r4, r5, r6, r7, r8, r9, sl, fp, lr}
  uint32_t t,d;
  int16_t a,b;

  for(i=0;i<KYBER_N/4;i++) {
    t  = load24_littleendian(buf+3*i);
    d  = t & 0x00249249;
 80067b0:	4c3f      	ldr	r4, [pc, #252]	@ (80068b0 <cbd_eta1+0x104>)
 80067b2:	f101 05c0 	add.w	r5, r1, #192	@ 0xc0
 80067b6:	2a00      	cmp	r2, #0
 80067b8:	d043      	beq.n	8006842 <cbd_eta1+0x96>
  r |= (uint32_t)x[1] << 8;
 80067ba:	784a      	ldrb	r2, [r1, #1]
  r |= (uint32_t)x[2] << 16;
 80067bc:	788e      	ldrb	r6, [r1, #2]
  r  = (uint32_t)x[0];
 80067be:	780b      	ldrb	r3, [r1, #0]
    for(j=0;j<4;j++) {
      a = (d >> (6*j+0)) & 0x7;
      b = (d >> (6*j+3)) & 0x7;
      if (!add)
        r->coeffs[4 * i + j] = 0;
      r->coeffs[4 * i + j] = r->coeffs[4 * i + j] + (a - b);
 80067c0:	f8b0 e004 	ldrh.w	lr, [r0, #4]
 80067c4:	f8b0 9002 	ldrh.w	r9, [r0, #2]
  r |= (uint32_t)x[1] << 8;
 80067c8:	0212      	lsls	r2, r2, #8
  r |= (uint32_t)x[2] << 16;
 80067ca:	ea42 4206 	orr.w	r2, r2, r6, lsl #16
 80067ce:	431a      	orrs	r2, r3
    d += (t>>1) & 0x00249249;
 80067d0:	ea04 0652 	and.w	r6, r4, r2, lsr #1
    d += (t>>2) & 0x00249249;
 80067d4:	ea04 0392 	and.w	r3, r4, r2, lsr #2
 80067d8:	4433      	add	r3, r6
    d  = t & 0x00249249;
 80067da:	4022      	ands	r2, r4
    d += (t>>2) & 0x00249249;
 80067dc:	4413      	add	r3, r2
      r->coeffs[4 * i + j] = r->coeffs[4 * i + j] + (a - b);
 80067de:	8806      	ldrh	r6, [r0, #0]
 80067e0:	88c2      	ldrh	r2, [r0, #6]
      a = (d >> (6*j+0)) & 0x7;
 80067e2:	f003 0807 	and.w	r8, r3, #7
 80067e6:	f3c3 3702 	ubfx	r7, r3, #12, #3
      r->coeffs[4 * i + j] = r->coeffs[4 * i + j] + (a - b);
 80067ea:	f04f 0c00 	mov.w	ip, #0
 80067ee:	44b0      	add	r8, r6
      b = (d >> (6*j+3)) & 0x7;
 80067f0:	f3c3 0bc2 	ubfx	fp, r3, #3, #3
      a = (d >> (6*j+0)) & 0x7;
 80067f4:	f3c3 1682 	ubfx	r6, r3, #6, #3
      r->coeffs[4 * i + j] = r->coeffs[4 * i + j] + (a - b);
 80067f8:	4477      	add	r7, lr
      b = (d >> (6*j+3)) & 0x7;
 80067fa:	f3c3 3ac2 	ubfx	sl, r3, #15, #3
      r->coeffs[4 * i + j] = r->coeffs[4 * i + j] + (a - b);
 80067fe:	46e6      	mov	lr, ip
 8006800:	444e      	add	r6, r9
 8006802:	eba2 5253 	sub.w	r2, r2, r3, lsr #21
      b = (d >> (6*j+3)) & 0x7;
 8006806:	f3c3 2942 	ubfx	r9, r3, #9, #3
      r->coeffs[4 * i + j] = r->coeffs[4 * i + j] + (a - b);
 800680a:	eba8 080b 	sub.w	r8, r8, fp
 800680e:	eba7 070a 	sub.w	r7, r7, sl
      a = (d >> (6*j+0)) & 0x7;
 8006812:	f3c3 4382 	ubfx	r3, r3, #18, #3
      r->coeffs[4 * i + j] = r->coeffs[4 * i + j] + (a - b);
 8006816:	f368 0c0f 	bfi	ip, r8, #0, #16
 800681a:	eba6 0609 	sub.w	r6, r6, r9
 800681e:	f367 0e0f 	bfi	lr, r7, #0, #16
 8006822:	4413      	add	r3, r2
  for(i=0;i<KYBER_N/4;i++) {
 8006824:	3103      	adds	r1, #3
      r->coeffs[4 * i + j] = r->coeffs[4 * i + j] + (a - b);
 8006826:	f366 4c1f 	bfi	ip, r6, #16, #16
 800682a:	f363 4e1f 	bfi	lr, r3, #16, #16
  for(i=0;i<KYBER_N/4;i++) {
 800682e:	42a9      	cmp	r1, r5
      r->coeffs[4 * i + j] = r->coeffs[4 * i + j] + (a - b);
 8006830:	f8c0 c000 	str.w	ip, [r0]
 8006834:	f8c0 e004 	str.w	lr, [r0, #4]
  for(i=0;i<KYBER_N/4;i++) {
 8006838:	f100 0008 	add.w	r0, r0, #8
 800683c:	d1bd      	bne.n	80067ba <cbd_eta1+0xe>
    }
  }
}
 800683e:	e8bd 8ff0 	ldmia.w	sp!, {r4, r5, r6, r7, r8, r9, sl, fp, pc}
  r |= (uint32_t)x[2] << 16;
 8006842:	788a      	ldrb	r2, [r1, #2]
  r |= (uint32_t)x[1] << 8;
 8006844:	784e      	ldrb	r6, [r1, #1]
  r  = (uint32_t)x[0];
 8006846:	780b      	ldrb	r3, [r1, #0]
  r |= (uint32_t)x[2] << 16;
 8006848:	0412      	lsls	r2, r2, #16
 800684a:	ea42 2206 	orr.w	r2, r2, r6, lsl #8
 800684e:	431a      	orrs	r2, r3
    d += (t>>2) & 0x00249249;
 8006850:	ea04 0692 	and.w	r6, r4, r2, lsr #2
    d += (t>>1) & 0x00249249;
 8006854:	ea04 0352 	and.w	r3, r4, r2, lsr #1
    d += (t>>2) & 0x00249249;
 8006858:	4433      	add	r3, r6
    d  = t & 0x00249249;
 800685a:	4022      	ands	r2, r4
    d += (t>>2) & 0x00249249;
 800685c:	4413      	add	r3, r2
      b = (d >> (6*j+3)) & 0x7;
 800685e:	f3c3 06c2 	ubfx	r6, r3, #3, #3
 8006862:	f3c3 3ec2 	ubfx	lr, r3, #15, #3
      r->coeffs[4 * i + j] = r->coeffs[4 * i + j] + (a - b);
 8006866:	2200      	movs	r2, #0
      a = (d >> (6*j+0)) & 0x7;
 8006868:	f003 0807 	and.w	r8, r3, #7
 800686c:	f3c3 3702 	ubfx	r7, r3, #12, #3
      r->coeffs[4 * i + j] = r->coeffs[4 * i + j] + (a - b);
 8006870:	4694      	mov	ip, r2
 8006872:	eba8 0806 	sub.w	r8, r8, r6
      b = (d >> (6*j+3)) & 0x7;
 8006876:	f3c3 2942 	ubfx	r9, r3, #9, #3
      a = (d >> (6*j+0)) & 0x7;
 800687a:	f3c3 1682 	ubfx	r6, r3, #6, #3
      r->coeffs[4 * i + j] = r->coeffs[4 * i + j] + (a - b);
 800687e:	eba7 070e 	sub.w	r7, r7, lr
      a = (d >> (6*j+0)) & 0x7;
 8006882:	f3c3 4e82 	ubfx	lr, r3, #18, #3
      r->coeffs[4 * i + j] = r->coeffs[4 * i + j] + (a - b);
 8006886:	f368 020f 	bfi	r2, r8, #0, #16
 800688a:	eba6 0609 	sub.w	r6, r6, r9
 800688e:	f367 0c0f 	bfi	ip, r7, #0, #16
 8006892:	ebae 5353 	sub.w	r3, lr, r3, lsr #21
  for(i=0;i<KYBER_N/4;i++) {
 8006896:	3103      	adds	r1, #3
      r->coeffs[4 * i + j] = r->coeffs[4 * i + j] + (a - b);
 8006898:	f366 421f 	bfi	r2, r6, #16, #16
 800689c:	f363 4c1f 	bfi	ip, r3, #16, #16
  for(i=0;i<KYBER_N/4;i++) {
 80068a0:	428d      	cmp	r5, r1
      r->coeffs[4 * i + j] = r->coeffs[4 * i + j] + (a - b);
 80068a2:	6002      	str	r2, [r0, #0]
 80068a4:	f8c0 c004 	str.w	ip, [r0, #4]
  for(i=0;i<KYBER_N/4;i++) {
 80068a8:	f100 0008 	add.w	r0, r0, #8
 80068ac:	d1c9      	bne.n	8006842 <cbd_eta1+0x96>
 80068ae:	e7c6      	b.n	800683e <cbd_eta1+0x92>
 80068b0:	00249249 	.word	0x00249249

080068b4 <cbd_eta2>:
*
* Arguments:   - poly *r:                  pointer to output polynomial
*              - const unsigned char *buf: pointer to input byte array
*              - int add:                  boolean to indicate to accumulate into r
**************************************************/
void cbd_eta2(poly *r, const unsigned char *buf, int add) {
 80068b4:	e92d 4ff0 	stmdb	sp!, {r4, r5, r6, r7, r8, r9, sl, fp, lr}
 80068b8:	2a00      	cmp	r2, #0
 80068ba:	d065      	beq.n	8006988 <cbd_eta2+0xd4>
 80068bc:	4602      	mov	r2, r0
 80068be:	460d      	mov	r5, r1
 80068c0:	f500 7600 	add.w	r6, r0, #512	@ 0x200
    r |= (uint32_t)x[3] << 24;
 80068c4:	f855 1b04 	ldr.w	r1, [r5], #4
        for (j = 0; j < 8; j++) {
            a = (d >>  4 * j)    & 0x3;
            b = (d >> (4 * j + 2)) & 0x3;
            if (!add)
              r->coeffs[8 * i + j] = 0;
            r->coeffs[8 * i + j] = r->coeffs[8 * i + j] + (a - b);
 80068c8:	f8b2 a004 	ldrh.w	sl, [r2, #4]
 80068cc:	8810      	ldrh	r0, [r2, #0]
 80068ce:	f8b2 8008 	ldrh.w	r8, [r2, #8]
 80068d2:	f8b2 e002 	ldrh.w	lr, [r2, #2]
 80068d6:	88d4      	ldrh	r4, [r2, #6]
 80068d8:	f8b2 b00a 	ldrh.w	fp, [r2, #10]
 80068dc:	f8b2 900c 	ldrh.w	r9, [r2, #12]
        d += (t >> 1) & 0x55555555;
 80068e0:	084b      	lsrs	r3, r1, #1
 80068e2:	f003 3355 	and.w	r3, r3, #1431655765	@ 0x55555555
        d  = t & 0x55555555;
 80068e6:	f001 3155 	and.w	r1, r1, #1431655765	@ 0x55555555
        d += (t >> 1) & 0x55555555;
 80068ea:	440b      	add	r3, r1
            a = (d >>  4 * j)    & 0x3;
 80068ec:	f3c3 2c01 	ubfx	ip, r3, #8, #2
 80068f0:	f003 0103 	and.w	r1, r3, #3
            r->coeffs[8 * i + j] = r->coeffs[8 * i + j] + (a - b);
 80068f4:	44d4      	add	ip, sl
            a = (d >>  4 * j)    & 0x3;
 80068f6:	f3c3 4a01 	ubfx	sl, r3, #16, #2
            r->coeffs[8 * i + j] = r->coeffs[8 * i + j] + (a - b);
 80068fa:	44c2      	add	sl, r8
 80068fc:	4401      	add	r1, r0
            b = (d >> (4 * j + 2)) & 0x3;
 80068fe:	f3c3 0881 	ubfx	r8, r3, #2, #2
 8006902:	f3c3 2081 	ubfx	r0, r3, #10, #2
            r->coeffs[8 * i + j] = r->coeffs[8 * i + j] + (a - b);
 8006906:	ebac 0c00 	sub.w	ip, ip, r0
 800690a:	eba1 0108 	sub.w	r1, r1, r8
 800690e:	2700      	movs	r7, #0
            a = (d >>  4 * j)    & 0x3;
 8006910:	f3c3 3001 	ubfx	r0, r3, #12, #2
 8006914:	f3c3 1801 	ubfx	r8, r3, #4, #2
            r->coeffs[8 * i + j] = r->coeffs[8 * i + j] + (a - b);
 8006918:	4420      	add	r0, r4
 800691a:	44f0      	add	r8, lr
            b = (d >> (4 * j + 2)) & 0x3;
 800691c:	f3c3 3481 	ubfx	r4, r3, #14, #2
            r->coeffs[8 * i + j] = r->coeffs[8 * i + j] + (a - b);
 8006920:	46be      	mov	lr, r7
 8006922:	1b00      	subs	r0, r0, r4
 8006924:	f36c 0e0f 	bfi	lr, ip, #0, #16
 8006928:	89d4      	ldrh	r4, [r2, #14]
 800692a:	f361 070f 	bfi	r7, r1, #0, #16
            b = (d >> (4 * j + 2)) & 0x3;
 800692e:	f3c3 4181 	ubfx	r1, r3, #18, #2
            r->coeffs[8 * i + j] = r->coeffs[8 * i + j] + (a - b);
 8006932:	ebaa 0c01 	sub.w	ip, sl, r1
 8006936:	f360 4e1f 	bfi	lr, r0, #16, #16
            a = (d >>  4 * j)    & 0x3;
 800693a:	f3c3 6101 	ubfx	r1, r3, #24, #2
 800693e:	f3c3 5001 	ubfx	r0, r3, #20, #2
            r->coeffs[8 * i + j] = r->coeffs[8 * i + j] + (a - b);
 8006942:	eba4 7493 	sub.w	r4, r4, r3, lsr #30
 8006946:	4458      	add	r0, fp
 8006948:	4449      	add	r1, r9
            b = (d >> (4 * j + 2)) & 0x3;
 800694a:	f3c3 5b81 	ubfx	fp, r3, #22, #2
 800694e:	f3c3 6a81 	ubfx	sl, r3, #26, #2
            a = (d >>  4 * j)    & 0x3;
 8006952:	f3c3 7901 	ubfx	r9, r3, #28, #2
            b = (d >> (4 * j + 2)) & 0x3;
 8006956:	f3c3 1381 	ubfx	r3, r3, #6, #2
            r->coeffs[8 * i + j] = r->coeffs[8 * i + j] + (a - b);
 800695a:	eba8 0803 	sub.w	r8, r8, r3
 800695e:	eba0 000b 	sub.w	r0, r0, fp
 8006962:	f368 471f 	bfi	r7, r8, #16, #16
 8006966:	eba1 010a 	sub.w	r1, r1, sl
 800696a:	eb04 0309 	add.w	r3, r4, r9
 800696e:	6017      	str	r7, [r2, #0]
 8006970:	f8c2 e004 	str.w	lr, [r2, #4]
 8006974:	f8a2 c008 	strh.w	ip, [r2, #8]
 8006978:	8150      	strh	r0, [r2, #10]
 800697a:	8191      	strh	r1, [r2, #12]
 800697c:	81d3      	strh	r3, [r2, #14]
    for (i = 0; i < KYBER_N / 8; i++) {
 800697e:	3210      	adds	r2, #16
 8006980:	42b2      	cmp	r2, r6
 8006982:	d19f      	bne.n	80068c4 <cbd_eta2+0x10>
        }
    }
}
 8006984:	e8bd 8ff0 	ldmia.w	sp!, {r4, r5, r6, r7, r8, r9, sl, fp, pc}
 8006988:	4602      	mov	r2, r0
 800698a:	468c      	mov	ip, r1
 800698c:	f500 7600 	add.w	r6, r0, #512	@ 0x200
    r |= (uint32_t)x[3] << 24;
 8006990:	f85c 0b04 	ldr.w	r0, [ip], #4
        d += (t >> 1) & 0x55555555;
 8006994:	0843      	lsrs	r3, r0, #1
 8006996:	f003 3355 	and.w	r3, r3, #1431655765	@ 0x55555555
        d  = t & 0x55555555;
 800699a:	f000 3055 	and.w	r0, r0, #1431655765	@ 0x55555555
        d += (t >> 1) & 0x55555555;
 800699e:	4403      	add	r3, r0
            b = (d >> (4 * j + 2)) & 0x3;
 80069a0:	f3c3 0e81 	ubfx	lr, r3, #2, #2
 80069a4:	f3c3 2081 	ubfx	r0, r3, #10, #2
            r->coeffs[8 * i + j] = r->coeffs[8 * i + j] + (a - b);
 80069a8:	2100      	movs	r1, #0
            a = (d >>  4 * j)    & 0x3;
 80069aa:	f003 0503 	and.w	r5, r3, #3
 80069ae:	f3c3 2401 	ubfx	r4, r3, #8, #2
            r->coeffs[8 * i + j] = r->coeffs[8 * i + j] + (a - b);
 80069b2:	eba5 050e 	sub.w	r5, r5, lr
            b = (d >> (4 * j + 2)) & 0x3;
 80069b6:	f3c3 1981 	ubfx	r9, r3, #6, #2
            r->coeffs[8 * i + j] = r->coeffs[8 * i + j] + (a - b);
 80069ba:	1a24      	subs	r4, r4, r0
            b = (d >> (4 * j + 2)) & 0x3;
 80069bc:	f3c3 3e81 	ubfx	lr, r3, #14, #2
            r->coeffs[8 * i + j] = r->coeffs[8 * i + j] + (a - b);
 80069c0:	460f      	mov	r7, r1
            a = (d >>  4 * j)    & 0x3;
 80069c2:	f3c3 1801 	ubfx	r8, r3, #4, #2
 80069c6:	f3c3 3001 	ubfx	r0, r3, #12, #2
            r->coeffs[8 * i + j] = r->coeffs[8 * i + j] + (a - b);
 80069ca:	eba8 0809 	sub.w	r8, r8, r9
 80069ce:	eba0 000e 	sub.w	r0, r0, lr
 80069d2:	f365 010f 	bfi	r1, r5, #0, #16
 80069d6:	f364 070f 	bfi	r7, r4, #0, #16
            a = (d >>  4 * j)    & 0x3;
 80069da:	f3c3 4a01 	ubfx	sl, r3, #16, #2
            b = (d >> (4 * j + 2)) & 0x3;
 80069de:	f3c3 4581 	ubfx	r5, r3, #18, #2
            a = (d >>  4 * j)    & 0x3;
 80069e2:	f3c3 5401 	ubfx	r4, r3, #20, #2
            b = (d >> (4 * j + 2)) & 0x3;
 80069e6:	f3c3 5981 	ubfx	r9, r3, #22, #2
            a = (d >>  4 * j)    & 0x3;
 80069ea:	f3c3 6e01 	ubfx	lr, r3, #24, #2
            r->coeffs[8 * i + j] = r->coeffs[8 * i + j] + (a - b);
 80069ee:	f368 411f 	bfi	r1, r8, #16, #16
 80069f2:	f360 471f 	bfi	r7, r0, #16, #16
            b = (d >> (4 * j + 2)) & 0x3;
 80069f6:	f3c3 6881 	ubfx	r8, r3, #26, #2
            a = (d >>  4 * j)    & 0x3;
 80069fa:	f3c3 7001 	ubfx	r0, r3, #28, #2
            r->coeffs[8 * i + j] = r->coeffs[8 * i + j] + (a - b);
 80069fe:	ebaa 0505 	sub.w	r5, sl, r5
 8006a02:	eba4 0409 	sub.w	r4, r4, r9
 8006a06:	ebae 0e08 	sub.w	lr, lr, r8
 8006a0a:	eba0 7393 	sub.w	r3, r0, r3, lsr #30
 8006a0e:	6011      	str	r1, [r2, #0]
 8006a10:	6057      	str	r7, [r2, #4]
 8006a12:	8115      	strh	r5, [r2, #8]
 8006a14:	8154      	strh	r4, [r2, #10]
 8006a16:	f8a2 e00c 	strh.w	lr, [r2, #12]
 8006a1a:	81d3      	strh	r3, [r2, #14]
    for (i = 0; i < KYBER_N / 8; i++) {
 8006a1c:	3210      	adds	r2, #16
 8006a1e:	4296      	cmp	r6, r2
 8006a20:	d1b6      	bne.n	8006990 <cbd_eta2+0xdc>
}
 8006a22:	e8bd 8ff0 	ldmia.w	sp!, {r4, r5, r6, r7, r8, r9, sl, fp, pc}
 8006a26:	bf00      	nop

08006a28 <aes256_prf>:
* Arguments:   - uint8_t *output:      pointer to output
*              - size_t outlen:        length of requested output in bytes
*              - const uint8_t *key:   pointer to 32-byte key
*              - uint8_t nonce:        1-byte nonce (will be zero-padded to 12 bytes)
**************************************************/
void aes256_prf(uint8_t *output, size_t outlen, const uint8_t *key, uint8_t nonce) {
 8006a28:	b530      	push	{r4, r5, lr}
 8006a2a:	b0fd      	sub	sp, #500	@ 0x1f4
 8006a2c:	460d      	mov	r5, r1
    uint8_t iv[12];
    for (int i = 1; i < 12; i++) {
        iv[i] = 0;
    }
    iv[0] = nonce;
 8006a2e:	f88d 3004 	strb.w	r3, [sp, #4]

    aes256ctx ctx;
    aes256_ctr_keyexp(&ctx, key);
 8006a32:	4611      	mov	r1, r2
        iv[i] = 0;
 8006a34:	2300      	movs	r3, #0
void aes256_prf(uint8_t *output, size_t outlen, const uint8_t *key, uint8_t nonce) {
 8006a36:	4604      	mov	r4, r0
    aes256_ctr_keyexp(&ctx, key);
 8006a38:	a804      	add	r0, sp, #16
        iv[i] = 0;
 8006a3a:	f8cd 3009 	str.w	r3, [sp, #9]
 8006a3e:	f8cd 3005 	str.w	r3, [sp, #5]
 8006a42:	9303      	str	r3, [sp, #12]
    aes256_ctr_keyexp(&ctx, key);
 8006a44:	f000 fa46 	bl	8006ed4 <aes256_ctr_keyexp>
    aes256_ctr(output, outlen, iv, &ctx);
 8006a48:	ab04      	add	r3, sp, #16
 8006a4a:	aa01      	add	r2, sp, #4
 8006a4c:	4629      	mov	r1, r5
 8006a4e:	4620      	mov	r0, r4
 8006a50:	f000 fa42 	bl	8006ed8 <aes256_ctr>
    aes256_ctx_release(&ctx);
 8006a54:	a804      	add	r0, sp, #16
 8006a56:	f000 fa9f 	bl	8006f98 <aes256_ctx_release>
}
 8006a5a:	b07d      	add	sp, #500	@ 0x1f4
 8006a5c:	bd30      	pop	{r4, r5, pc}
 8006a5e:	bf00      	nop

08006a60 <aes256xof_absorb>:
* Arguments:   - aes256xof_ctx *s:    pointer to state to "absorb" key and IV into
*              - const uint8_t *key:  pointer to 32-byte key
*              - uint8_t x:           first additional byte to "absorb"
*              - uint8_t y:           second additional byte to "absorb"
**************************************************/
void aes256xof_absorb(aes256xof_ctx *s, const uint8_t *key, uint8_t x, uint8_t y) {
 8006a60:	b570      	push	{r4, r5, r6, lr}
 8006a62:	4604      	mov	r4, r0
 8006a64:	4616      	mov	r6, r2
 8006a66:	461d      	mov	r5, r3
    aes256_ctr_keyexp_publicinputs(&s->sk_exp, key);
 8006a68:	f000 fa98 	bl	8006f9c <aes256_ctr_keyexp_publicinputs>
    for (int i = 2; i < 12; i++) {
        s->iv[i] = 0;
 8006a6c:	2100      	movs	r1, #0
 8006a6e:	f8c4 13c2 	str.w	r1, [r4, #962]	@ 0x3c2
 8006a72:	f8c4 13c6 	str.w	r1, [r4, #966]	@ 0x3c6
 8006a76:	f8a4 13ca 	strh.w	r1, [r4, #970]	@ 0x3ca
    }
    s->iv[0] = x;
 8006a7a:	f884 63c0 	strb.w	r6, [r4, #960]	@ 0x3c0
    s->iv[1] = y;
 8006a7e:	f884 53c1 	strb.w	r5, [r4, #961]	@ 0x3c1
    s->ctr = 0;
 8006a82:	f8c4 13cc 	str.w	r1, [r4, #972]	@ 0x3cc
}
 8006a86:	bd70      	pop	{r4, r5, r6, pc}

08006a88 <aes256xof_squeezeblocks>:
*
* Arguments:   - uint8_t *out:          pointer to output
*              - size_t nblocks:        number of reqested 64-byte output blocks
*              - aes256xof_ctx *s:      AES "state", i.e. expanded key and IV
**************************************************/
void aes256xof_squeezeblocks(uint8_t *out, size_t nblocks, aes256xof_ctx *s) {
 8006a88:	e92d 41f0 	stmdb	sp!, {r4, r5, r6, r7, r8, lr}
 8006a8c:	f8d2 53cc 	ldr.w	r5, [r2, #972]	@ 0x3cc
 8006a90:	b088      	sub	sp, #32
    aes256_ctr_xof(out, nblocks * 64, s->iv, s->ctr, &s->sk_exp);
 8006a92:	018f      	lsls	r7, r1, #6
void aes256xof_squeezeblocks(uint8_t *out, size_t nblocks, aes256xof_ctx *s) {
 8006a94:	4616      	mov	r6, r2
 8006a96:	4688      	mov	r8, r1
 8006a98:	4604      	mov	r4, r0
    memcpy(ivw, iv, AESCTR_NONCEBYTES);
 8006a9a:	f8d2 13c4 	ldr.w	r1, [r2, #964]	@ 0x3c4
 8006a9e:	f8d2 03c0 	ldr.w	r0, [r2, #960]	@ 0x3c0
 8006aa2:	f8d2 23c8 	ldr.w	r2, [r2, #968]	@ 0x3c8
 8006aa6:	fa95 fc85 	rev.w	ip, r5
 8006aaa:	466b      	mov	r3, sp
    while (outlen > AES_BLOCKBYTES) {
 8006aac:	2f10      	cmp	r7, #16
    memcpy(ivw, iv, AESCTR_NONCEBYTES);
 8006aae:	c307      	stmia	r3!, {r0, r1, r2}
    dst[0] = (unsigned char)(x >> 24);
 8006ab0:	f8cd c00c 	str.w	ip, [sp, #12]
    while (outlen > AES_BLOCKBYTES) {
 8006ab4:	d91b      	bls.n	8006aee <aes256xof_squeezeblocks+0x66>
 8006ab6:	4427      	add	r7, r4
        aes256_ecb_publicinputs(out, ivw, 1, ctx);
 8006ab8:	4633      	mov	r3, r6
 8006aba:	2201      	movs	r2, #1
 8006abc:	4620      	mov	r0, r4
 8006abe:	4669      	mov	r1, sp
        out += AES_BLOCKBYTES;
 8006ac0:	3410      	adds	r4, #16
        aes256_ecb_publicinputs(out, ivw, 1, ctx);
 8006ac2:	f000 fa8d 	bl	8006fe0 <aes256_ecb_publicinputs>
        br_enc32be(ivw + AESCTR_NONCEBYTES, ++ctr);
 8006ac6:	3501      	adds	r5, #1
    while (outlen > AES_BLOCKBYTES) {
 8006ac8:	1b3b      	subs	r3, r7, r4
 8006aca:	ba2a      	rev	r2, r5
 8006acc:	2b10      	cmp	r3, #16
    dst[0] = (unsigned char)(x >> 24);
 8006ace:	9203      	str	r2, [sp, #12]
    while (outlen > AES_BLOCKBYTES) {
 8006ad0:	d8f2      	bhi.n	8006ab8 <aes256xof_squeezeblocks+0x30>
        aes256_ecb_publicinputs(buf, ivw, 1, ctx);
 8006ad2:	4669      	mov	r1, sp
 8006ad4:	4633      	mov	r3, r6
 8006ad6:	2201      	movs	r2, #1
 8006ad8:	a804      	add	r0, sp, #16
            out[i] = buf[i];
 8006ada:	ad04      	add	r5, sp, #16
        aes256_ecb_publicinputs(buf, ivw, 1, ctx);
 8006adc:	f000 fa80 	bl	8006fe0 <aes256_ecb_publicinputs>
            out[i] = buf[i];
 8006ae0:	cd0f      	ldmia	r5!, {r0, r1, r2, r3}
 8006ae2:	6020      	str	r0, [r4, #0]
 8006ae4:	6061      	str	r1, [r4, #4]
 8006ae6:	60a2      	str	r2, [r4, #8]
 8006ae8:	60e3      	str	r3, [r4, #12]
    s->ctr += 4 * nblocks;
 8006aea:	f8d6 53cc 	ldr.w	r5, [r6, #972]	@ 0x3cc
 8006aee:	eb05 0588 	add.w	r5, r5, r8, lsl #2
 8006af2:	f8c6 53cc 	str.w	r5, [r6, #972]	@ 0x3cc
}
 8006af6:	b008      	add	sp, #32
 8006af8:	e8bd 81f0 	ldmia.w	sp!, {r4, r5, r6, r7, r8, pc}

08006afc <indcpa_keypair>:
*              public-key encryption scheme underlying Kyber
*
* Arguments:   - unsigned char *pk: pointer to output public key (of length KYBER_INDCPA_PUBLICKEYBYTES bytes)
*              - unsigned char *sk: pointer to output private key (of length KYBER_INDCPA_SECRETKEYBYTES bytes)
**************************************************/
void indcpa_keypair(unsigned char *pk, unsigned char *sk) {
 8006afc:	b570      	push	{r4, r5, r6, lr}
 8006afe:	f6ad 2d48 	subw	sp, sp, #2632	@ 0xa48
 8006b02:	4604      	mov	r4, r0
 8006b04:	460d      	mov	r5, r1
    unsigned char *publicseed = buf;
    unsigned char *noiseseed = buf + KYBER_SYMBYTES;
    int i;
    unsigned char nonce = 0;

    randombytes(buf, KYBER_SYMBYTES);
 8006b06:	a802      	add	r0, sp, #8
 8006b08:	2120      	movs	r1, #32
 8006b0a:	f002 fbbb 	bl	8009284 <randombytes>
    hash_g(buf, buf, KYBER_SYMBYTES);
 8006b0e:	a902      	add	r1, sp, #8
 8006b10:	4608      	mov	r0, r1
 8006b12:	2220      	movs	r2, #32
 8006b14:	f002 fa54 	bl	8008fc0 <sha512>

    for (i = 0; i < KYBER_K; i++)
        poly_getnoise_eta1(skpv.vec + i, noiseseed, nonce++);
 8006b18:	2300      	movs	r3, #0
 8006b1a:	461a      	mov	r2, r3
 8006b1c:	a90a      	add	r1, sp, #40	@ 0x28
 8006b1e:	a892      	add	r0, sp, #584	@ 0x248
 8006b20:	f7ff fad0 	bl	80060c4 <poly_noise_eta1>
 8006b24:	a90a      	add	r1, sp, #40	@ 0x28
 8006b26:	2300      	movs	r3, #0
 8006b28:	2201      	movs	r2, #1
 8006b2a:	f50d 6089 	add.w	r0, sp, #1096	@ 0x448
 8006b2e:	f7ff fac9 	bl	80060c4 <poly_noise_eta1>

    polyvec_ntt(&skpv);
 8006b32:	a892      	add	r0, sp, #584	@ 0x248
 8006b34:	f000 f9c4 	bl	8006ec0 <polyvec_ntt>
    
    // i = 0
    matacc_cache32(&pkp, &skpv, &skpv_prime, 0, publicseed, 0);
 8006b38:	2600      	movs	r6, #0
 8006b3a:	ab02      	add	r3, sp, #8
 8006b3c:	f50d 62c9 	add.w	r2, sp, #1608	@ 0x648
 8006b40:	a992      	add	r1, sp, #584	@ 0x248
 8006b42:	9300      	str	r3, [sp, #0]
 8006b44:	a812      	add	r0, sp, #72	@ 0x48
 8006b46:	4633      	mov	r3, r6
 8006b48:	9601      	str	r6, [sp, #4]
 8006b4a:	f7ff fd45 	bl	80065d8 <matacc_cache32>
    poly_invntt(&pkp);
 8006b4e:	a812      	add	r0, sp, #72	@ 0x48
 8006b50:	f7ff fae2 	bl	8006118 <poly_invntt>

    poly_addnoise_eta1(&pkp, noiseseed, nonce++);
 8006b54:	2301      	movs	r3, #1
 8006b56:	2202      	movs	r2, #2
 8006b58:	a90a      	add	r1, sp, #40	@ 0x28
 8006b5a:	a812      	add	r0, sp, #72	@ 0x48
 8006b5c:	f7ff fab2 	bl	80060c4 <poly_noise_eta1>
    poly_ntt(&pkp);
 8006b60:	a812      	add	r0, sp, #72	@ 0x48
 8006b62:	f7ff fad7 	bl	8006114 <poly_ntt>

    poly_tobytes(pk, &pkp);
 8006b66:	a912      	add	r1, sp, #72	@ 0x48
 8006b68:	4620      	mov	r0, r4
 8006b6a:	f7ff fa5d 	bl	8006028 <poly_tobytes>
    for (i = 1; i < KYBER_K; i++) {
        matacc_opt32(&pkp, &skpv, &skpv_prime, i, publicseed, 0);
 8006b6e:	ab02      	add	r3, sp, #8
 8006b70:	f50d 62c9 	add.w	r2, sp, #1608	@ 0x648
 8006b74:	a992      	add	r1, sp, #584	@ 0x248
 8006b76:	9300      	str	r3, [sp, #0]
 8006b78:	a812      	add	r0, sp, #72	@ 0x48
 8006b7a:	2301      	movs	r3, #1
 8006b7c:	9601      	str	r6, [sp, #4]
 8006b7e:	f7ff fda3 	bl	80066c8 <matacc_opt32>
        poly_invntt(&pkp);
 8006b82:	a812      	add	r0, sp, #72	@ 0x48
 8006b84:	f7ff fac8 	bl	8006118 <poly_invntt>

        poly_addnoise_eta1(&pkp, noiseseed, nonce++);
 8006b88:	2301      	movs	r3, #1
 8006b8a:	2203      	movs	r2, #3
 8006b8c:	a90a      	add	r1, sp, #40	@ 0x28
 8006b8e:	a812      	add	r0, sp, #72	@ 0x48
 8006b90:	f7ff fa98 	bl	80060c4 <poly_noise_eta1>
        poly_ntt(&pkp);
 8006b94:	a812      	add	r0, sp, #72	@ 0x48
 8006b96:	f7ff fabd 	bl	8006114 <poly_ntt>

        poly_tobytes(pk+i*KYBER_POLYBYTES, &pkp);
 8006b9a:	a912      	add	r1, sp, #72	@ 0x48
 8006b9c:	f504 70c0 	add.w	r0, r4, #384	@ 0x180
 8006ba0:	f7ff fa42 	bl	8006028 <poly_tobytes>
    }

    polyvec_tobytes(sk, &skpv);
 8006ba4:	a992      	add	r1, sp, #584	@ 0x248
 8006ba6:	4628      	mov	r0, r5
 8006ba8:	f000 f97c 	bl	8006ea4 <polyvec_tobytes>
    memcpy(pk + KYBER_POLYVECBYTES, publicseed, KYBER_SYMBYTES); // Pack the public seed in the public key
 8006bac:	f10d 0c08 	add.w	ip, sp, #8
 8006bb0:	e8bc 000f 	ldmia.w	ip!, {r0, r1, r2, r3}
 8006bb4:	f8c4 0300 	str.w	r0, [r4, #768]	@ 0x300
 8006bb8:	f8c4 1304 	str.w	r1, [r4, #772]	@ 0x304
 8006bbc:	f8c4 2308 	str.w	r2, [r4, #776]	@ 0x308
 8006bc0:	f8c4 330c 	str.w	r3, [r4, #780]	@ 0x30c
 8006bc4:	e8bc 000f 	ldmia.w	ip!, {r0, r1, r2, r3}
 8006bc8:	f8c4 0310 	str.w	r0, [r4, #784]	@ 0x310
 8006bcc:	f8c4 1314 	str.w	r1, [r4, #788]	@ 0x314
 8006bd0:	f8c4 2318 	str.w	r2, [r4, #792]	@ 0x318
 8006bd4:	f8c4 331c 	str.w	r3, [r4, #796]	@ 0x31c
}
 8006bd8:	f60d 2d48 	addw	sp, sp, #2632	@ 0xa48
 8006bdc:	bd70      	pop	{r4, r5, r6, pc}
 8006bde:	bf00      	nop

08006be0 <indcpa_enc>:
*                                           to deterministically generate all randomness
**************************************************/
void indcpa_enc(unsigned char *c,
               const unsigned char *m,
               const unsigned char *pk,
               const unsigned char *coins) {
 8006be0:	e92d 43f0 	stmdb	sp!, {r4, r5, r6, r7, r8, r9, lr}
 8006be4:	461c      	mov	r4, r3
 8006be6:	f6ad 6d0c 	subw	sp, sp, #3596	@ 0xe0c
    const unsigned char *seed = pk+KYBER_POLYVECBYTES;
    int i;
    unsigned char nonce = 0;

    for (i = 0; i < KYBER_K; i++)
        poly_getnoise_eta1(sp.vec + i, coins, nonce++);
 8006bea:	2300      	movs	r3, #0
               const unsigned char *coins) {
 8006bec:	4606      	mov	r6, r0
 8006bee:	4617      	mov	r7, r2
    const unsigned char *seed = pk+KYBER_POLYVECBYTES;
 8006bf0:	f502 7940 	add.w	r9, r2, #768	@ 0x300
               const unsigned char *coins) {
 8006bf4:	4688      	mov	r8, r1
        poly_getnoise_eta1(sp.vec + i, coins, nonce++);
 8006bf6:	461a      	mov	r2, r3
 8006bf8:	4621      	mov	r1, r4
 8006bfa:	a882      	add	r0, sp, #520	@ 0x208
 8006bfc:	f7ff fa62 	bl	80060c4 <poly_noise_eta1>
 8006c00:	4621      	mov	r1, r4
 8006c02:	2300      	movs	r3, #0
 8006c04:	2201      	movs	r2, #1
 8006c06:	f50d 6081 	add.w	r0, sp, #1032	@ 0x408

    polyvec_ntt(&sp);

    // i = 0
    matacc_cache32(&bp, &sp, &sp_prime, 0, seed, 1);
 8006c0a:	2501      	movs	r5, #1
        poly_getnoise_eta1(sp.vec + i, coins, nonce++);
 8006c0c:	f7ff fa5a 	bl	80060c4 <poly_noise_eta1>
    polyvec_ntt(&sp);
 8006c10:	a882      	add	r0, sp, #520	@ 0x208
 8006c12:	f000 f955 	bl	8006ec0 <polyvec_ntt>
    matacc_cache32(&bp, &sp, &sp_prime, 0, seed, 1);
 8006c16:	f50d 62c1 	add.w	r2, sp, #1544	@ 0x608
 8006c1a:	a982      	add	r1, sp, #520	@ 0x208
 8006c1c:	f8cd 9000 	str.w	r9, [sp]
 8006c20:	2300      	movs	r3, #0
 8006c22:	a802      	add	r0, sp, #8
 8006c24:	9501      	str	r5, [sp, #4]
 8006c26:	f7ff fcd7 	bl	80065d8 <matacc_cache32>
    poly_invntt(&bp);
 8006c2a:	a802      	add	r0, sp, #8
 8006c2c:	f7ff fa74 	bl	8006118 <poly_invntt>
    poly_addnoise_eta2(&bp, coins, nonce++);
 8006c30:	462b      	mov	r3, r5
 8006c32:	4621      	mov	r1, r4
 8006c34:	2202      	movs	r2, #2
 8006c36:	a802      	add	r0, sp, #8
 8006c38:	f7ff fa56 	bl	80060e8 <poly_noise_eta2>
    poly_reduce(&bp);
 8006c3c:	a802      	add	r0, sp, #8
 8006c3e:	f7ff fa6d 	bl	800611c <poly_reduce>
    poly_packcompress(c, &bp, 0);
 8006c42:	a902      	add	r1, sp, #8
 8006c44:	4630      	mov	r0, r6
 8006c46:	2200      	movs	r2, #0
 8006c48:	f7ff f83c 	bl	8005cc4 <poly_packcompress>
    for (i = 1; i < KYBER_K; i++) {
        matacc_opt32(&bp, &sp, &sp_prime, i, seed, 1);
 8006c4c:	462b      	mov	r3, r5
 8006c4e:	f50d 62c1 	add.w	r2, sp, #1544	@ 0x608
 8006c52:	a982      	add	r1, sp, #520	@ 0x208
 8006c54:	e9cd 9500 	strd	r9, r5, [sp]
 8006c58:	a802      	add	r0, sp, #8
 8006c5a:	f7ff fd35 	bl	80066c8 <matacc_opt32>
        poly_invntt(&bp);
 8006c5e:	a802      	add	r0, sp, #8
 8006c60:	f7ff fa5a 	bl	8006118 <poly_invntt>

        poly_addnoise_eta2(&bp, coins, nonce++);
 8006c64:	462b      	mov	r3, r5
 8006c66:	4621      	mov	r1, r4
 8006c68:	2203      	movs	r2, #3
 8006c6a:	a802      	add	r0, sp, #8
 8006c6c:	f7ff fa3c 	bl	80060e8 <poly_noise_eta2>
        poly_reduce(&bp);
 8006c70:	a802      	add	r0, sp, #8
 8006c72:	f7ff fa53 	bl	800611c <poly_reduce>

        poly_packcompress(c, &bp, i);
 8006c76:	462a      	mov	r2, r5
 8006c78:	a902      	add	r1, sp, #8
 8006c7a:	4630      	mov	r0, r6
 8006c7c:	f7ff f822 	bl	8005cc4 <poly_packcompress>
    }

    poly_frombytes(pkp, pk);
    int32_t v_tmp[KYBER_N];
    
    poly_basemul_opt_16_32(v_tmp, &sp.vec[0], pkp, &sp_prime.vec[0]);
 8006c80:	f60d 2908 	addw	r9, sp, #2568	@ 0xa08
    poly_frombytes(pkp, pk);
 8006c84:	4639      	mov	r1, r7
 8006c86:	a802      	add	r0, sp, #8
 8006c88:	f7ff f9ec 	bl	8006064 <poly_frombytes>
    poly_basemul_opt_16_32(v_tmp, &sp.vec[0], pkp, &sp_prime.vec[0]);
 8006c8c:	f50d 63c1 	add.w	r3, sp, #1544	@ 0x608
 8006c90:	aa02      	add	r2, sp, #8
 8006c92:	a982      	add	r1, sp, #520	@ 0x208
 8006c94:	4648      	mov	r0, r9
 8006c96:	f7ff fa39 	bl	800610c <poly_basemul_opt_16_32>
    for (i = 1; i < KYBER_K - 1; i++) {
        poly_frombytes(pkp, pk + i*KYBER_POLYBYTES);
        poly_basemul_acc_opt_32_32(v_tmp, &sp.vec[i], pkp, &sp_prime.vec[i]);
    }
    poly_frombytes(pkp, pk + i*KYBER_POLYBYTES);
 8006c9a:	f507 71c0 	add.w	r1, r7, #384	@ 0x180
 8006c9e:	a802      	add	r0, sp, #8
 8006ca0:	f7ff f9e0 	bl	8006064 <poly_frombytes>
    poly_basemul_acc_opt_32_16(v, &sp.vec[i], pkp, &sp_prime.vec[i], v_tmp);
 8006ca4:	f50d 6181 	add.w	r1, sp, #1032	@ 0x408
 8006ca8:	f60d 0308 	addw	r3, sp, #2056	@ 0x808
 8006cac:	aa02      	add	r2, sp, #8
 8006cae:	a882      	add	r0, sp, #520	@ 0x208
 8006cb0:	f8cd 9000 	str.w	r9, [sp]
 8006cb4:	f7ff fa2c 	bl	8006110 <poly_basemul_acc_opt_32_16>

    poly_invntt(v);
 8006cb8:	a882      	add	r0, sp, #520	@ 0x208
 8006cba:	f7ff fa2d 	bl	8006118 <poly_invntt>

    poly_addnoise_eta2(v, coins, nonce++);
 8006cbe:	462b      	mov	r3, r5
 8006cc0:	4621      	mov	r1, r4
 8006cc2:	2204      	movs	r2, #4
 8006cc4:	a882      	add	r0, sp, #520	@ 0x208
 8006cc6:	f7ff fa0f 	bl	80060e8 <poly_noise_eta2>

    poly_frommsg(k, m);
 8006cca:	4641      	mov	r1, r8
 8006ccc:	a802      	add	r0, sp, #8
 8006cce:	f7ff fa2b 	bl	8006128 <poly_frommsg>
    poly_add(v, v, k);
 8006cd2:	a982      	add	r1, sp, #520	@ 0x208
 8006cd4:	aa02      	add	r2, sp, #8
 8006cd6:	4608      	mov	r0, r1
 8006cd8:	f7ff fa22 	bl	8006120 <poly_add>
    poly_reduce(v);
 8006cdc:	a882      	add	r0, sp, #520	@ 0x208
 8006cde:	f7ff fa1d 	bl	800611c <poly_reduce>

    poly_compress(c + KYBER_POLYVECCOMPRESSEDBYTES, v);
 8006ce2:	a982      	add	r1, sp, #520	@ 0x208
 8006ce4:	f506 7020 	add.w	r0, r6, #640	@ 0x280
 8006ce8:	f7fe ff08 	bl	8005afc <poly_compress>
}
 8006cec:	f60d 6d0c 	addw	sp, sp, #3596	@ 0xe0c
 8006cf0:	e8bd 83f0 	ldmia.w	sp!, {r4, r5, r6, r7, r8, r9, pc}

08006cf4 <indcpa_enc_cmp>:
* Returns:     - boolean byte indicating that re-encrypted ciphertext is NOT equal to the original ciphertext
**************************************************/
unsigned char indcpa_enc_cmp(const unsigned char *c,
                             const unsigned char *m,
                             const unsigned char *pk,
                             const unsigned char *coins) {
 8006cf4:	e92d 47f0 	stmdb	sp!, {r4, r5, r6, r7, r8, r9, sl, lr}
 8006cf8:	461c      	mov	r4, r3
 8006cfa:	f6ad 6d08 	subw	sp, sp, #3592	@ 0xe08
    const unsigned char *seed = pk+KYBER_POLYVECBYTES;
    int i;
    unsigned char nonce = 0;

    for (i = 0; i < KYBER_K; i++)
        poly_getnoise_eta1(sp.vec + i, coins, nonce++);
 8006cfe:	2300      	movs	r3, #0
                             const unsigned char *coins) {
 8006d00:	4607      	mov	r7, r0
 8006d02:	4690      	mov	r8, r2
    const unsigned char *seed = pk+KYBER_POLYVECBYTES;
 8006d04:	f502 7640 	add.w	r6, r2, #768	@ 0x300
                             const unsigned char *coins) {
 8006d08:	4689      	mov	r9, r1
        poly_getnoise_eta1(sp.vec + i, coins, nonce++);
 8006d0a:	461a      	mov	r2, r3
 8006d0c:	4621      	mov	r1, r4
 8006d0e:	a882      	add	r0, sp, #520	@ 0x208
 8006d10:	f7ff f9d8 	bl	80060c4 <poly_noise_eta1>
 8006d14:	4621      	mov	r1, r4
 8006d16:	2300      	movs	r3, #0
 8006d18:	2201      	movs	r2, #1
 8006d1a:	f50d 6081 	add.w	r0, sp, #1032	@ 0x408

    polyvec_ntt(&sp);
    // i = 0
    matacc_cache32(&bp, &sp, &sp_prime, 0, seed, 1);
 8006d1e:	2501      	movs	r5, #1
        poly_getnoise_eta1(sp.vec + i, coins, nonce++);
 8006d20:	f7ff f9d0 	bl	80060c4 <poly_noise_eta1>
    polyvec_ntt(&sp);
 8006d24:	a882      	add	r0, sp, #520	@ 0x208
 8006d26:	f000 f8cb 	bl	8006ec0 <polyvec_ntt>
    matacc_cache32(&bp, &sp, &sp_prime, 0, seed, 1);
 8006d2a:	f50d 62c1 	add.w	r2, sp, #1544	@ 0x608
 8006d2e:	a982      	add	r1, sp, #520	@ 0x208
 8006d30:	9600      	str	r6, [sp, #0]
 8006d32:	2300      	movs	r3, #0
 8006d34:	a802      	add	r0, sp, #8
 8006d36:	9501      	str	r5, [sp, #4]
 8006d38:	f7ff fc4e 	bl	80065d8 <matacc_cache32>
    poly_invntt(&bp);
 8006d3c:	a802      	add	r0, sp, #8
 8006d3e:	f7ff f9eb 	bl	8006118 <poly_invntt>
    poly_addnoise_eta2(&bp, coins, nonce++);
 8006d42:	462b      	mov	r3, r5
 8006d44:	4621      	mov	r1, r4
 8006d46:	2202      	movs	r2, #2
 8006d48:	a802      	add	r0, sp, #8
 8006d4a:	f7ff f9cd 	bl	80060e8 <poly_noise_eta2>
    poly_reduce(&bp);
 8006d4e:	a802      	add	r0, sp, #8
 8006d50:	f7ff f9e4 	bl	800611c <poly_reduce>
    rc |= cmp_poly_packcompress(c, &bp, 0);
 8006d54:	a902      	add	r1, sp, #8
 8006d56:	2200      	movs	r2, #0
 8006d58:	4638      	mov	r0, r7
 8006d5a:	f7ff f8f1 	bl	8005f40 <cmp_poly_packcompress>
    for (i = 1; i < KYBER_K; i++) {
        matacc_opt32(&bp, &sp, &sp_prime, i, seed, 1);
 8006d5e:	462b      	mov	r3, r5
 8006d60:	f50d 62c1 	add.w	r2, sp, #1544	@ 0x608
 8006d64:	a982      	add	r1, sp, #520	@ 0x208
 8006d66:	e9cd 6500 	strd	r6, r5, [sp]
    rc |= cmp_poly_packcompress(c, &bp, 0);
 8006d6a:	4606      	mov	r6, r0
        matacc_opt32(&bp, &sp, &sp_prime, i, seed, 1);
 8006d6c:	a802      	add	r0, sp, #8
 8006d6e:	f7ff fcab 	bl	80066c8 <matacc_opt32>
        poly_invntt(&bp);
 8006d72:	a802      	add	r0, sp, #8
 8006d74:	f7ff f9d0 	bl	8006118 <poly_invntt>

        poly_addnoise_eta2(&bp, coins, nonce++);
 8006d78:	462b      	mov	r3, r5
 8006d7a:	4621      	mov	r1, r4
 8006d7c:	2203      	movs	r2, #3
 8006d7e:	a802      	add	r0, sp, #8
 8006d80:	f7ff f9b2 	bl	80060e8 <poly_noise_eta2>
        poly_reduce(&bp);
 8006d84:	a802      	add	r0, sp, #8
 8006d86:	f7ff f9c9 	bl	800611c <poly_reduce>

        rc |= cmp_poly_packcompress(c, &bp, i);
 8006d8a:	462a      	mov	r2, r5
 8006d8c:	a902      	add	r1, sp, #8
 8006d8e:	4638      	mov	r0, r7
 8006d90:	f7ff f8d6 	bl	8005f40 <cmp_poly_packcompress>
    }

    poly_frombytes(pkp, pk);
    int32_t v_tmp[KYBER_N];
    
    poly_basemul_opt_16_32(v_tmp, &sp.vec[0], pkp, &sp_prime.vec[0]);
 8006d94:	f60d 2a08 	addw	sl, sp, #2568	@ 0xa08
 8006d98:	4306      	orrs	r6, r0
    poly_frombytes(pkp, pk);
 8006d9a:	4641      	mov	r1, r8
 8006d9c:	a802      	add	r0, sp, #8
 8006d9e:	f7ff f961 	bl	8006064 <poly_frombytes>
    poly_basemul_opt_16_32(v_tmp, &sp.vec[0], pkp, &sp_prime.vec[0]);
 8006da2:	f50d 63c1 	add.w	r3, sp, #1544	@ 0x608
 8006da6:	aa02      	add	r2, sp, #8
 8006da8:	a982      	add	r1, sp, #520	@ 0x208
 8006daa:	4650      	mov	r0, sl
 8006dac:	f7ff f9ae 	bl	800610c <poly_basemul_opt_16_32>
    for (i = 1; i < KYBER_K - 1; i++) {
        poly_frombytes(pkp, pk + i*KYBER_POLYBYTES);
        poly_basemul_acc_opt_32_32(v_tmp, &sp.vec[i], pkp, &sp_prime.vec[i]);
    }
    poly_frombytes(pkp, pk + i*KYBER_POLYBYTES);
 8006db0:	f508 71c0 	add.w	r1, r8, #384	@ 0x180
 8006db4:	a802      	add	r0, sp, #8
 8006db6:	f7ff f955 	bl	8006064 <poly_frombytes>
    poly_basemul_acc_opt_32_16(v, &sp.vec[i], pkp, &sp_prime.vec[i], v_tmp);
 8006dba:	f50d 6181 	add.w	r1, sp, #1032	@ 0x408
 8006dbe:	f60d 0308 	addw	r3, sp, #2056	@ 0x808
 8006dc2:	aa02      	add	r2, sp, #8
 8006dc4:	a882      	add	r0, sp, #520	@ 0x208
 8006dc6:	f8cd a000 	str.w	sl, [sp]
 8006dca:	f7ff f9a1 	bl	8006110 <poly_basemul_acc_opt_32_16>

    poly_invntt(v);
 8006dce:	a882      	add	r0, sp, #520	@ 0x208
 8006dd0:	f7ff f9a2 	bl	8006118 <poly_invntt>

    poly_addnoise_eta2(v, coins, nonce++);
 8006dd4:	462b      	mov	r3, r5
 8006dd6:	4621      	mov	r1, r4
 8006dd8:	2204      	movs	r2, #4
 8006dda:	a882      	add	r0, sp, #520	@ 0x208
 8006ddc:	f7ff f984 	bl	80060e8 <poly_noise_eta2>
    poly_frommsg(k, m);
 8006de0:	4649      	mov	r1, r9
 8006de2:	a802      	add	r0, sp, #8
 8006de4:	f7ff f9a0 	bl	8006128 <poly_frommsg>
    poly_add(v, v, k);
 8006de8:	a982      	add	r1, sp, #520	@ 0x208
 8006dea:	aa02      	add	r2, sp, #8
 8006dec:	4608      	mov	r0, r1
 8006dee:	f7ff f997 	bl	8006120 <poly_add>
    poly_reduce(v);
 8006df2:	a882      	add	r0, sp, #520	@ 0x208
 8006df4:	f7ff f992 	bl	800611c <poly_reduce>

    rc |= cmp_poly_compress(c + KYBER_POLYVECCOMPRESSEDBYTES, v);
 8006df8:	a982      	add	r1, sp, #520	@ 0x208
 8006dfa:	f507 7020 	add.w	r0, r7, #640	@ 0x280
 8006dfe:	f7ff f80b 	bl	8005e18 <cmp_poly_compress>
 8006e02:	4330      	orrs	r0, r6
 8006e04:	17c3      	asrs	r3, r0, #31

    rc = ~rc + 1;
 8006e06:	4240      	negs	r0, r0
 8006e08:	eb63 0043 	sbc.w	r0, r3, r3, lsl #1
    rc >>= 63;
    return (unsigned char)rc;
}
 8006e0c:	0fc0      	lsrs	r0, r0, #31
 8006e0e:	f60d 6d08 	addw	sp, sp, #3592	@ 0xe08
 8006e12:	e8bd 87f0 	ldmia.w	sp!, {r4, r5, r6, r7, r8, r9, sl, pc}
 8006e16:	bf00      	nop

08006e18 <indcpa_dec>:
*              - const unsigned char *c:  pointer to input ciphertext (of length KYBER_INDCPA_BYTES)
*              - const unsigned char *sk: pointer to input secret key (of length KYBER_INDCPA_SECRETKEYBYTES)
**************************************************/
void __attribute__ ((noinline)) indcpa_dec(unsigned char *m,
                                           const unsigned char *c,
                                           const unsigned char *sk) {
 8006e18:	b570      	push	{r4, r5, r6, lr}
 8006e1a:	f5ad 6d00 	sub.w	sp, sp, #2048	@ 0x800
 8006e1e:	4615      	mov	r5, r2
 8006e20:	4606      	mov	r6, r0
    poly mp, bp;
    poly *v = &bp;
    int32_t r_tmp[KYBER_N];
    int i;
    
    poly_unpackdecompress(&mp, c, 0);
 8006e22:	2200      	movs	r2, #0
 8006e24:	4668      	mov	r0, sp
                                           const unsigned char *sk) {
 8006e26:	460c      	mov	r4, r1
    poly_unpackdecompress(&mp, c, 0);
 8006e28:	f7fe ffae 	bl	8005d88 <poly_unpackdecompress>
    poly_ntt(&mp);
 8006e2c:	4668      	mov	r0, sp
 8006e2e:	f7ff f971 	bl	8006114 <poly_ntt>
    poly_frombytes_mul_16_32(r_tmp, &mp, sk);
 8006e32:	462a      	mov	r2, r5
 8006e34:	4669      	mov	r1, sp
 8006e36:	f50d 6080 	add.w	r0, sp, #1024	@ 0x400
 8006e3a:	f7ff f931 	bl	80060a0 <poly_frombytes_mul_16_32>
    for(i = 1; i < KYBER_K - 1; i++) {
        poly_unpackdecompress(&bp, c, i);
        poly_ntt(&bp);
        poly_frombytes_mul_32_32(r_tmp, &bp, sk + i*KYBER_POLYBYTES);
    }
    poly_unpackdecompress(&bp, c, i);
 8006e3e:	4621      	mov	r1, r4
 8006e40:	2201      	movs	r2, #1
 8006e42:	a880      	add	r0, sp, #512	@ 0x200
 8006e44:	f7fe ffa0 	bl	8005d88 <poly_unpackdecompress>
    poly_ntt(&bp);
 8006e48:	a880      	add	r0, sp, #512	@ 0x200
 8006e4a:	f7ff f963 	bl	8006114 <poly_ntt>
    poly_frombytes_mul_32_16(&mp, &bp, sk + i*KYBER_POLYBYTES, r_tmp);
 8006e4e:	f50d 6380 	add.w	r3, sp, #1024	@ 0x400
 8006e52:	f505 72c0 	add.w	r2, r5, #384	@ 0x180
 8006e56:	a980      	add	r1, sp, #512	@ 0x200
 8006e58:	4668      	mov	r0, sp
 8006e5a:	f7ff f927 	bl	80060ac <poly_frombytes_mul_32_16>

    poly_invntt(&mp);
 8006e5e:	4668      	mov	r0, sp
 8006e60:	f7ff f95a 	bl	8006118 <poly_invntt>
    poly_decompress(v, c+KYBER_POLYVECCOMPRESSEDBYTES);
 8006e64:	f504 7120 	add.w	r1, r4, #640	@ 0x280
 8006e68:	a880      	add	r0, sp, #512	@ 0x200
 8006e6a:	f7fe fed5 	bl	8005c18 <poly_decompress>
    poly_sub(&mp, v, &mp);
 8006e6e:	466a      	mov	r2, sp
 8006e70:	a980      	add	r1, sp, #512	@ 0x200
 8006e72:	4668      	mov	r0, sp
 8006e74:	f7ff f956 	bl	8006124 <poly_sub>
    poly_reduce(&mp);
 8006e78:	4668      	mov	r0, sp
 8006e7a:	f7ff f94f 	bl	800611c <poly_reduce>

    poly_tomsg(m, &mp);
 8006e7e:	4669      	mov	r1, sp
 8006e80:	4630      	mov	r0, r6
 8006e82:	f7ff f98b 	bl	800619c <poly_tomsg>
}
 8006e86:	f50d 6d00 	add.w	sp, sp, #2048	@ 0x800
 8006e8a:	bd70      	pop	{r4, r5, r6, pc}

08006e8c <ntt>:
*              input is in standard order, output is in bitreversed order
*
* Arguments:   - int16_t *poly: pointer to input/output vector of 256 elements of Zq
**************************************************/
void ntt(int16_t *poly) {
    ntt_fast(poly, zetas_asm);
 8006e8c:	4901      	ldr	r1, [pc, #4]	@ (8006e94 <ntt+0x8>)
 8006e8e:	f7fa bc2f 	b.w	80016f0 <ntt_fast>
 8006e92:	bf00      	nop
 8006e94:	0800bc98 	.word	0x0800bc98

08006e98 <invntt>:
*              input is in bitreversed order, output is in standard order
*
* Arguments:   - int16_t *poly: pointer to input/output vector of 256 elements of Zq
**************************************************/
void invntt(int16_t *poly) {
    invntt_fast(poly, zetas_inv_CT_asm);
 8006e98:	4901      	ldr	r1, [pc, #4]	@ (8006ea0 <invntt+0x8>)
 8006e9a:	f7f9 bbdd 	b.w	8000658 <invntt_fast>
 8006e9e:	bf00      	nop
 8006ea0:	0800bd98 	.word	0x0800bd98

08006ea4 <polyvec_tobytes>:
*
* Arguments:   - unsigned char *r: pointer to output byte array (needs space for KYBER_POLYVECBYTES)
*              - const polyvec *a: pointer to input vector of polynomials
**************************************************/
void polyvec_tobytes(unsigned char *r, polyvec *a)
{
 8006ea4:	b538      	push	{r3, r4, r5, lr}
 8006ea6:	4604      	mov	r4, r0
 8006ea8:	460d      	mov	r5, r1
  int i;
  for(i=0;i<KYBER_K;i++)
    poly_tobytes(r+i*KYBER_POLYBYTES, &a->vec[i]);
 8006eaa:	f7ff f8bd 	bl	8006028 <poly_tobytes>
 8006eae:	f505 7100 	add.w	r1, r5, #512	@ 0x200
 8006eb2:	f504 70c0 	add.w	r0, r4, #384	@ 0x180
}
 8006eb6:	e8bd 4038 	ldmia.w	sp!, {r3, r4, r5, lr}
    poly_tobytes(r+i*KYBER_POLYBYTES, &a->vec[i]);
 8006eba:	f7ff b8b5 	b.w	8006028 <poly_tobytes>
 8006ebe:	bf00      	nop

08006ec0 <polyvec_ntt>:
* Description: Apply forward NTT to all elements of a vector of polynomials
*
* Arguments:   - polyvec *r: pointer to in/output vector of polynomials
**************************************************/
void polyvec_ntt(polyvec *r)
{
 8006ec0:	b510      	push	{r4, lr}
 8006ec2:	4604      	mov	r4, r0
  int i;
  for(i=0;i<KYBER_K;i++)
    poly_ntt(&r->vec[i]);
 8006ec4:	f7ff f926 	bl	8006114 <poly_ntt>
 8006ec8:	f504 7000 	add.w	r0, r4, #512	@ 0x200
}
 8006ecc:	e8bd 4010 	ldmia.w	sp!, {r4, lr}
    poly_ntt(&r->vec[i]);
 8006ed0:	f7ff b920 	b.w	8006114 <poly_ntt>

08006ed4 <aes256_ctr_keyexp>:
    uint64_t t1 = hal_get_time();
    hash_cycles += (t1-t0);
    #endif
}

void aes256_ctr_keyexp(aes256ctx *r, const unsigned char *key){
 8006ed4:	f7fd ba7e 	b.w	80043d4 <aes256_keyschedule_ffs>

08006ed8 <aes256_ctr>:
    hash_cycles += (t1-t0);
    #endif
}

void aes256_ctr(unsigned char *out, size_t outlen, const unsigned char *iv,
                const aes256ctx *ctx){
 8006ed8:	e92d 41f0 	stmdb	sp!, {r4, r5, r6, r7, r8, lr}
 8006edc:	b092      	sub	sp, #72	@ 0x48
    #ifdef PROFILE_HASHING
    uint64_t t0 = hal_get_time();
    #endif
    uint32_t ivw1[4] = {0};
 8006ede:	2400      	movs	r4, #0
                const aes256ctx *ctx){
 8006ee0:	460f      	mov	r7, r1
    uint32_t ivw1[4] = {0};
 8006ee2:	9405      	str	r4, [sp, #20]
    uint32_t ivw2[4] = {0};
    uint8_t buf1[AES_BLOCKBYTES];
    uint8_t buf2[AES_BLOCKBYTES];
    size_t i;

    memcpy(ivw1, iv, AESCTR_NONCEBYTES);
 8006ee4:	6851      	ldr	r1, [r2, #4]
                const aes256ctx *ctx){
 8006ee6:	4604      	mov	r4, r0
    memcpy(ivw1, iv, AESCTR_NONCEBYTES);
 8006ee8:	6810      	ldr	r0, [r2, #0]
 8006eea:	6892      	ldr	r2, [r2, #8]
                const aes256ctx *ctx){
 8006eec:	461d      	mov	r5, r3
    memcpy(ivw1, iv, AESCTR_NONCEBYTES);
 8006eee:	ab02      	add	r3, sp, #8
 8006ef0:	c307      	stmia	r3!, {r0, r1, r2}
    memcpy(ivw2, iv, AESCTR_NONCEBYTES);
 8006ef2:	ab06      	add	r3, sp, #24
 8006ef4:	c307      	stmia	r3!, {r0, r1, r2}
    inc1_be(ivw2 + 3);


    while (outlen > 2*AES_BLOCKBYTES) {
 8006ef6:	2f20      	cmp	r7, #32
    *x = br_swap32(t);
 8006ef8:	f04f 7380 	mov.w	r3, #16777216	@ 0x1000000
 8006efc:	9309      	str	r3, [sp, #36]	@ 0x24
    while (outlen > 2*AES_BLOCKBYTES) {
 8006efe:	d935      	bls.n	8006f6c <aes256_ctr+0x94>
 8006f00:	f1a7 0821 	sub.w	r8, r7, #33	@ 0x21
 8006f04:	ea4f 1858 	mov.w	r8, r8, lsr #5
 8006f08:	f108 0601 	add.w	r6, r8, #1
 8006f0c:	eb04 1646 	add.w	r6, r4, r6, lsl #5
        aes256_encrypt_ffs(out, out+AES_BLOCKBYTES, (uint8_t *)ivw1, (uint8_t *)ivw2, ctx->sk_exp);
 8006f10:	ab06      	add	r3, sp, #24
 8006f12:	aa02      	add	r2, sp, #8
 8006f14:	f104 0110 	add.w	r1, r4, #16
 8006f18:	4620      	mov	r0, r4
 8006f1a:	9500      	str	r5, [sp, #0]
 8006f1c:	f7fc fc9e 	bl	800385c <aes256_encrypt_ffs>
    uint32_t t = br_swap32(*x) + 2;
 8006f20:	9b05      	ldr	r3, [sp, #20]
 8006f22:	9a09      	ldr	r2, [sp, #36]	@ 0x24
 8006f24:	ba1b      	rev	r3, r3
    *x = br_swap32(t);
 8006f26:	ba12      	rev	r2, r2
    uint32_t t = br_swap32(*x) + 2;
 8006f28:	3302      	adds	r3, #2
 8006f2a:	3202      	adds	r2, #2
        inc2_be(ivw1 + 3);
        inc2_be(ivw2 + 3);
        out += AES_BLOCKBYTES*2;
 8006f2c:	3420      	adds	r4, #32
 8006f2e:	ba1b      	rev	r3, r3
 8006f30:	ba12      	rev	r2, r2
    while (outlen > 2*AES_BLOCKBYTES) {
 8006f32:	42a6      	cmp	r6, r4
    *x = br_swap32(t);
 8006f34:	9305      	str	r3, [sp, #20]
 8006f36:	9209      	str	r2, [sp, #36]	@ 0x24
    while (outlen > 2*AES_BLOCKBYTES) {
 8006f38:	d1ea      	bne.n	8006f10 <aes256_ctr+0x38>
 8006f3a:	3f20      	subs	r7, #32
 8006f3c:	ebc8 68c8 	rsb	r8, r8, r8, lsl #27
 8006f40:	eb07 1748 	add.w	r7, r7, r8, lsl #5
        outlen -= AES_BLOCKBYTES*2;
    }
    if (outlen >= AES_BLOCKBYTES) {
 8006f44:	2f0f      	cmp	r7, #15
 8006f46:	d916      	bls.n	8006f76 <aes256_ctr+0x9e>

        aes256_encrypt_ffs(out, buf2, (uint8_t *)ivw1, (uint8_t *)ivw2, ctx->sk_exp);
 8006f48:	aa02      	add	r2, sp, #8
 8006f4a:	9500      	str	r5, [sp, #0]
 8006f4c:	ab06      	add	r3, sp, #24
 8006f4e:	a90e      	add	r1, sp, #56	@ 0x38
 8006f50:	4630      	mov	r0, r6
 8006f52:	f7fc fc83 	bl	800385c <aes256_encrypt_ffs>
        out += AES_BLOCKBYTES;
        outlen -= AES_BLOCKBYTES;
        for (i = 0; i < outlen; i++) {
 8006f56:	f1b7 0210 	subs.w	r2, r7, #16
 8006f5a:	d004      	beq.n	8006f66 <aes256_ctr+0x8e>
            out[i] = buf2[i];
 8006f5c:	a90e      	add	r1, sp, #56	@ 0x38
 8006f5e:	f106 0010 	add.w	r0, r6, #16
 8006f62:	f7fe faef 	bl	8005544 <memcpy>
    }
    #ifdef PROFILE_HASHING
    uint64_t t1 = hal_get_time();
    hash_cycles += (t1-t0);
    #endif
}
 8006f66:	b012      	add	sp, #72	@ 0x48
 8006f68:	e8bd 81f0 	ldmia.w	sp!, {r4, r5, r6, r7, r8, pc}
    if (outlen >= AES_BLOCKBYTES) {
 8006f6c:	2f0f      	cmp	r7, #15
 8006f6e:	d811      	bhi.n	8006f94 <aes256_ctr+0xbc>
    } else if (outlen > 0) {
 8006f70:	2f00      	cmp	r7, #0
 8006f72:	d0f8      	beq.n	8006f66 <aes256_ctr+0x8e>
 8006f74:	4626      	mov	r6, r4
        aes256_encrypt_ffs(buf1, buf2, (uint8_t *)ivw1, (uint8_t *)ivw2, ctx->sk_exp);
 8006f76:	ab06      	add	r3, sp, #24
 8006f78:	aa02      	add	r2, sp, #8
 8006f7a:	a90e      	add	r1, sp, #56	@ 0x38
 8006f7c:	a80a      	add	r0, sp, #40	@ 0x28
 8006f7e:	9500      	str	r5, [sp, #0]
 8006f80:	f7fc fc6c 	bl	800385c <aes256_encrypt_ffs>
            out[i] = buf1[i];
 8006f84:	463a      	mov	r2, r7
 8006f86:	a90a      	add	r1, sp, #40	@ 0x28
 8006f88:	4630      	mov	r0, r6
 8006f8a:	f7fe fadb 	bl	8005544 <memcpy>
}
 8006f8e:	b012      	add	sp, #72	@ 0x48
 8006f90:	e8bd 81f0 	ldmia.w	sp!, {r4, r5, r6, r7, r8, pc}
 8006f94:	4626      	mov	r6, r4
 8006f96:	e7d7      	b.n	8006f48 <aes256_ctr+0x70>

08006f98 <aes256_ctx_release>:

void aes256_ctx_release(aes256ctx *r){
 8006f98:	4770      	bx	lr
 8006f9a:	bf00      	nop

08006f9c <aes256_ctr_keyexp_publicinputs>:

void aes256_ecb_keyexp_publicinputs(aes256ctx_publicinputs *r, const unsigned char *key) {
    aes256_keyexp_publicinputs(r, key);
}

void aes256_ctr_keyexp_publicinputs(aes256ctx_publicinputs *r, const unsigned char *key) {
 8006f9c:	b500      	push	{lr}
 8006f9e:	460b      	mov	r3, r1
 8006fa0:	f8d1 c000 	ldr.w	ip, [r1]
 8006fa4:	689a      	ldr	r2, [r3, #8]
 8006fa6:	6849      	ldr	r1, [r1, #4]
 8006fa8:	f8d3 e00c 	ldr.w	lr, [r3, #12]
 8006fac:	f8c0 e00c 	str.w	lr, [r0, #12]
 8006fb0:	f8c0 c000 	str.w	ip, [r0]
 8006fb4:	6041      	str	r1, [r0, #4]
 8006fb6:	6082      	str	r2, [r0, #8]
 8006fb8:	6959      	ldr	r1, [r3, #20]
 8006fba:	f8d3 e01c 	ldr.w	lr, [r3, #28]
 8006fbe:	f8d3 c010 	ldr.w	ip, [r3, #16]
 8006fc2:	699a      	ldr	r2, [r3, #24]
 8006fc4:	6182      	str	r2, [r0, #24]
 8006fc6:	6141      	str	r1, [r0, #20]
 8006fc8:	f8c0 e01c 	str.w	lr, [r0, #28]
 8006fcc:	f8c0 c010 	str.w	ip, [r0, #16]
 8006fd0:	f100 0120 	add.w	r1, r0, #32
 8006fd4:	f85d eb04 	ldr.w	lr, [sp], #4
 8006fd8:	4618      	mov	r0, r3
 8006fda:	f003 bead 	b.w	800ad38 <aes256_keyexp_publicinputs_asm>
 8006fde:	bf00      	nop

08006fe0 <aes256_ecb_publicinputs>:
    for (i = 0; i < nblocks; ++i) {
 8006fe0:	b1a2      	cbz	r2, 800700c <aes256_ecb_publicinputs+0x2c>
    uint64_t t1 = hal_get_time();
    hash_cycles += (t1-t0);
#endif
}

void aes256_ecb_publicinputs(unsigned char *out, const unsigned char *in, size_t nblocks, const aes256ctx_publicinputs *ctx) {
 8006fe2:	e92d 41f0 	stmdb	sp!, {r4, r5, r6, r7, r8, lr}
 8006fe6:	4604      	mov	r4, r0
 8006fe8:	460d      	mov	r5, r1
 8006fea:	4698      	mov	r8, r3
 8006fec:	4617      	mov	r7, r2
    for (i = 0; i < nblocks; ++i) {
 8006fee:	2600      	movs	r6, #0
        aes_encrypt_asm((uint8_t *)rkeys, in, out);
 8006ff0:	4622      	mov	r2, r4
 8006ff2:	4629      	mov	r1, r5
 8006ff4:	4640      	mov	r0, r8
    for (i = 0; i < nblocks; ++i) {
 8006ff6:	3601      	adds	r6, #1
        aes_encrypt_asm((uint8_t *)rkeys, in, out);
 8006ff8:	f004 f886 	bl	800b108 <aes256_encrypt_publicinputs_asm>
    for (i = 0; i < nblocks; ++i) {
 8006ffc:	42b7      	cmp	r7, r6
        in += AES_BLOCKBYTES;
 8006ffe:	f105 0510 	add.w	r5, r5, #16
        out += AES_BLOCKBYTES;
 8007002:	f104 0410 	add.w	r4, r4, #16
    for (i = 0; i < nblocks; ++i) {
 8007006:	d1f3      	bne.n	8006ff0 <aes256_ecb_publicinputs+0x10>

#ifdef PROFILE_HASHING
    uint64_t t1 = hal_get_time();
    hash_cycles += (t1-t0);
#endif
}
 8007008:	e8bd 81f0 	ldmia.w	sp!, {r4, r5, r6, r7, r8, pc}
 800700c:	4770      	bx	lr
 800700e:	bf00      	nop

08007010 <crypto_hashblocks_sha512>:
#define CUTOFF 32768 /* must be multiple of 128 */

extern int crypto_hashblocks_sha512_m4nofpu_inner(unsigned char *,const unsigned char *,unsigned int,const uint64_t *);

int crypto_hashblocks_sha512(unsigned char *statebytes,const unsigned char *in,unsigned long long inlen)
{
 8007010:	e92d 47f0 	stmdb	sp!, {r4, r5, r6, r7, r8, r9, sl, lr}
  while (inlen >= CUTOFF) {
 8007014:	f5b2 4f00 	cmp.w	r2, #32768	@ 0x8000
{
 8007018:	461d      	mov	r5, r3
  while (inlen >= CUTOFF) {
 800701a:	f175 0300 	sbcs.w	r3, r5, #0
{
 800701e:	4616      	mov	r6, r2
 8007020:	4607      	mov	r7, r0
 8007022:	4688      	mov	r8, r1
  while (inlen >= CUTOFF) {
 8007024:	d31f      	bcc.n	8007066 <crypto_hashblocks_sha512+0x56>
    crypto_hashblocks_sha512_m4nofpu_inner(statebytes,in,CUTOFF,constants); /* returns 0 */
 8007026:	f8df a05c 	ldr.w	sl, [pc, #92]	@ 8007084 <crypto_hashblocks_sha512+0x74>
  while (inlen >= CUTOFF) {
 800702a:	4614      	mov	r4, r2
 800702c:	eb01 0902 	add.w	r9, r1, r2
    crypto_hashblocks_sha512_m4nofpu_inner(statebytes,in,CUTOFF,constants); /* returns 0 */
 8007030:	4653      	mov	r3, sl
 8007032:	eba9 0104 	sub.w	r1, r9, r4
 8007036:	f44f 4200 	mov.w	r2, #32768	@ 0x8000
 800703a:	4638      	mov	r0, r7
 800703c:	f7fd fa82 	bl	8004544 <crypto_hashblocks_sha512_m4nofpu_inner>
    in += CUTOFF;
    inlen -= CUTOFF;
 8007040:	f5b4 4400 	subs.w	r4, r4, #32768	@ 0x8000
 8007044:	f165 0500 	sbc.w	r5, r5, #0
  while (inlen >= CUTOFF) {
 8007048:	f5b4 4f00 	cmp.w	r4, #32768	@ 0x8000
 800704c:	f175 0300 	sbcs.w	r3, r5, #0
 8007050:	d2ee      	bcs.n	8007030 <crypto_hashblocks_sha512+0x20>
 8007052:	f5b6 4300 	subs.w	r3, r6, #32768	@ 0x8000
 8007056:	f36f 030e 	bfc	r3, #0, #15
 800705a:	f503 4300 	add.w	r3, r3, #32768	@ 0x8000
 800705e:	4498      	add	r8, r3
 8007060:	f3c6 060e 	ubfx	r6, r6, #0, #15
 8007064:	2500      	movs	r5, #0
  }
  if (inlen < 128) return inlen;
 8007066:	2e80      	cmp	r6, #128	@ 0x80
 8007068:	f175 0500 	sbcs.w	r5, r5, #0
 800706c:	d202      	bcs.n	8007074 <crypto_hashblocks_sha512+0x64>
  return crypto_hashblocks_sha512_m4nofpu_inner(statebytes,in,inlen,constants);
}
 800706e:	4630      	mov	r0, r6
 8007070:	e8bd 87f0 	ldmia.w	sp!, {r4, r5, r6, r7, r8, r9, sl, pc}
  return crypto_hashblocks_sha512_m4nofpu_inner(statebytes,in,inlen,constants);
 8007074:	4632      	mov	r2, r6
 8007076:	4641      	mov	r1, r8
 8007078:	4638      	mov	r0, r7
 800707a:	4b02      	ldr	r3, [pc, #8]	@ (8007084 <crypto_hashblocks_sha512+0x74>)
}
 800707c:	e8bd 47f0 	ldmia.w	sp!, {r4, r5, r6, r7, r8, r9, sl, lr}
  return crypto_hashblocks_sha512_m4nofpu_inner(statebytes,in,inlen,constants);
 8007080:	f7fd ba60 	b.w	8004544 <crypto_hashblocks_sha512_m4nofpu_inner>
 8007084:	0800c018 	.word	0x0800c018

08007088 <crypto_hashblocks_sha256.isra.0>:
    d = c;                                           \
    c = b;                                           \
    b = a;                                           \
    a = T1 + T2;

static size_t crypto_hashblocks_sha256(uint8_t *statebytes,
 8007088:	e92d 4ff0 	stmdb	sp!, {r4, r5, r6, r7, r8, r9, sl, fp, lr}
 800708c:	4603      	mov	r3, r0
 800708e:	b09f      	sub	sp, #124	@ 0x7c
 8007090:	6804      	ldr	r4, [r0, #0]
 8007092:	6840      	ldr	r0, [r0, #4]
 8007094:	9100      	str	r1, [sp, #0]
 8007096:	460d      	mov	r5, r1
 8007098:	6899      	ldr	r1, [r3, #8]
 800709a:	ba00      	rev	r0, r0
 800709c:	9014      	str	r0, [sp, #80]	@ 0x50
 800709e:	ba08      	rev	r0, r1
 80070a0:	68d9      	ldr	r1, [r3, #12]
 80070a2:	9016      	str	r0, [sp, #88]	@ 0x58
 80070a4:	ba08      	rev	r0, r1
 80070a6:	6919      	ldr	r1, [r3, #16]
 80070a8:	9019      	str	r0, [sp, #100]	@ 0x64
 80070aa:	ba08      	rev	r0, r1
 80070ac:	6959      	ldr	r1, [r3, #20]
 80070ae:	9015      	str	r0, [sp, #84]	@ 0x54
 80070b0:	ba08      	rev	r0, r1
 80070b2:	6999      	ldr	r1, [r3, #24]
 80070b4:	9017      	str	r0, [sp, #92]	@ 0x5c
 80070b6:	ba08      	rev	r0, r1
 80070b8:	69d9      	ldr	r1, [r3, #28]
 80070ba:	9018      	str	r0, [sp, #96]	@ 0x60
 80070bc:	ba24      	rev	r4, r4
 80070be:	ba08      	rev	r0, r1
    g = load_bigendian_32(statebytes + 24);
    state[6] = g;
    h = load_bigendian_32(statebytes + 28);
    state[7] = h;

    while (inlen >= 64) {
 80070c0:	2a3f      	cmp	r2, #63	@ 0x3f
 80070c2:	9401      	str	r4, [sp, #4]
    h = load_bigendian_32(statebytes + 28);
 80070c4:	901a      	str	r0, [sp, #104]	@ 0x68
    while (inlen >= 64) {
 80070c6:	f241 85ac 	bls.w	8008c22 <crypto_hashblocks_sha256.isra.0+0x1b9a>
 80070ca:	3a40      	subs	r2, #64	@ 0x40
 80070cc:	f022 023f 	bic.w	r2, r2, #63	@ 0x3f
 80070d0:	3240      	adds	r2, #64	@ 0x40
 80070d2:	18aa      	adds	r2, r5, r2
        F_32(w7, 0x92722c85)
        F_32(w8, 0xa2bfe8a1)
        F_32(w9, 0xa81a664b)
        F_32(w10, 0xc24b8b70)
        F_32(w11, 0xc76c51a3)
        F_32(w12, 0xd192e819)
 80070d4:	e9cd 231c 	strd	r2, r3, [sp, #112]	@ 0x70
        uint32_t w0  = load_bigendian_32(in + 0);
 80070d8:	9c00      	ldr	r4, [sp, #0]
        F_32(w0, 0x428a2f98)
 80070da:	9d15      	ldr	r5, [sp, #84]	@ 0x54
 80070dc:	6823      	ldr	r3, [r4, #0]
 80070de:	991a      	ldr	r1, [sp, #104]	@ 0x68
 80070e0:	9f19      	ldr	r7, [sp, #100]	@ 0x64
 80070e2:	fa93 fb83 	rev.w	fp, r3
 80070e6:	ea4f 22f5 	mov.w	r2, r5, ror #11
 80070ea:	4be0      	ldr	r3, [pc, #896]	@ (800746c <crypto_hashblocks_sha256.isra.0+0x3e4>)
 80070ec:	4459      	add	r1, fp
 80070ee:	ea82 12b5 	eor.w	r2, r2, r5, ror #6
 80070f2:	ea82 6275 	eor.w	r2, r2, r5, ror #25
 80070f6:	440b      	add	r3, r1
 80070f8:	4413      	add	r3, r2
 80070fa:	9917      	ldr	r1, [sp, #92]	@ 0x5c
 80070fc:	9a18      	ldr	r2, [sp, #96]	@ 0x60
 80070fe:	4029      	ands	r1, r5
 8007100:	ea22 0205 	bic.w	r2, r2, r5
 8007104:	404a      	eors	r2, r1
 8007106:	4413      	add	r3, r2
 8007108:	6862      	ldr	r2, [r4, #4]
        F_32(w1, 0x71374491)
 800710a:	9918      	ldr	r1, [sp, #96]	@ 0x60
        F_32(w0, 0x428a2f98)
 800710c:	19d8      	adds	r0, r3, r7
 800710e:	ba16      	rev	r6, r2
        F_32(w1, 0x71374491)
 8007110:	4ad7      	ldr	r2, [pc, #860]	@ (8007470 <crypto_hashblocks_sha256.isra.0+0x3e8>)
 8007112:	9605      	str	r6, [sp, #20]
 8007114:	1871      	adds	r1, r6, r1
 8007116:	ea4f 27f0 	mov.w	r7, r0, ror #11
 800711a:	440a      	add	r2, r1
 800711c:	ea87 17b0 	eor.w	r7, r7, r0, ror #6
 8007120:	9917      	ldr	r1, [sp, #92]	@ 0x5c
 8007122:	ea87 6770 	eor.w	r7, r7, r0, ror #25
 8007126:	4417      	add	r7, r2
 8007128:	ea21 0200 	bic.w	r2, r1, r0
 800712c:	ea00 0105 	and.w	r1, r0, r5
 8007130:	404a      	eors	r2, r1
 8007132:	eb07 0a02 	add.w	sl, r7, r2
 8007136:	68a2      	ldr	r2, [r4, #8]
        F_32(w2, 0xb5c0fbcf)
 8007138:	9d17      	ldr	r5, [sp, #92]	@ 0x5c
 800713a:	49ce      	ldr	r1, [pc, #824]	@ (8007474 <crypto_hashblocks_sha256.isra.0+0x3ec>)
 800713c:	ba12      	rev	r2, r2
 800713e:	4617      	mov	r7, r2
        F_32(w1, 0x71374491)
 8007140:	9a16      	ldr	r2, [sp, #88]	@ 0x58
        F_32(w2, 0xb5c0fbcf)
 8007142:	9706      	str	r7, [sp, #24]
        F_32(w1, 0x71374491)
 8007144:	4452      	add	r2, sl
 8007146:	4626      	mov	r6, r4
        F_32(w2, 0xb5c0fbcf)
 8007148:	ea4f 24f2 	mov.w	r4, r2, ror #11
 800714c:	197d      	adds	r5, r7, r5
 800714e:	ea84 14b2 	eor.w	r4, r4, r2, ror #6
 8007152:	9f15      	ldr	r7, [sp, #84]	@ 0x54
 8007154:	4429      	add	r1, r5
 8007156:	ea84 6472 	eor.w	r4, r4, r2, ror #25
 800715a:	ea00 0502 	and.w	r5, r0, r2
 800715e:	440c      	add	r4, r1
 8007160:	ea27 0102 	bic.w	r1, r7, r2
 8007164:	4069      	eors	r1, r5
 8007166:	440c      	add	r4, r1
 8007168:	68f1      	ldr	r1, [r6, #12]
 800716a:	9d14      	ldr	r5, [sp, #80]	@ 0x50
 800716c:	ba09      	rev	r1, r1
 800716e:	460e      	mov	r6, r1
 8007170:	1961      	adds	r1, r4, r5
        F_32(w3, 0xe9b5dba5)
 8007172:	ea4f 28f1 	mov.w	r8, r1, ror #11
 8007176:	4dc0      	ldr	r5, [pc, #768]	@ (8007478 <crypto_hashblocks_sha256.isra.0+0x3f0>)
 8007178:	9607      	str	r6, [sp, #28]
 800717a:	ea88 18b1 	eor.w	r8, r8, r1, ror #6
 800717e:	443e      	add	r6, r7
 8007180:	4435      	add	r5, r6
 8007182:	ea88 6871 	eor.w	r8, r8, r1, ror #25
 8007186:	ea02 0601 	and.w	r6, r2, r1
 800718a:	44a8      	add	r8, r5
 800718c:	ea20 0501 	bic.w	r5, r0, r1
 8007190:	4075      	eors	r5, r6
 8007192:	9e00      	ldr	r6, [sp, #0]
 8007194:	44a8      	add	r8, r5
 8007196:	6935      	ldr	r5, [r6, #16]
        F_32(w4, 0x3956c25b)
 8007198:	4eb8      	ldr	r6, [pc, #736]	@ (800747c <crypto_hashblocks_sha256.isra.0+0x3f4>)
 800719a:	ba2d      	rev	r5, r5
 800719c:	462f      	mov	r7, r5
        F_32(w3, 0xe9b5dba5)
 800719e:	9d01      	ldr	r5, [sp, #4]
        F_32(w4, 0x3956c25b)
 80071a0:	9710      	str	r7, [sp, #64]	@ 0x40
 80071a2:	443e      	add	r6, r7
        F_32(w3, 0xe9b5dba5)
 80071a4:	eb08 0905 	add.w	r9, r8, r5
        F_32(w0, 0x428a2f98)
 80071a8:	9f01      	ldr	r7, [sp, #4]
 80071aa:	9d14      	ldr	r5, [sp, #80]	@ 0x50
        F_32(w4, 0x3956c25b)
 80071ac:	4406      	add	r6, r0
        F_32(w0, 0x428a2f98)
 80071ae:	9816      	ldr	r0, [sp, #88]	@ 0x58
        F_32(w4, 0x3956c25b)
 80071b0:	ea4f 2ef9 	mov.w	lr, r9, ror #11
        F_32(w0, 0x428a2f98)
 80071b4:	4045      	eors	r5, r0
        F_32(w4, 0x3956c25b)
 80071b6:	ea8e 1eb9 	eor.w	lr, lr, r9, ror #6
        F_32(w0, 0x428a2f98)
 80071ba:	ea4f 3077 	mov.w	r0, r7, ror #13
 80071be:	ea80 00b7 	eor.w	r0, r0, r7, ror #2
        F_32(w4, 0x3956c25b)
 80071c2:	ea8e 6e79 	eor.w	lr, lr, r9, ror #25
        F_32(w0, 0x428a2f98)
 80071c6:	403d      	ands	r5, r7
 80071c8:	ea80 50b7 	eor.w	r0, r0, r7, ror #22
        F_32(w4, 0x3956c25b)
 80071cc:	44b6      	add	lr, r6
        F_32(w0, 0x428a2f98)
 80071ce:	9f14      	ldr	r7, [sp, #80]	@ 0x50
 80071d0:	9e16      	ldr	r6, [sp, #88]	@ 0x58
 80071d2:	403e      	ands	r6, r7
 80071d4:	4075      	eors	r5, r6
 80071d6:	4428      	add	r0, r5
 80071d8:	4403      	add	r3, r0
        F_32(w4, 0x3956c25b)
 80071da:	ea01 0509 	and.w	r5, r1, r9
 80071de:	9e00      	ldr	r6, [sp, #0]
 80071e0:	ea22 0009 	bic.w	r0, r2, r9
 80071e4:	4068      	eors	r0, r5
 80071e6:	4486      	add	lr, r0
 80071e8:	6970      	ldr	r0, [r6, #20]
        F_32(w5, 0x59f111f1)
 80071ea:	4ea5      	ldr	r6, [pc, #660]	@ (8007480 <crypto_hashblocks_sha256.isra.0+0x3f8>)
        F_32(w4, 0x3956c25b)
 80071ec:	eb03 0c0e 	add.w	ip, r3, lr
 80071f0:	ba05      	rev	r5, r0
        F_32(w5, 0x59f111f1)
 80071f2:	9511      	str	r5, [sp, #68]	@ 0x44
 80071f4:	442e      	add	r6, r5
 80071f6:	ea4f 25fc 	mov.w	r5, ip, ror #11
 80071fa:	ea85 15bc 	eor.w	r5, r5, ip, ror #6
 80071fe:	4416      	add	r6, r2
 8007200:	ea85 657c 	eor.w	r5, r5, ip, ror #25
        F_32(w1, 0x71374491)
 8007204:	9a01      	ldr	r2, [sp, #4]
        F_32(w5, 0x59f111f1)
 8007206:	4435      	add	r5, r6
        F_32(w1, 0x71374491)
 8007208:	9e01      	ldr	r6, [sp, #4]
 800720a:	ea82 0007 	eor.w	r0, r2, r7
 800720e:	ea4f 3273 	mov.w	r2, r3, ror #13
 8007212:	403e      	ands	r6, r7
 8007214:	4018      	ands	r0, r3
 8007216:	ea82 02b3 	eor.w	r2, r2, r3, ror #2
 800721a:	4070      	eors	r0, r6
 800721c:	ea82 52b3 	eor.w	r2, r2, r3, ror #22
 8007220:	4402      	add	r2, r0
 8007222:	eb0a 0702 	add.w	r7, sl, r2
        F_32(w5, 0x59f111f1)
 8007226:	ea09 000c 	and.w	r0, r9, ip
 800722a:	ea21 020c 	bic.w	r2, r1, ip
 800722e:	9e00      	ldr	r6, [sp, #0]
 8007230:	4042      	eors	r2, r0
 8007232:	18aa      	adds	r2, r5, r2
 8007234:	9202      	str	r2, [sp, #8]
 8007236:	69b2      	ldr	r2, [r6, #24]
 8007238:	ba10      	rev	r0, r2
 800723a:	4605      	mov	r5, r0
 800723c:	9a02      	ldr	r2, [sp, #8]
        F_32(w6, 0x923f82a4)
 800723e:	4891      	ldr	r0, [pc, #580]	@ (8007484 <crypto_hashblocks_sha256.isra.0+0x3fc>)
 8007240:	9512      	str	r5, [sp, #72]	@ 0x48
        F_32(w5, 0x59f111f1)
 8007242:	18ba      	adds	r2, r7, r2
        F_32(w6, 0x923f82a4)
 8007244:	4428      	add	r0, r5
 8007246:	eb00 0a01 	add.w	sl, r0, r1
        F_32(w2, 0xb5c0fbcf)
 800724a:	9d01      	ldr	r5, [sp, #4]
        F_32(w6, 0x923f82a4)
 800724c:	ea4f 21f2 	mov.w	r1, r2, ror #11
 8007250:	ea81 11b2 	eor.w	r1, r1, r2, ror #6
        F_32(w2, 0xb5c0fbcf)
 8007254:	ea83 0605 	eor.w	r6, r3, r5
 8007258:	ea4f 3077 	mov.w	r0, r7, ror #13
        F_32(w6, 0x923f82a4)
 800725c:	ea81 6172 	eor.w	r1, r1, r2, ror #25
        F_32(w2, 0xb5c0fbcf)
 8007260:	403e      	ands	r6, r7
 8007262:	ea80 00b7 	eor.w	r0, r0, r7, ror #2
        F_32(w6, 0x923f82a4)
 8007266:	4451      	add	r1, sl
        F_32(w2, 0xb5c0fbcf)
 8007268:	ea03 0a05 	and.w	sl, r3, r5
 800726c:	ea86 060a 	eor.w	r6, r6, sl
 8007270:	ea80 50b7 	eor.w	r0, r0, r7, ror #22
 8007274:	4430      	add	r0, r6
 8007276:	4404      	add	r4, r0
        F_32(w6, 0x923f82a4)
 8007278:	ea0c 0602 	and.w	r6, ip, r2
 800727c:	ea29 0002 	bic.w	r0, r9, r2
 8007280:	4070      	eors	r0, r6
 8007282:	9e00      	ldr	r6, [sp, #0]
 8007284:	4401      	add	r1, r0
        F_32(w3, 0xe9b5dba5)
 8007286:	ea83 0a07 	eor.w	sl, r3, r7
 800728a:	69f0      	ldr	r0, [r6, #28]
 800728c:	ea4f 3674 	mov.w	r6, r4, ror #13
 8007290:	403b      	ands	r3, r7
 8007292:	ea86 06b4 	eor.w	r6, r6, r4, ror #2
 8007296:	ea0a 0a04 	and.w	sl, sl, r4
 800729a:	ea8a 0a03 	eor.w	sl, sl, r3
 800729e:	ea86 56b4 	eor.w	r6, r6, r4, ror #22
 80072a2:	4456      	add	r6, sl
 80072a4:	ba00      	rev	r0, r0
 80072a6:	44b0      	add	r8, r6
 80072a8:	4605      	mov	r5, r0
        F_32(w7, 0xab1c5ed5)
 80072aa:	4e77      	ldr	r6, [pc, #476]	@ (8007488 <crypto_hashblocks_sha256.isra.0+0x400>)
 80072ac:	9513      	str	r5, [sp, #76]	@ 0x4c
        F_32(w6, 0x923f82a4)
 80072ae:	1860      	adds	r0, r4, r1
        F_32(w7, 0xab1c5ed5)
 80072b0:	ea4f 23f0 	mov.w	r3, r0, ror #11
 80072b4:	ea83 13b0 	eor.w	r3, r3, r0, ror #6
 80072b8:	19ae      	adds	r6, r5, r6
 80072ba:	ea83 6370 	eor.w	r3, r3, r0, ror #25
 80072be:	444e      	add	r6, r9
 80072c0:	441e      	add	r6, r3
 80072c2:	ea02 0900 	and.w	r9, r2, r0
 80072c6:	ea2c 0300 	bic.w	r3, ip, r0
 80072ca:	9d00      	ldr	r5, [sp, #0]
        F_32(w8, 0xd807aa98)
 80072cc:	f8df a1cc 	ldr.w	sl, [pc, #460]	@ 800749c <crypto_hashblocks_sha256.isra.0+0x414>
        F_32(w7, 0xab1c5ed5)
 80072d0:	ea83 0309 	eor.w	r3, r3, r9
 80072d4:	18f3      	adds	r3, r6, r3
 80072d6:	9303      	str	r3, [sp, #12]
 80072d8:	6a2b      	ldr	r3, [r5, #32]
 80072da:	ba1b      	rev	r3, r3
 80072dc:	461e      	mov	r6, r3
        F_32(w8, 0xd807aa98)
 80072de:	44b2      	add	sl, r6
 80072e0:	44e2      	add	sl, ip
        F_32(w7, 0xab1c5ed5)
 80072e2:	9b03      	ldr	r3, [sp, #12]
        F_32(w8, 0xd807aa98)
 80072e4:	960a      	str	r6, [sp, #40]	@ 0x28
        F_32(w4, 0x3956c25b)
 80072e6:	ea87 0c04 	eor.w	ip, r7, r4
 80072ea:	ea4f 3978 	mov.w	r9, r8, ror #13
 80072ee:	4027      	ands	r7, r4
 80072f0:	ea89 09b8 	eor.w	r9, r9, r8, ror #2
 80072f4:	ea0c 0c08 	and.w	ip, ip, r8
        F_32(w7, 0xab1c5ed5)
 80072f8:	4443      	add	r3, r8
        F_32(w4, 0x3956c25b)
 80072fa:	ea8c 0c07 	eor.w	ip, ip, r7
 80072fe:	ea89 59b8 	eor.w	r9, r9, r8, ror #22
 8007302:	44e1      	add	r9, ip
        F_32(w8, 0xd807aa98)
 8007304:	ea4f 2cf3 	mov.w	ip, r3, ror #11
 8007308:	ea8c 1cb3 	eor.w	ip, ip, r3, ror #6
        F_32(w4, 0x3956c25b)
 800730c:	44ce      	add	lr, r9
        F_32(w8, 0xd807aa98)
 800730e:	ea22 0703 	bic.w	r7, r2, r3
 8007312:	ea00 0903 	and.w	r9, r0, r3
 8007316:	ea8c 6c73 	eor.w	ip, ip, r3, ror #25
 800731a:	ea87 0709 	eor.w	r7, r7, r9
 800731e:	44d4      	add	ip, sl
 8007320:	44bc      	add	ip, r7
 8007322:	6a6f      	ldr	r7, [r5, #36]	@ 0x24
 8007324:	ba3d      	rev	r5, r7
        F_32(w9, 0x12835b01)
 8007326:	4f59      	ldr	r7, [pc, #356]	@ (800748c <crypto_hashblocks_sha256.isra.0+0x404>)
 8007328:	950b      	str	r5, [sp, #44]	@ 0x2c
 800732a:	442f      	add	r7, r5
 800732c:	eb07 0a02 	add.w	sl, r7, r2
        F_32(w5, 0x59f111f1)
 8007330:	ea84 0208 	eor.w	r2, r4, r8
 8007334:	ea4f 377e 	mov.w	r7, lr, ror #13
        EXPAND_32
 8007338:	eb0b 0905 	add.w	r9, fp, r5
        F_32(w5, 0x59f111f1)
 800733c:	ea04 0408 	and.w	r4, r4, r8
 8007340:	ea87 07be 	eor.w	r7, r7, lr, ror #2
 8007344:	ea02 020e 	and.w	r2, r2, lr
 8007348:	9d02      	ldr	r5, [sp, #8]
        EXPAND_32
 800734a:	f8cd 9024 	str.w	r9, [sp, #36]	@ 0x24
        F_32(w5, 0x59f111f1)
 800734e:	4062      	eors	r2, r4
        F_32(w8, 0xd807aa98)
 8007350:	eb0e 090c 	add.w	r9, lr, ip
        F_32(w5, 0x59f111f1)
 8007354:	ea87 57be 	eor.w	r7, r7, lr, ror #22
 8007358:	4417      	add	r7, r2
        F_32(w9, 0x12835b01)
 800735a:	ea4f 22f9 	mov.w	r2, r9, ror #11
        F_32(w5, 0x59f111f1)
 800735e:	443d      	add	r5, r7
        F_32(w9, 0x12835b01)
 8007360:	ea20 0409 	bic.w	r4, r0, r9
 8007364:	ea03 0709 	and.w	r7, r3, r9
 8007368:	ea82 12b9 	eor.w	r2, r2, r9, ror #6
 800736c:	407c      	eors	r4, r7
 800736e:	ea82 6279 	eor.w	r2, r2, r9, ror #25
 8007372:	9f00      	ldr	r7, [sp, #0]
 8007374:	4452      	add	r2, sl
 8007376:	4422      	add	r2, r4
 8007378:	6abc      	ldr	r4, [r7, #40]	@ 0x28
        F_32(w10, 0x243185be)
 800737a:	4f45      	ldr	r7, [pc, #276]	@ (8007490 <crypto_hashblocks_sha256.isra.0+0x408>)
 800737c:	ba24      	rev	r4, r4
 800737e:	4626      	mov	r6, r4
 8007380:	4437      	add	r7, r6
 8007382:	eb07 0a00 	add.w	sl, r7, r0
        F_32(w6, 0x923f82a4)
 8007386:	ea88 000e 	eor.w	r0, r8, lr
 800738a:	ea4f 3775 	mov.w	r7, r5, ror #13
 800738e:	ea08 080e 	and.w	r8, r8, lr
 8007392:	ea87 07b5 	eor.w	r7, r7, r5, ror #2
 8007396:	4028      	ands	r0, r5
        F_32(w9, 0x12835b01)
 8007398:	18ac      	adds	r4, r5, r2
        F_32(w6, 0x923f82a4)
 800739a:	ea80 0008 	eor.w	r0, r0, r8
 800739e:	ea87 57b5 	eor.w	r7, r7, r5, ror #22
 80073a2:	4407      	add	r7, r0
        F_32(w10, 0x243185be)
 80073a4:	ea4f 20f4 	mov.w	r0, r4, ror #11
 80073a8:	ea80 10b4 	eor.w	r0, r0, r4, ror #6
        F_32(w6, 0x923f82a4)
 80073ac:	4439      	add	r1, r7
        F_32(w10, 0x243185be)
 80073ae:	ea09 0804 	and.w	r8, r9, r4
 80073b2:	ea23 0704 	bic.w	r7, r3, r4
 80073b6:	ea80 6074 	eor.w	r0, r0, r4, ror #25
 80073ba:	ea87 0708 	eor.w	r7, r7, r8
 80073be:	4450      	add	r0, sl
 80073c0:	4438      	add	r0, r7
 80073c2:	9f00      	ldr	r7, [sp, #0]
 80073c4:	960c      	str	r6, [sp, #48]	@ 0x30
 80073c6:	6aff      	ldr	r7, [r7, #44]	@ 0x2c
 80073c8:	ba3e      	rev	r6, r7
        F_32(w11, 0x550c7dc3)
 80073ca:	4f32      	ldr	r7, [pc, #200]	@ (8007494 <crypto_hashblocks_sha256.isra.0+0x40c>)
 80073cc:	960d      	str	r6, [sp, #52]	@ 0x34
 80073ce:	4437      	add	r7, r6
 80073d0:	eb07 0a03 	add.w	sl, r7, r3
        F_32(w7, 0xab1c5ed5)
 80073d4:	ea8e 0305 	eor.w	r3, lr, r5
 80073d8:	ea4f 3771 	mov.w	r7, r1, ror #13
 80073dc:	ea0e 0e05 	and.w	lr, lr, r5
 80073e0:	ea87 07b1 	eor.w	r7, r7, r1, ror #2
 80073e4:	400b      	ands	r3, r1
        F_32(w10, 0x243185be)
 80073e6:	eb01 0800 	add.w	r8, r1, r0
        F_32(w7, 0xab1c5ed5)
 80073ea:	ea83 030e 	eor.w	r3, r3, lr
 80073ee:	ea87 57b1 	eor.w	r7, r7, r1, ror #22
 80073f2:	441f      	add	r7, r3
 80073f4:	9e03      	ldr	r6, [sp, #12]
        F_32(w11, 0x550c7dc3)
 80073f6:	ea4f 23f8 	mov.w	r3, r8, ror #11
 80073fa:	ea83 13b8 	eor.w	r3, r3, r8, ror #6
        F_32(w7, 0xab1c5ed5)
 80073fe:	443e      	add	r6, r7
        F_32(w11, 0x550c7dc3)
 8007400:	ea04 0e08 	and.w	lr, r4, r8
 8007404:	ea29 0708 	bic.w	r7, r9, r8
 8007408:	ea83 6378 	eor.w	r3, r3, r8, ror #25
 800740c:	4453      	add	r3, sl
 800740e:	ea87 070e 	eor.w	r7, r7, lr
 8007412:	19df      	adds	r7, r3, r7
 8007414:	9702      	str	r7, [sp, #8]
 8007416:	9f00      	ldr	r7, [sp, #0]
 8007418:	6b3f      	ldr	r7, [r7, #48]	@ 0x30
 800741a:	ba3b      	rev	r3, r7
 800741c:	9f02      	ldr	r7, [sp, #8]
        F_32(w12, 0x72be5d74)
 800741e:	930e      	str	r3, [sp, #56]	@ 0x38
        F_32(w11, 0x550c7dc3)
 8007420:	eb06 0e07 	add.w	lr, r6, r7
        F_32(w8, 0xd807aa98)
 8007424:	ea85 0a01 	eor.w	sl, r5, r1
 8007428:	ea4f 3776 	mov.w	r7, r6, ror #13
 800742c:	400d      	ands	r5, r1
 800742e:	ea87 07b6 	eor.w	r7, r7, r6, ror #2
 8007432:	ea0a 0a06 	and.w	sl, sl, r6
 8007436:	ea8a 0a05 	eor.w	sl, sl, r5
 800743a:	ea87 57b6 	eor.w	r7, r7, r6, ror #22
 800743e:	4457      	add	r7, sl
 8007440:	44bc      	add	ip, r7
        F_32(w12, 0x72be5d74)
 8007442:	4f15      	ldr	r7, [pc, #84]	@ (8007498 <crypto_hashblocks_sha256.isra.0+0x410>)
 8007444:	ea4f 25fe 	mov.w	r5, lr, ror #11
 8007448:	ea85 15be 	eor.w	r5, r5, lr, ror #6
 800744c:	19df      	adds	r7, r3, r7
 800744e:	ea85 657e 	eor.w	r5, r5, lr, ror #25
 8007452:	444f      	add	r7, r9
 8007454:	442f      	add	r7, r5
 8007456:	ea08 090e 	and.w	r9, r8, lr
 800745a:	ea24 050e 	bic.w	r5, r4, lr
 800745e:	ea85 0509 	eor.w	r5, r5, r9
 8007462:	442f      	add	r7, r5
 8007464:	9d00      	ldr	r5, [sp, #0]
 8007466:	6b6d      	ldr	r5, [r5, #52]	@ 0x34
        uint32_t w14 = load_bigendian_32(in + 56);
 8007468:	ba2b      	rev	r3, r5
 800746a:	e019      	b.n	80074a0 <crypto_hashblocks_sha256.isra.0+0x418>
 800746c:	428a2f98 	.word	0x428a2f98
 8007470:	71374491 	.word	0x71374491
 8007474:	b5c0fbcf 	.word	0xb5c0fbcf
 8007478:	e9b5dba5 	.word	0xe9b5dba5
 800747c:	3956c25b 	.word	0x3956c25b
 8007480:	59f111f1 	.word	0x59f111f1
 8007484:	923f82a4 	.word	0x923f82a4
 8007488:	ab1c5ed5 	.word	0xab1c5ed5
 800748c:	12835b01 	.word	0x12835b01
 8007490:	243185be 	.word	0x243185be
 8007494:	550c7dc3 	.word	0x550c7dc3
 8007498:	72be5d74 	.word	0x72be5d74
 800749c:	d807aa98 	.word	0xd807aa98
        F_32(w13, 0x80deb1fe)
 80074a0:	4de5      	ldr	r5, [pc, #916]	@ (8007838 <crypto_hashblocks_sha256.isra.0+0x7b0>)
 80074a2:	930f      	str	r3, [sp, #60]	@ 0x3c
 80074a4:	441d      	add	r5, r3
 80074a6:	eb05 0904 	add.w	r9, r5, r4
        F_32(w9, 0x12835b01)
 80074aa:	ea81 0406 	eor.w	r4, r1, r6
 80074ae:	ea4f 357c 	mov.w	r5, ip, ror #13
 80074b2:	4031      	ands	r1, r6
 80074b4:	ea85 05bc 	eor.w	r5, r5, ip, ror #2
 80074b8:	ea04 040c 	and.w	r4, r4, ip
        F_32(w12, 0x72be5d74)
 80074bc:	eb0c 0a07 	add.w	sl, ip, r7
        F_32(w9, 0x12835b01)
 80074c0:	404c      	eors	r4, r1
 80074c2:	ea85 55bc 	eor.w	r5, r5, ip, ror #22
 80074c6:	4425      	add	r5, r4
        F_32(w13, 0x80deb1fe)
 80074c8:	ea4f 24fa 	mov.w	r4, sl, ror #11
        F_32(w9, 0x12835b01)
 80074cc:	442a      	add	r2, r5
        F_32(w13, 0x80deb1fe)
 80074ce:	ea28 010a 	bic.w	r1, r8, sl
 80074d2:	ea0e 050a 	and.w	r5, lr, sl
 80074d6:	ea84 14ba 	eor.w	r4, r4, sl, ror #6
 80074da:	4069      	eors	r1, r5
 80074dc:	ea84 647a 	eor.w	r4, r4, sl, ror #25
 80074e0:	9d00      	ldr	r5, [sp, #0]
 80074e2:	444c      	add	r4, r9
 80074e4:	440c      	add	r4, r1
 80074e6:	6ba9      	ldr	r1, [r5, #56]	@ 0x38
 80074e8:	ba09      	rev	r1, r1
 80074ea:	460b      	mov	r3, r1
        F_32(w14, 0x9bdc06a7)
 80074ec:	49d3      	ldr	r1, [pc, #844]	@ (800783c <crypto_hashblocks_sha256.isra.0+0x7b4>)
 80074ee:	9303      	str	r3, [sp, #12]
 80074f0:	4419      	add	r1, r3
 80074f2:	eb01 0908 	add.w	r9, r1, r8
        F_32(w10, 0x243185be)
 80074f6:	ea86 010c 	eor.w	r1, r6, ip
 80074fa:	ea4f 3872 	mov.w	r8, r2, ror #13
 80074fe:	ea06 060c 	and.w	r6, r6, ip
 8007502:	ea88 08b2 	eor.w	r8, r8, r2, ror #2
 8007506:	4011      	ands	r1, r2
        F_32(w13, 0x80deb1fe)
 8007508:	1915      	adds	r5, r2, r4
        F_32(w10, 0x243185be)
 800750a:	4071      	eors	r1, r6
 800750c:	ea88 58b2 	eor.w	r8, r8, r2, ror #22
 8007510:	4488      	add	r8, r1
        F_32(w14, 0x9bdc06a7)
 8007512:	ea4f 21f5 	mov.w	r1, r5, ror #11
 8007516:	ea81 11b5 	eor.w	r1, r1, r5, ror #6
        F_32(w10, 0x243185be)
 800751a:	4440      	add	r0, r8
        F_32(w14, 0x9bdc06a7)
 800751c:	ea2e 0605 	bic.w	r6, lr, r5
 8007520:	ea0a 0805 	and.w	r8, sl, r5
 8007524:	ea81 6175 	eor.w	r1, r1, r5, ror #25
 8007528:	4449      	add	r1, r9
 800752a:	ea86 0608 	eor.w	r6, r6, r8
 800752e:	198b      	adds	r3, r1, r6
 8007530:	9900      	ldr	r1, [sp, #0]
 8007532:	931b      	str	r3, [sp, #108]	@ 0x6c
 8007534:	6bce      	ldr	r6, [r1, #60]	@ 0x3c
 8007536:	ba36      	rev	r6, r6
        state[4] = e;
        state[5] = f;
        state[6] = g;
        state[7] = h;

        in += 64;
 8007538:	f101 0840 	add.w	r8, r1, #64	@ 0x40
 800753c:	4631      	mov	r1, r6
        F_32(w15, 0xc19bf174)
 800753e:	4ec0      	ldr	r6, [pc, #768]	@ (8007840 <crypto_hashblocks_sha256.isra.0+0x7b8>)
        in += 64;
 8007540:	f8cd 8000 	str.w	r8, [sp]
        F_32(w15, 0xc19bf174)
 8007544:	440e      	add	r6, r1
 8007546:	eb06 080e 	add.w	r8, r6, lr
        F_32(w11, 0x550c7dc3)
 800754a:	ea8c 0602 	eor.w	r6, ip, r2
 800754e:	ea4f 3e70 	mov.w	lr, r0, ror #13
 8007552:	ea0c 0c02 	and.w	ip, ip, r2
 8007556:	ea8e 0eb0 	eor.w	lr, lr, r0, ror #2
 800755a:	4006      	ands	r6, r0
 800755c:	ea86 060c 	eor.w	r6, r6, ip
 8007560:	ea8e 5eb0 	eor.w	lr, lr, r0, ror #22
 8007564:	44b6      	add	lr, r6
 8007566:	9e02      	ldr	r6, [sp, #8]
        F_32(w15, 0xc19bf174)
 8007568:	9104      	str	r1, [sp, #16]
        F_32(w14, 0x9bdc06a7)
 800756a:	eb00 0b03 	add.w	fp, r0, r3
        F_32(w11, 0x550c7dc3)
 800756e:	4476      	add	r6, lr
 8007570:	4633      	mov	r3, r6
        F_32(w15, 0xc19bf174)
 8007572:	ea4f 26fb 	mov.w	r6, fp, ror #11
 8007576:	ea86 16bb 	eor.w	r6, r6, fp, ror #6
 800757a:	ea05 0e0b 	and.w	lr, r5, fp
 800757e:	ea2a 0c0b 	bic.w	ip, sl, fp
 8007582:	ea86 667b 	eor.w	r6, r6, fp, ror #25
        EXPAND_32
 8007586:	9903      	ldr	r1, [sp, #12]
        F_32(w15, 0xc19bf174)
 8007588:	ea8c 0c0e 	eor.w	ip, ip, lr
 800758c:	4446      	add	r6, r8
 800758e:	4466      	add	r6, ip
 8007590:	9608      	str	r6, [sp, #32]
        EXPAND_32
 8007592:	ea4f 4cf1 	mov.w	ip, r1, ror #19
 8007596:	9e05      	ldr	r6, [sp, #20]
 8007598:	ea8c 4c71 	eor.w	ip, ip, r1, ror #17
 800759c:	ea8c 2c91 	eor.w	ip, ip, r1, lsr #10
 80075a0:	ea4f 4eb6 	mov.w	lr, r6, ror #18
 80075a4:	9909      	ldr	r1, [sp, #36]	@ 0x24
 80075a6:	ea8e 1ef6 	eor.w	lr, lr, r6, ror #7
 80075aa:	ea8e 0ed6 	eor.w	lr, lr, r6, lsr #3
 80075ae:	448c      	add	ip, r1
 80075b0:	44f4      	add	ip, lr
        F_32(w0, 0xe49b69c1)
 80075b2:	f8df e29c 	ldr.w	lr, [pc, #668]	@ 8007850 <crypto_hashblocks_sha256.isra.0+0x7c8>
        EXPAND_32
 80075b6:	f8cd c008 	str.w	ip, [sp, #8]
 80075ba:	4631      	mov	r1, r6
        F_32(w0, 0xe49b69c1)
 80075bc:	44e6      	add	lr, ip
        EXPAND_32
 80075be:	9e0c      	ldr	r6, [sp, #48]	@ 0x30
        F_32(w0, 0xe49b69c1)
 80075c0:	44d6      	add	lr, sl
        F_32(w12, 0x72be5d74)
 80075c2:	ea4f 3c73 	mov.w	ip, r3, ror #13
 80075c6:	ea82 0a00 	eor.w	sl, r2, r0
        EXPAND_32
 80075ca:	eb01 0806 	add.w	r8, r1, r6
        F_32(w12, 0x72be5d74)
 80075ce:	4002      	ands	r2, r0
        F_32(w15, 0xc19bf174)
 80075d0:	9e08      	ldr	r6, [sp, #32]
        EXPAND_32
 80075d2:	9904      	ldr	r1, [sp, #16]
        F_32(w12, 0x72be5d74)
 80075d4:	ea8c 0cb3 	eor.w	ip, ip, r3, ror #2
 80075d8:	ea0a 0a03 	and.w	sl, sl, r3
 80075dc:	ea8a 0a02 	eor.w	sl, sl, r2
 80075e0:	ea8c 5cb3 	eor.w	ip, ip, r3, ror #22
        F_32(w15, 0xc19bf174)
 80075e4:	eb03 0906 	add.w	r9, r3, r6
        F_32(w12, 0x72be5d74)
 80075e8:	44d4      	add	ip, sl
 80075ea:	4467      	add	r7, ip
        F_32(w0, 0xe49b69c1)
 80075ec:	ea4f 22f9 	mov.w	r2, r9, ror #11
        EXPAND_32
 80075f0:	ea4f 4cf1 	mov.w	ip, r1, ror #19
        F_32(w0, 0xe49b69c1)
 80075f4:	ea82 12b9 	eor.w	r2, r2, r9, ror #6
        EXPAND_32
 80075f8:	ea8c 4c71 	eor.w	ip, ip, r1, ror #17
        F_32(w0, 0xe49b69c1)
 80075fc:	ea82 6279 	eor.w	r2, r2, r9, ror #25
        EXPAND_32
 8007600:	ea8c 2c91 	eor.w	ip, ip, r1, lsr #10
 8007604:	9e06      	ldr	r6, [sp, #24]
        F_32(w0, 0xe49b69c1)
 8007606:	4472      	add	r2, lr
        EXPAND_32
 8007608:	44c4      	add	ip, r8
        F_32(w0, 0xe49b69c1)
 800760a:	ea25 0e09 	bic.w	lr, r5, r9
 800760e:	ea0b 0809 	and.w	r8, fp, r9
 8007612:	ea8e 0e08 	eor.w	lr, lr, r8
 8007616:	4472      	add	r2, lr
        EXPAND_32
 8007618:	ea4f 4eb6 	mov.w	lr, r6, ror #18
 800761c:	ea8e 1ef6 	eor.w	lr, lr, r6, ror #7
 8007620:	ea8e 0ed6 	eor.w	lr, lr, r6, lsr #3
 8007624:	44f4      	add	ip, lr
        F_32(w1, 0xefbe4786)
 8007626:	f8df 822c 	ldr.w	r8, [pc, #556]	@ 8007854 <crypto_hashblocks_sha256.isra.0+0x7cc>
        F_32(w0, 0xe49b69c1)
 800762a:	9209      	str	r2, [sp, #36]	@ 0x24
        EXPAND_32
 800762c:	4661      	mov	r1, ip
 800762e:	4632      	mov	r2, r6
 8007630:	9e0d      	ldr	r6, [sp, #52]	@ 0x34
        F_32(w1, 0xefbe4786)
 8007632:	9105      	str	r1, [sp, #20]
 8007634:	4488      	add	r8, r1
        EXPAND_32
 8007636:	eb02 0a06 	add.w	sl, r2, r6
        F_32(w1, 0xefbe4786)
 800763a:	44a8      	add	r8, r5
        F_32(w0, 0xe49b69c1)
 800763c:	9a09      	ldr	r2, [sp, #36]	@ 0x24
        EXPAND_32
 800763e:	9902      	ldr	r1, [sp, #8]
 8007640:	9e0e      	ldr	r6, [sp, #56]	@ 0x38
        F_32(w13, 0x80deb1fe)
 8007642:	ea80 0503 	eor.w	r5, r0, r3
 8007646:	ea4f 3e77 	mov.w	lr, r7, ror #13
 800764a:	4018      	ands	r0, r3
 800764c:	ea8e 0eb7 	eor.w	lr, lr, r7, ror #2
 8007650:	403d      	ands	r5, r7
        F_32(w0, 0xe49b69c1)
 8007652:	eb07 0c02 	add.w	ip, r7, r2
        F_32(w13, 0x80deb1fe)
 8007656:	4045      	eors	r5, r0
 8007658:	ea8e 5eb7 	eor.w	lr, lr, r7, ror #22
 800765c:	44ae      	add	lr, r5
        F_32(w1, 0xefbe4786)
 800765e:	ea4f 25fc 	mov.w	r5, ip, ror #11
 8007662:	ea85 15bc 	eor.w	r5, r5, ip, ror #6
        EXPAND_32
 8007666:	9a07      	ldr	r2, [sp, #28]
        F_32(w1, 0xefbe4786)
 8007668:	ea85 657c 	eor.w	r5, r5, ip, ror #25
        F_32(w13, 0x80deb1fe)
 800766c:	4474      	add	r4, lr
        F_32(w1, 0xefbe4786)
 800766e:	4445      	add	r5, r8
 8007670:	ea2b 0e0c 	bic.w	lr, fp, ip
 8007674:	ea09 080c 	and.w	r8, r9, ip
 8007678:	ea8e 0e08 	eor.w	lr, lr, r8
        EXPAND_32
 800767c:	ea4f 40b2 	mov.w	r0, r2, ror #18
        F_32(w1, 0xefbe4786)
 8007680:	4475      	add	r5, lr
        EXPAND_32
 8007682:	ea80 10f2 	eor.w	r0, r0, r2, ror #7
 8007686:	ea4f 4ef1 	mov.w	lr, r1, ror #19
 800768a:	ea80 00d2 	eor.w	r0, r0, r2, lsr #3
 800768e:	ea8e 4e71 	eor.w	lr, lr, r1, ror #17
 8007692:	4450      	add	r0, sl
 8007694:	ea8e 2e91 	eor.w	lr, lr, r1, lsr #10
 8007698:	4486      	add	lr, r0
        F_32(w2, 0x0fc19dc6)
 800769a:	486a      	ldr	r0, [pc, #424]	@ (8007844 <crypto_hashblocks_sha256.isra.0+0x7bc>)
 800769c:	f8cd e018 	str.w	lr, [sp, #24]
 80076a0:	4470      	add	r0, lr
 80076a2:	eb00 0e0b 	add.w	lr, r0, fp
        F_32(w14, 0x9bdc06a7)
 80076a6:	ea83 0b07 	eor.w	fp, r3, r7
        F_32(w1, 0xefbe4786)
 80076aa:	eb04 0805 	add.w	r8, r4, r5
        F_32(w14, 0x9bdc06a7)
 80076ae:	403b      	ands	r3, r7
 80076b0:	ea4f 3074 	mov.w	r0, r4, ror #13
 80076b4:	ea0b 0b04 	and.w	fp, fp, r4
 80076b8:	ea8b 0b03 	eor.w	fp, fp, r3
 80076bc:	ea80 00b4 	eor.w	r0, r0, r4, ror #2
        F_32(w2, 0x0fc19dc6)
 80076c0:	ea4f 23f8 	mov.w	r3, r8, ror #11
        EXPAND_32
 80076c4:	eb02 0a06 	add.w	sl, r2, r6
        F_32(w14, 0x9bdc06a7)
 80076c8:	991b      	ldr	r1, [sp, #108]	@ 0x6c
        EXPAND_32
 80076ca:	9a10      	ldr	r2, [sp, #64]	@ 0x40
 80076cc:	9e0f      	ldr	r6, [sp, #60]	@ 0x3c
        F_32(w14, 0x9bdc06a7)
 80076ce:	ea80 50b4 	eor.w	r0, r0, r4, ror #22
        F_32(w2, 0x0fc19dc6)
 80076d2:	ea83 13b8 	eor.w	r3, r3, r8, ror #6
        F_32(w14, 0x9bdc06a7)
 80076d6:	4458      	add	r0, fp
        F_32(w2, 0x0fc19dc6)
 80076d8:	ea83 6378 	eor.w	r3, r3, r8, ror #25
        F_32(w14, 0x9bdc06a7)
 80076dc:	4401      	add	r1, r0
        F_32(w2, 0x0fc19dc6)
 80076de:	ea0c 0b08 	and.w	fp, ip, r8
 80076e2:	4473      	add	r3, lr
        EXPAND_32
 80076e4:	ea4f 40b2 	mov.w	r0, r2, ror #18
        F_32(w2, 0x0fc19dc6)
 80076e8:	ea29 0e08 	bic.w	lr, r9, r8
 80076ec:	ea8e 0e0b 	eor.w	lr, lr, fp
        EXPAND_32
 80076f0:	ea80 10f2 	eor.w	r0, r0, r2, ror #7
        F_32(w2, 0x0fc19dc6)
 80076f4:	4473      	add	r3, lr
        EXPAND_32
 80076f6:	ea80 00d2 	eor.w	r0, r0, r2, lsr #3
 80076fa:	4450      	add	r0, sl
 80076fc:	eb02 0a06 	add.w	sl, r2, r6
        F_32(w2, 0x0fc19dc6)
 8007700:	461a      	mov	r2, r3
        EXPAND_32
 8007702:	9b05      	ldr	r3, [sp, #20]
        F_32(w2, 0x0fc19dc6)
 8007704:	9210      	str	r2, [sp, #64]	@ 0x40
        EXPAND_32
 8007706:	ea4f 4ef3 	mov.w	lr, r3, ror #19
 800770a:	ea8e 4e73 	eor.w	lr, lr, r3, ror #17
 800770e:	ea8e 2e93 	eor.w	lr, lr, r3, lsr #10
 8007712:	4486      	add	lr, r0
        F_32(w3, 0x240ca1cc)
 8007714:	484c      	ldr	r0, [pc, #304]	@ (8007848 <crypto_hashblocks_sha256.isra.0+0x7c0>)
        F_32(w15, 0xc19bf174)
 8007716:	9e08      	ldr	r6, [sp, #32]
        EXPAND_32
 8007718:	4673      	mov	r3, lr
        F_32(w3, 0x240ca1cc)
 800771a:	4418      	add	r0, r3
 800771c:	eb00 0b09 	add.w	fp, r0, r9
        F_32(w15, 0xc19bf174)
 8007720:	ea87 0004 	eor.w	r0, r7, r4
 8007724:	ea4f 3971 	mov.w	r9, r1, ror #13
 8007728:	4027      	ands	r7, r4
 800772a:	ea89 09b1 	eor.w	r9, r9, r1, ror #2
 800772e:	4008      	ands	r0, r1
        F_32(w2, 0x0fc19dc6)
 8007730:	eb01 0e02 	add.w	lr, r1, r2
        F_32(w15, 0xc19bf174)
 8007734:	4078      	eors	r0, r7
 8007736:	ea89 59b1 	eor.w	r9, r9, r1, ror #22
        EXPAND_32
 800773a:	9a11      	ldr	r2, [sp, #68]	@ 0x44
        F_32(w3, 0x240ca1cc)
 800773c:	9307      	str	r3, [sp, #28]
        F_32(w15, 0xc19bf174)
 800773e:	4481      	add	r9, r0
        F_32(w3, 0x240ca1cc)
 8007740:	ea4f 20fe 	mov.w	r0, lr, ror #11
 8007744:	ea80 10be 	eor.w	r0, r0, lr, ror #6
 8007748:	ea80 607e 	eor.w	r0, r0, lr, ror #25
        EXPAND_32
 800774c:	ea4f 47b2 	mov.w	r7, r2, ror #18
        F_32(w15, 0xc19bf174)
 8007750:	444e      	add	r6, r9
        EXPAND_32
 8007752:	9b03      	ldr	r3, [sp, #12]
        F_32(w3, 0x240ca1cc)
 8007754:	4458      	add	r0, fp
 8007756:	ea2c 090e 	bic.w	r9, ip, lr
 800775a:	ea08 0b0e 	and.w	fp, r8, lr
        EXPAND_32
 800775e:	ea87 17f2 	eor.w	r7, r7, r2, ror #7
        F_32(w3, 0x240ca1cc)
 8007762:	ea89 090b 	eor.w	r9, r9, fp
        EXPAND_32
 8007766:	ea87 07d2 	eor.w	r7, r7, r2, lsr #3
 800776a:	4457      	add	r7, sl
 800776c:	eb02 0a03 	add.w	sl, r2, r3
        F_32(w3, 0x240ca1cc)
 8007770:	eb00 0309 	add.w	r3, r0, r9
 8007774:	461a      	mov	r2, r3
        EXPAND_32
 8007776:	9b06      	ldr	r3, [sp, #24]
        F_32(w0, 0xe49b69c1)
 8007778:	9809      	ldr	r0, [sp, #36]	@ 0x24
        F_32(w3, 0x240ca1cc)
 800777a:	9211      	str	r2, [sp, #68]	@ 0x44
        EXPAND_32
 800777c:	ea4f 49f3 	mov.w	r9, r3, ror #19
 8007780:	ea89 4973 	eor.w	r9, r9, r3, ror #17
 8007784:	ea89 2993 	eor.w	r9, r9, r3, lsr #10
 8007788:	44b9      	add	r9, r7
        F_32(w0, 0xe49b69c1)
 800778a:	ea84 0b01 	eor.w	fp, r4, r1
 800778e:	ea4f 3776 	mov.w	r7, r6, ror #13
 8007792:	400c      	ands	r4, r1
 8007794:	ea87 07b6 	eor.w	r7, r7, r6, ror #2
 8007798:	ea0b 0b06 	and.w	fp, fp, r6
 800779c:	ea8b 0b04 	eor.w	fp, fp, r4
 80077a0:	ea87 57b6 	eor.w	r7, r7, r6, ror #22
        EXPAND_32
 80077a4:	464b      	mov	r3, r9
        F_32(w0, 0xe49b69c1)
 80077a6:	445f      	add	r7, fp
 80077a8:	4438      	add	r0, r7
        F_32(w4, 0x2de92c6f)
 80077aa:	f103 5737 	add.w	r7, r3, #767557632	@ 0x2dc00000
        F_32(w3, 0x240ca1cc)
 80077ae:	eb06 0902 	add.w	r9, r6, r2
        F_32(w4, 0x2de92c6f)
 80077b2:	f507 1724 	add.w	r7, r7, #2686976	@ 0x290000
 80077b6:	ea4f 24f9 	mov.w	r4, r9, ror #11
 80077ba:	f507 5731 	add.w	r7, r7, #11328	@ 0x2c40
 80077be:	9308      	str	r3, [sp, #32]
 80077c0:	ea84 14b9 	eor.w	r4, r4, r9, ror #6
        EXPAND_32
 80077c4:	9b12      	ldr	r3, [sp, #72]	@ 0x48
        F_32(w4, 0x2de92c6f)
 80077c6:	372f      	adds	r7, #47	@ 0x2f
 80077c8:	4467      	add	r7, ip
 80077ca:	ea84 6479 	eor.w	r4, r4, r9, ror #25
 80077ce:	443c      	add	r4, r7
        EXPAND_32
 80077d0:	ea4f 47b3 	mov.w	r7, r3, ror #18
 80077d4:	ea87 17f3 	eor.w	r7, r7, r3, ror #7
        F_32(w0, 0xe49b69c1)
 80077d8:	4602      	mov	r2, r0
        F_32(w4, 0x2de92c6f)
 80077da:	ea0e 0b09 	and.w	fp, lr, r9
        EXPAND_32
 80077de:	4618      	mov	r0, r3
        F_32(w4, 0x2de92c6f)
 80077e0:	ea28 0c09 	bic.w	ip, r8, r9
        EXPAND_32
 80077e4:	ea87 07d3 	eor.w	r7, r7, r3, lsr #3
 80077e8:	9b04      	ldr	r3, [sp, #16]
        F_32(w4, 0x2de92c6f)
 80077ea:	ea8c 0c0b 	eor.w	ip, ip, fp
        EXPAND_32
 80077ee:	4457      	add	r7, sl
 80077f0:	eb00 0a03 	add.w	sl, r0, r3
        F_32(w4, 0x2de92c6f)
 80077f4:	eb04 030c 	add.w	r3, r4, ip
        EXPAND_32
 80077f8:	9c07      	ldr	r4, [sp, #28]
 80077fa:	9813      	ldr	r0, [sp, #76]	@ 0x4c
        F_32(w4, 0x2de92c6f)
 80077fc:	931b      	str	r3, [sp, #108]	@ 0x6c
        EXPAND_32
 80077fe:	ea4f 4cf4 	mov.w	ip, r4, ror #19
 8007802:	ea8c 4c74 	eor.w	ip, ip, r4, ror #17
 8007806:	ea8c 2c94 	eor.w	ip, ip, r4, lsr #10
 800780a:	44bc      	add	ip, r7
        F_32(w5, 0x4a7484aa)
 800780c:	4f0f      	ldr	r7, [pc, #60]	@ (800784c <crypto_hashblocks_sha256.isra.0+0x7c4>)
        EXPAND_32
 800780e:	4664      	mov	r4, ip
        F_32(w5, 0x4a7484aa)
 8007810:	4427      	add	r7, r4
 8007812:	44b8      	add	r8, r7
        F_32(w1, 0xefbe4786)
 8007814:	ea81 0b06 	eor.w	fp, r1, r6
 8007818:	ea4f 3772 	mov.w	r7, r2, ror #13
 800781c:	4031      	ands	r1, r6
 800781e:	ea87 07b2 	eor.w	r7, r7, r2, ror #2
 8007822:	ea0b 0b02 	and.w	fp, fp, r2
 8007826:	ea8b 0b01 	eor.w	fp, fp, r1
 800782a:	ea87 57b2 	eor.w	r7, r7, r2, ror #22
        F_32(w4, 0x2de92c6f)
 800782e:	eb02 0c03 	add.w	ip, r2, r3
        F_32(w1, 0xefbe4786)
 8007832:	445f      	add	r7, fp
 8007834:	e010      	b.n	8007858 <crypto_hashblocks_sha256.isra.0+0x7d0>
 8007836:	bf00      	nop
 8007838:	80deb1fe 	.word	0x80deb1fe
 800783c:	9bdc06a7 	.word	0x9bdc06a7
 8007840:	c19bf174 	.word	0xc19bf174
 8007844:	0fc19dc6 	.word	0x0fc19dc6
 8007848:	240ca1cc 	.word	0x240ca1cc
 800784c:	4a7484aa 	.word	0x4a7484aa
 8007850:	e49b69c1 	.word	0xe49b69c1
 8007854:	efbe4786 	.word	0xefbe4786
 8007858:	443d      	add	r5, r7
        F_32(w5, 0x4a7484aa)
 800785a:	ea4f 21fc 	mov.w	r1, ip, ror #11
        EXPAND_32
 800785e:	ea4f 47b0 	mov.w	r7, r0, ror #18
        F_32(w5, 0x4a7484aa)
 8007862:	ea81 11bc 	eor.w	r1, r1, ip, ror #6
        EXPAND_32
 8007866:	ea87 17f0 	eor.w	r7, r7, r0, ror #7
        F_32(w5, 0x4a7484aa)
 800786a:	ea81 617c 	eor.w	r1, r1, ip, ror #25
        EXPAND_32
 800786e:	ea87 07d0 	eor.w	r7, r7, r0, lsr #3
        F_32(w5, 0x4a7484aa)
 8007872:	9409      	str	r4, [sp, #36]	@ 0x24
        EXPAND_32
 8007874:	4457      	add	r7, sl
 8007876:	9c08      	ldr	r4, [sp, #32]
        F_32(w5, 0x4a7484aa)
 8007878:	ea09 0a0c 	and.w	sl, r9, ip
 800787c:	4441      	add	r1, r8
 800787e:	ea2e 080c 	bic.w	r8, lr, ip
 8007882:	ea88 080a 	eor.w	r8, r8, sl
 8007886:	4441      	add	r1, r8
        EXPAND_32
 8007888:	ea4f 48f4 	mov.w	r8, r4, ror #19
 800788c:	ea88 4874 	eor.w	r8, r8, r4, ror #17
 8007890:	ea88 2894 	eor.w	r8, r8, r4, lsr #10
 8007894:	eb07 0b08 	add.w	fp, r7, r8
        F_32(w2, 0x0fc19dc6)
 8007898:	ea86 0a02 	eor.w	sl, r6, r2
 800789c:	ea4f 3775 	mov.w	r7, r5, ror #13
 80078a0:	4016      	ands	r6, r2
 80078a2:	ea87 07b5 	eor.w	r7, r7, r5, ror #2
 80078a6:	ea0a 0a05 	and.w	sl, sl, r5
 80078aa:	ea8a 0a06 	eor.w	sl, sl, r6
 80078ae:	9c10      	ldr	r4, [sp, #64]	@ 0x40
 80078b0:	ea87 57b5 	eor.w	r7, r7, r5, ror #22
 80078b4:	4457      	add	r7, sl
 80078b6:	443c      	add	r4, r7
        EXPAND_32
 80078b8:	9f0a      	ldr	r7, [sp, #40]	@ 0x28
 80078ba:	ea4f 46b7 	mov.w	r6, r7, ror #18
 80078be:	ea86 16f7 	eor.w	r6, r6, r7, ror #7
 80078c2:	ea86 06d7 	eor.w	r6, r6, r7, lsr #3
 80078c6:	9f02      	ldr	r7, [sp, #8]
 80078c8:	4406      	add	r6, r0
        F_32(w5, 0x4a7484aa)
 80078ca:	eb05 0801 	add.w	r8, r5, r1
        EXPAND_32
 80078ce:	443e      	add	r6, r7
        F_32(w6, 0x5cb0a9dc)
 80078d0:	4fe1      	ldr	r7, [pc, #900]	@ (8007c58 <crypto_hashblocks_sha256.isra.0+0xbd0>)
        F_32(w3, 0x240ca1cc)
 80078d2:	9811      	ldr	r0, [sp, #68]	@ 0x44
        F_32(w6, 0x5cb0a9dc)
 80078d4:	ea4f 2af8 	mov.w	sl, r8, ror #11
 80078d8:	ea8a 1ab8 	eor.w	sl, sl, r8, ror #6
 80078dc:	445f      	add	r7, fp
 80078de:	ea8a 6a78 	eor.w	sl, sl, r8, ror #25
 80078e2:	4477      	add	r7, lr
        F_32(w2, 0x0fc19dc6)
 80078e4:	4623      	mov	r3, r4
        F_32(w6, 0x5cb0a9dc)
 80078e6:	ea29 0e08 	bic.w	lr, r9, r8
        EXPAND_32
 80078ea:	9c09      	ldr	r4, [sp, #36]	@ 0x24
        F_32(w6, 0x5cb0a9dc)
 80078ec:	4457      	add	r7, sl
 80078ee:	ea0c 0a08 	and.w	sl, ip, r8
 80078f2:	ea8e 0e0a 	eor.w	lr, lr, sl
 80078f6:	4477      	add	r7, lr
        EXPAND_32
 80078f8:	ea4f 4ef4 	mov.w	lr, r4, ror #19
 80078fc:	ea8e 4e74 	eor.w	lr, lr, r4, ror #17
 8007900:	ea8e 2e94 	eor.w	lr, lr, r4, lsr #10
 8007904:	44b6      	add	lr, r6
        F_32(w7, 0x76f988da)
 8007906:	4ed5      	ldr	r6, [pc, #852]	@ (8007c5c <crypto_hashblocks_sha256.isra.0+0xbd4>)
        EXPAND_32
 8007908:	4674      	mov	r4, lr
        F_32(w7, 0x76f988da)
 800790a:	4426      	add	r6, r4
 800790c:	44b1      	add	r9, r6
        F_32(w3, 0x240ca1cc)
 800790e:	ea82 0a05 	eor.w	sl, r2, r5
 8007912:	ea4f 3673 	mov.w	r6, r3, ror #13
 8007916:	402a      	ands	r2, r5
 8007918:	ea86 06b3 	eor.w	r6, r6, r3, ror #2
 800791c:	ea0a 0a03 	and.w	sl, sl, r3
        F_32(w6, 0x5cb0a9dc)
 8007920:	eb03 0e07 	add.w	lr, r3, r7
        F_32(w7, 0x76f988da)
 8007924:	9412      	str	r4, [sp, #72]	@ 0x48
        F_32(w3, 0x240ca1cc)
 8007926:	ea8a 0a02 	eor.w	sl, sl, r2
        EXPAND_32
 800792a:	9c0b      	ldr	r4, [sp, #44]	@ 0x2c
        F_32(w3, 0x240ca1cc)
 800792c:	ea86 56b3 	eor.w	r6, r6, r3, ror #22
 8007930:	4456      	add	r6, sl
        F_32(w7, 0x76f988da)
 8007932:	ea4f 22fe 	mov.w	r2, lr, ror #11
        F_32(w3, 0x240ca1cc)
 8007936:	4430      	add	r0, r6
        F_32(w7, 0x76f988da)
 8007938:	ea82 12be 	eor.w	r2, r2, lr, ror #6
        EXPAND_32
 800793c:	ea4f 46b4 	mov.w	r6, r4, ror #18
        F_32(w7, 0x76f988da)
 8007940:	ea82 627e 	eor.w	r2, r2, lr, ror #25
        EXPAND_32
 8007944:	ea86 16f4 	eor.w	r6, r6, r4, ror #7
        F_32(w7, 0x76f988da)
 8007948:	ea08 0a0e 	and.w	sl, r8, lr
 800794c:	444a      	add	r2, r9
        EXPAND_32
 800794e:	ea86 06d4 	eor.w	r6, r6, r4, lsr #3
        F_32(w7, 0x76f988da)
 8007952:	ea2c 090e 	bic.w	r9, ip, lr
        EXPAND_32
 8007956:	9c0a      	ldr	r4, [sp, #40]	@ 0x28
        F_32(w7, 0x76f988da)
 8007958:	ea89 090a 	eor.w	r9, r9, sl
 800795c:	444a      	add	r2, r9
        EXPAND_32
 800795e:	4426      	add	r6, r4
 8007960:	ea4f 49fb 	mov.w	r9, fp, ror #19
 8007964:	9c05      	ldr	r4, [sp, #20]
        F_32(w7, 0x76f988da)
 8007966:	9211      	str	r2, [sp, #68]	@ 0x44
        EXPAND_32
 8007968:	ea89 497b 	eor.w	r9, r9, fp, ror #17
 800796c:	4426      	add	r6, r4
 800796e:	ea89 299b 	eor.w	r9, r9, fp, lsr #10
 8007972:	44b1      	add	r9, r6
 8007974:	464c      	mov	r4, r9
        F_32(w4, 0x2de92c6f)
 8007976:	ea85 0a03 	eor.w	sl, r5, r3
 800797a:	ea4f 3970 	mov.w	r9, r0, ror #13
 800797e:	401d      	ands	r5, r3
 8007980:	ea89 09b0 	eor.w	r9, r9, r0, ror #2
 8007984:	ea0a 0a00 	and.w	sl, sl, r0
        F_32(w7, 0x76f988da)
 8007988:	1886      	adds	r6, r0, r2
        F_32(w4, 0x2de92c6f)
 800798a:	ea8a 0a05 	eor.w	sl, sl, r5
 800798e:	9a1b      	ldr	r2, [sp, #108]	@ 0x6c
        EXPAND_32
 8007990:	9d0c      	ldr	r5, [sp, #48]	@ 0x30
        F_32(w8, 0x983e5152)
 8007992:	940a      	str	r4, [sp, #40]	@ 0x28
        F_32(w4, 0x2de92c6f)
 8007994:	ea89 59b0 	eor.w	r9, r9, r0, ror #22
 8007998:	44d1      	add	r9, sl
 800799a:	444a      	add	r2, r9
        EXPAND_32
 800799c:	ea4f 49b5 	mov.w	r9, r5, ror #18
 80079a0:	ea89 19f5 	eor.w	r9, r9, r5, ror #7
 80079a4:	ea89 09d5 	eor.w	r9, r9, r5, lsr #3
 80079a8:	9d0b      	ldr	r5, [sp, #44]	@ 0x2c
 80079aa:	44a9      	add	r9, r5
 80079ac:	9d06      	ldr	r5, [sp, #24]
 80079ae:	44a9      	add	r9, r5
        F_32(w8, 0x983e5152)
 80079b0:	f104 4518 	add.w	r5, r4, #2550136832	@ 0x98000000
 80079b4:	f505 1579 	add.w	r5, r5, #4079616	@ 0x3e4000
 80079b8:	ea4f 2af6 	mov.w	sl, r6, ror #11
 80079bc:	f505 558a 	add.w	r5, r5, #4416	@ 0x1140
 80079c0:	ea8a 1ab6 	eor.w	sl, sl, r6, ror #6
 80079c4:	3512      	adds	r5, #18
 80079c6:	ea8a 6a76 	eor.w	sl, sl, r6, ror #25
 80079ca:	4465      	add	r5, ip
        EXPAND_32
 80079cc:	9c12      	ldr	r4, [sp, #72]	@ 0x48
        F_32(w8, 0x983e5152)
 80079ce:	ea28 0c06 	bic.w	ip, r8, r6
 80079d2:	4455      	add	r5, sl
 80079d4:	ea0e 0a06 	and.w	sl, lr, r6
 80079d8:	ea8c 0c0a 	eor.w	ip, ip, sl
 80079dc:	4465      	add	r5, ip
        EXPAND_32
 80079de:	ea4f 4cf4 	mov.w	ip, r4, ror #19
 80079e2:	ea8c 4c74 	eor.w	ip, ip, r4, ror #17
 80079e6:	ea8c 2c94 	eor.w	ip, ip, r4, lsr #10
 80079ea:	44cc      	add	ip, r9
        F_32(w9, 0xa831c66d)
 80079ec:	f8df 927c 	ldr.w	r9, [pc, #636]	@ 8007c6c <crypto_hashblocks_sha256.isra.0+0xbe4>
        EXPAND_32
 80079f0:	4664      	mov	r4, ip
        F_32(w9, 0xa831c66d)
 80079f2:	44a1      	add	r9, r4
 80079f4:	44c1      	add	r9, r8
        F_32(w5, 0x4a7484aa)
 80079f6:	ea83 0a00 	eor.w	sl, r3, r0
 80079fa:	ea4f 3872 	mov.w	r8, r2, ror #13
 80079fe:	4003      	ands	r3, r0
 8007a00:	ea88 08b2 	eor.w	r8, r8, r2, ror #2
 8007a04:	ea0a 0a02 	and.w	sl, sl, r2
 8007a08:	ea8a 0a03 	eor.w	sl, sl, r3
        F_32(w9, 0xa831c66d)
 8007a0c:	940b      	str	r4, [sp, #44]	@ 0x2c
        F_32(w5, 0x4a7484aa)
 8007a0e:	ea88 58b2 	eor.w	r8, r8, r2, ror #22
 8007a12:	9210      	str	r2, [sp, #64]	@ 0x40
        EXPAND_32
 8007a14:	9c0d      	ldr	r4, [sp, #52]	@ 0x34
        F_32(w5, 0x4a7484aa)
 8007a16:	44d0      	add	r8, sl
 8007a18:	4441      	add	r1, r8
        EXPAND_32
 8007a1a:	ea4f 48b4 	mov.w	r8, r4, ror #18
 8007a1e:	ea88 18f4 	eor.w	r8, r8, r4, ror #7
        F_32(w8, 0x983e5152)
 8007a22:	eb02 0c05 	add.w	ip, r2, r5
        EXPAND_32
 8007a26:	ea88 08d4 	eor.w	r8, r8, r4, lsr #3
 8007a2a:	4622      	mov	r2, r4
 8007a2c:	9c0c      	ldr	r4, [sp, #48]	@ 0x30
        F_32(w9, 0xa831c66d)
 8007a2e:	ea4f 23fc 	mov.w	r3, ip, ror #11
 8007a32:	ea83 13bc 	eor.w	r3, r3, ip, ror #6
        EXPAND_32
 8007a36:	44a0      	add	r8, r4
 8007a38:	9c07      	ldr	r4, [sp, #28]
        F_32(w9, 0xa831c66d)
 8007a3a:	ea83 637c 	eor.w	r3, r3, ip, ror #25
 8007a3e:	ea06 0a0c 	and.w	sl, r6, ip
 8007a42:	444b      	add	r3, r9
        EXPAND_32
 8007a44:	44a0      	add	r8, r4
        F_32(w9, 0xa831c66d)
 8007a46:	ea2e 090c 	bic.w	r9, lr, ip
        EXPAND_32
 8007a4a:	9c0a      	ldr	r4, [sp, #40]	@ 0x28
        F_32(w9, 0xa831c66d)
 8007a4c:	ea89 090a 	eor.w	r9, r9, sl
 8007a50:	444b      	add	r3, r9
        EXPAND_32
 8007a52:	ea4f 49f4 	mov.w	r9, r4, ror #19
 8007a56:	ea89 4974 	eor.w	r9, r9, r4, ror #17
 8007a5a:	ea89 2994 	eor.w	r9, r9, r4, lsr #10
 8007a5e:	44c8      	add	r8, r9
        F_32(w10, 0xb00327c8)
 8007a60:	f8df 920c 	ldr.w	r9, [pc, #524]	@ 8007c70 <crypto_hashblocks_sha256.isra.0+0xbe8>
        EXPAND_32
 8007a64:	4644      	mov	r4, r8
        F_32(w10, 0xb00327c8)
 8007a66:	940c      	str	r4, [sp, #48]	@ 0x30
 8007a68:	44a1      	add	r9, r4
        F_32(w6, 0x5cb0a9dc)
 8007a6a:	9c10      	ldr	r4, [sp, #64]	@ 0x40
        F_32(w10, 0xb00327c8)
 8007a6c:	44f1      	add	r9, lr
        F_32(w6, 0x5cb0a9dc)
 8007a6e:	ea80 0a04 	eor.w	sl, r0, r4
 8007a72:	ea4f 3e71 	mov.w	lr, r1, ror #13
        F_32(w9, 0xa831c66d)
 8007a76:	eb01 0803 	add.w	r8, r1, r3
        F_32(w6, 0x5cb0a9dc)
 8007a7a:	4020      	ands	r0, r4
 8007a7c:	ea8e 0eb1 	eor.w	lr, lr, r1, ror #2
 8007a80:	ea0a 0a01 	and.w	sl, sl, r1
        EXPAND_32
 8007a84:	9c0e      	ldr	r4, [sp, #56]	@ 0x38
        F_32(w6, 0x5cb0a9dc)
 8007a86:	ea8a 0a00 	eor.w	sl, sl, r0
 8007a8a:	ea8e 5eb1 	eor.w	lr, lr, r1, ror #22
        F_32(w10, 0xb00327c8)
 8007a8e:	ea4f 20f8 	mov.w	r0, r8, ror #11
        F_32(w6, 0x5cb0a9dc)
 8007a92:	44d6      	add	lr, sl
        F_32(w10, 0xb00327c8)
 8007a94:	ea80 10b8 	eor.w	r0, r0, r8, ror #6
        F_32(w6, 0x5cb0a9dc)
 8007a98:	4477      	add	r7, lr
        F_32(w10, 0xb00327c8)
 8007a9a:	ea80 6078 	eor.w	r0, r0, r8, ror #25
        EXPAND_32
 8007a9e:	ea4f 4eb4 	mov.w	lr, r4, ror #18
        F_32(w10, 0xb00327c8)
 8007aa2:	ea0c 0a08 	and.w	sl, ip, r8
 8007aa6:	4448      	add	r0, r9
        EXPAND_32
 8007aa8:	ea8e 1ef4 	eor.w	lr, lr, r4, ror #7
        F_32(w10, 0xb00327c8)
 8007aac:	ea26 0908 	bic.w	r9, r6, r8
 8007ab0:	ea89 090a 	eor.w	r9, r9, sl
        EXPAND_32
 8007ab4:	ea8e 0ed4 	eor.w	lr, lr, r4, lsr #3
 8007ab8:	4496      	add	lr, r2
        F_32(w10, 0xb00327c8)
 8007aba:	eb00 0209 	add.w	r2, r0, r9
        EXPAND_32
 8007abe:	980b      	ldr	r0, [sp, #44]	@ 0x2c
 8007ac0:	9c08      	ldr	r4, [sp, #32]
        F_32(w11, 0xbf597fc7)
 8007ac2:	f8df a1b0 	ldr.w	sl, [pc, #432]	@ 8007c74 <crypto_hashblocks_sha256.isra.0+0xbec>
        F_32(w10, 0xb00327c8)
 8007ac6:	9213      	str	r2, [sp, #76]	@ 0x4c
        EXPAND_32
 8007ac8:	ea4f 49f0 	mov.w	r9, r0, ror #19
 8007acc:	ea89 4970 	eor.w	r9, r9, r0, ror #17
 8007ad0:	ea89 2990 	eor.w	r9, r9, r0, lsr #10
 8007ad4:	44a6      	add	lr, r4
        F_32(w7, 0x76f988da)
 8007ad6:	9810      	ldr	r0, [sp, #64]	@ 0x40
        EXPAND_32
 8007ad8:	44ce      	add	lr, r9
        F_32(w11, 0xbf597fc7)
 8007ada:	44f2      	add	sl, lr
 8007adc:	44b2      	add	sl, r6
        F_32(w7, 0x76f988da)
 8007ade:	ea80 0601 	eor.w	r6, r0, r1
 8007ae2:	403e      	ands	r6, r7
 8007ae4:	4008      	ands	r0, r1
        F_32(w11, 0xbf597fc7)
 8007ae6:	f8cd e034 	str.w	lr, [sp, #52]	@ 0x34
        F_32(w7, 0x76f988da)
 8007aea:	4046      	eors	r6, r0
 8007aec:	ea4f 3e77 	mov.w	lr, r7, ror #13
        EXPAND_32
 8007af0:	980f      	ldr	r0, [sp, #60]	@ 0x3c
        F_32(w7, 0x76f988da)
 8007af2:	ea8e 0eb7 	eor.w	lr, lr, r7, ror #2
        F_32(w10, 0xb00327c8)
 8007af6:	eb07 0902 	add.w	r9, r7, r2
        F_32(w7, 0x76f988da)
 8007afa:	ea8e 5eb7 	eor.w	lr, lr, r7, ror #22
        EXPAND_32
 8007afe:	ea4f 44b0 	mov.w	r4, r0, ror #18
        F_32(w7, 0x76f988da)
 8007b02:	44b6      	add	lr, r6
        EXPAND_32
 8007b04:	ea84 14f0 	eor.w	r4, r4, r0, ror #7
        F_32(w11, 0xbf597fc7)
 8007b08:	ea4f 26f9 	mov.w	r6, r9, ror #11
        F_32(w7, 0x76f988da)
 8007b0c:	9a11      	ldr	r2, [sp, #68]	@ 0x44
        F_32(w11, 0xbf597fc7)
 8007b0e:	ea86 16b9 	eor.w	r6, r6, r9, ror #6
        EXPAND_32
 8007b12:	ea84 04d0 	eor.w	r4, r4, r0, lsr #3
 8007b16:	980e      	ldr	r0, [sp, #56]	@ 0x38
        F_32(w11, 0xbf597fc7)
 8007b18:	ea86 6679 	eor.w	r6, r6, r9, ror #25
        F_32(w7, 0x76f988da)
 8007b1c:	4472      	add	r2, lr
        F_32(w11, 0xbf597fc7)
 8007b1e:	4456      	add	r6, sl
 8007b20:	ea2c 0e09 	bic.w	lr, ip, r9
 8007b24:	ea08 0a09 	and.w	sl, r8, r9
        EXPAND_32
 8007b28:	4404      	add	r4, r0
 8007b2a:	9809      	ldr	r0, [sp, #36]	@ 0x24
        F_32(w11, 0xbf597fc7)
 8007b2c:	ea8e 0e0a 	eor.w	lr, lr, sl
        EXPAND_32
 8007b30:	4404      	add	r4, r0
        F_32(w11, 0xbf597fc7)
 8007b32:	eb06 000e 	add.w	r0, r6, lr
 8007b36:	9011      	str	r0, [sp, #68]	@ 0x44
        EXPAND_32
 8007b38:	980c      	ldr	r0, [sp, #48]	@ 0x30
 8007b3a:	ea4f 4ef0 	mov.w	lr, r0, ror #19
 8007b3e:	ea8e 4e70 	eor.w	lr, lr, r0, ror #17
 8007b42:	ea8e 2e90 	eor.w	lr, lr, r0, lsr #10
 8007b46:	44a6      	add	lr, r4
        F_32(w12, 0xc6e00bf3)
 8007b48:	4c45      	ldr	r4, [pc, #276]	@ (8007c60 <crypto_hashblocks_sha256.isra.0+0xbd8>)
        F_32(w11, 0xbf597fc7)
 8007b4a:	9811      	ldr	r0, [sp, #68]	@ 0x44
        EXPAND_32
 8007b4c:	4676      	mov	r6, lr
        F_32(w12, 0xc6e00bf3)
 8007b4e:	4434      	add	r4, r6
 8007b50:	eb04 0a0c 	add.w	sl, r4, ip
        F_32(w8, 0x983e5152)
 8007b54:	ea81 0407 	eor.w	r4, r1, r7
 8007b58:	ea4f 3c72 	mov.w	ip, r2, ror #13
        F_32(w12, 0xc6e00bf3)
 8007b5c:	960e      	str	r6, [sp, #56]	@ 0x38
        F_32(w8, 0x983e5152)
 8007b5e:	4039      	ands	r1, r7
        EXPAND_32
 8007b60:	9e03      	ldr	r6, [sp, #12]
        F_32(w8, 0x983e5152)
 8007b62:	ea8c 0cb2 	eor.w	ip, ip, r2, ror #2
 8007b66:	4014      	ands	r4, r2
        F_32(w11, 0xbf597fc7)
 8007b68:	eb02 0e00 	add.w	lr, r2, r0
        F_32(w8, 0x983e5152)
 8007b6c:	404c      	eors	r4, r1
 8007b6e:	ea8c 5cb2 	eor.w	ip, ip, r2, ror #22
 8007b72:	44a4      	add	ip, r4
        EXPAND_32
 8007b74:	ea4f 41b6 	mov.w	r1, r6, ror #18
        F_32(w12, 0xc6e00bf3)
 8007b78:	ea4f 24fe 	mov.w	r4, lr, ror #11
        EXPAND_32
 8007b7c:	980f      	ldr	r0, [sp, #60]	@ 0x3c
        F_32(w12, 0xc6e00bf3)
 8007b7e:	ea84 14be 	eor.w	r4, r4, lr, ror #6
        EXPAND_32
 8007b82:	ea81 11f6 	eor.w	r1, r1, r6, ror #7
        F_32(w12, 0xc6e00bf3)
 8007b86:	ea84 647e 	eor.w	r4, r4, lr, ror #25
        EXPAND_32
 8007b8a:	ea81 01d6 	eor.w	r1, r1, r6, lsr #3
        F_32(w8, 0x983e5152)
 8007b8e:	4465      	add	r5, ip
        F_32(w12, 0xc6e00bf3)
 8007b90:	4454      	add	r4, sl
 8007b92:	ea28 0c0e 	bic.w	ip, r8, lr
 8007b96:	ea09 0a0e 	and.w	sl, r9, lr
        EXPAND_32
 8007b9a:	4401      	add	r1, r0
 8007b9c:	980d      	ldr	r0, [sp, #52]	@ 0x34
 8007b9e:	9e04      	ldr	r6, [sp, #16]
        F_32(w12, 0xc6e00bf3)
 8007ba0:	ea8c 0c0a 	eor.w	ip, ip, sl
 8007ba4:	4464      	add	r4, ip
        EXPAND_32
 8007ba6:	ea4f 4cf0 	mov.w	ip, r0, ror #19
 8007baa:	ea8c 4c70 	eor.w	ip, ip, r0, ror #17
 8007bae:	4459      	add	r1, fp
 8007bb0:	ea8c 2c90 	eor.w	ip, ip, r0, lsr #10
 8007bb4:	448c      	add	ip, r1
        F_32(w13, 0xd5a79147)
 8007bb6:	492b      	ldr	r1, [pc, #172]	@ (8007c64 <crypto_hashblocks_sha256.isra.0+0xbdc>)
        EXPAND_32
 8007bb8:	4660      	mov	r0, ip
        F_32(w13, 0xd5a79147)
 8007bba:	4401      	add	r1, r0
 8007bbc:	eb01 0a08 	add.w	sl, r1, r8
        F_32(w9, 0xa831c66d)
 8007bc0:	ea87 0102 	eor.w	r1, r7, r2
 8007bc4:	ea4f 3875 	mov.w	r8, r5, ror #13
 8007bc8:	4017      	ands	r7, r2
 8007bca:	4029      	ands	r1, r5
 8007bcc:	4079      	eors	r1, r7
 8007bce:	ea88 08b5 	eor.w	r8, r8, r5, ror #2
        EXPAND_32
 8007bd2:	ea4f 47b6 	mov.w	r7, r6, ror #18
        F_32(w12, 0xc6e00bf3)
 8007bd6:	eb05 0c04 	add.w	ip, r5, r4
        F_32(w9, 0xa831c66d)
 8007bda:	ea88 58b5 	eor.w	r8, r8, r5, ror #22
        EXPAND_32
 8007bde:	ea87 17f6 	eor.w	r7, r7, r6, ror #7
        F_32(w9, 0xa831c66d)
 8007be2:	4488      	add	r8, r1
        EXPAND_32
 8007be4:	ea87 07d6 	eor.w	r7, r7, r6, lsr #3
        F_32(w13, 0xd5a79147)
 8007be8:	ea4f 21fc 	mov.w	r1, ip, ror #11
        EXPAND_32
 8007bec:	9e03      	ldr	r6, [sp, #12]
        F_32(w13, 0xd5a79147)
 8007bee:	900f      	str	r0, [sp, #60]	@ 0x3c
 8007bf0:	ea81 11bc 	eor.w	r1, r1, ip, ror #6
        EXPAND_32
 8007bf4:	9812      	ldr	r0, [sp, #72]	@ 0x48
        F_32(w13, 0xd5a79147)
 8007bf6:	ea81 617c 	eor.w	r1, r1, ip, ror #25
        EXPAND_32
 8007bfa:	4437      	add	r7, r6
        F_32(w9, 0xa831c66d)
 8007bfc:	4443      	add	r3, r8
        EXPAND_32
 8007bfe:	4407      	add	r7, r0
        F_32(w13, 0xd5a79147)
 8007c00:	ea29 080c 	bic.w	r8, r9, ip
        EXPAND_32
 8007c04:	980e      	ldr	r0, [sp, #56]	@ 0x38
        F_32(w13, 0xd5a79147)
 8007c06:	4451      	add	r1, sl
 8007c08:	ea0e 0a0c 	and.w	sl, lr, ip
 8007c0c:	ea88 080a 	eor.w	r8, r8, sl
 8007c10:	4441      	add	r1, r8
        EXPAND_32
 8007c12:	ea4f 48f0 	mov.w	r8, r0, ror #19
 8007c16:	ea88 4870 	eor.w	r8, r8, r0, ror #17
 8007c1a:	ea88 2890 	eor.w	r8, r8, r0, lsr #10
 8007c1e:	44b8      	add	r8, r7
        F_32(w14, 0x06ca6351)
 8007c20:	4f11      	ldr	r7, [pc, #68]	@ (8007c68 <crypto_hashblocks_sha256.isra.0+0xbe0>)
        EXPAND_32
 8007c22:	4646      	mov	r6, r8
        F_32(w14, 0x06ca6351)
 8007c24:	4437      	add	r7, r6
 8007c26:	44b9      	add	r9, r7
        F_32(w10, 0xb00327c8)
 8007c28:	ea82 0a05 	eor.w	sl, r2, r5
 8007c2c:	ea4f 3773 	mov.w	r7, r3, ror #13
 8007c30:	402a      	ands	r2, r5
 8007c32:	ea87 07b3 	eor.w	r7, r7, r3, ror #2
 8007c36:	ea0a 0a03 	and.w	sl, sl, r3
 8007c3a:	ea8a 0a02 	eor.w	sl, sl, r2
        F_32(w14, 0x06ca6351)
 8007c3e:	9610      	str	r6, [sp, #64]	@ 0x40
        F_32(w10, 0xb00327c8)
 8007c40:	9a13      	ldr	r2, [sp, #76]	@ 0x4c
        EXPAND_32
 8007c42:	9e02      	ldr	r6, [sp, #8]
        F_32(w10, 0xb00327c8)
 8007c44:	ea87 57b3 	eor.w	r7, r7, r3, ror #22
 8007c48:	4457      	add	r7, sl
 8007c4a:	443a      	add	r2, r7
        EXPAND_32
 8007c4c:	ea4f 47b6 	mov.w	r7, r6, ror #18
 8007c50:	ea87 17f6 	eor.w	r7, r7, r6, ror #7
 8007c54:	e010      	b.n	8007c78 <crypto_hashblocks_sha256.isra.0+0xbf0>
 8007c56:	bf00      	nop
 8007c58:	5cb0a9dc 	.word	0x5cb0a9dc
 8007c5c:	76f988da 	.word	0x76f988da
 8007c60:	c6e00bf3 	.word	0xc6e00bf3
 8007c64:	d5a79147 	.word	0xd5a79147
 8007c68:	06ca6351 	.word	0x06ca6351
 8007c6c:	a831c66d 	.word	0xa831c66d
 8007c70:	b00327c8 	.word	0xb00327c8
 8007c74:	bf597fc7 	.word	0xbf597fc7
        F_32(w13, 0xd5a79147)
 8007c78:	eb03 0801 	add.w	r8, r3, r1
        EXPAND_32
 8007c7c:	ea87 07d6 	eor.w	r7, r7, r6, lsr #3
 8007c80:	9e04      	ldr	r6, [sp, #16]
        F_32(w10, 0xb00327c8)
 8007c82:	4610      	mov	r0, r2
        F_32(w14, 0x06ca6351)
 8007c84:	ea4f 22f8 	mov.w	r2, r8, ror #11
 8007c88:	ea82 12b8 	eor.w	r2, r2, r8, ror #6
        EXPAND_32
 8007c8c:	4437      	add	r7, r6
 8007c8e:	9e0a      	ldr	r6, [sp, #40]	@ 0x28
        F_32(w14, 0x06ca6351)
 8007c90:	ea82 6278 	eor.w	r2, r2, r8, ror #25
 8007c94:	ea0c 0a08 	and.w	sl, ip, r8
        EXPAND_32
 8007c98:	4437      	add	r7, r6
        F_32(w14, 0x06ca6351)
 8007c9a:	444a      	add	r2, r9
        EXPAND_32
 8007c9c:	9e0f      	ldr	r6, [sp, #60]	@ 0x3c
        F_32(w14, 0x06ca6351)
 8007c9e:	ea2e 0908 	bic.w	r9, lr, r8
 8007ca2:	ea89 090a 	eor.w	r9, r9, sl
 8007ca6:	444a      	add	r2, r9
        EXPAND_32
 8007ca8:	ea4f 49f6 	mov.w	r9, r6, ror #19
 8007cac:	ea89 4976 	eor.w	r9, r9, r6, ror #17
 8007cb0:	ea89 2996 	eor.w	r9, r9, r6, lsr #10
        F_32(w15, 0x14292967)
 8007cb4:	f8df a420 	ldr.w	sl, [pc, #1056]	@ 80080d8 <crypto_hashblocks_sha256.isra.0+0x1050>
        F_32(w14, 0x06ca6351)
 8007cb8:	9203      	str	r2, [sp, #12]
        EXPAND_32
 8007cba:	44b9      	add	r9, r7
        F_32(w15, 0x14292967)
 8007cbc:	44ca      	add	sl, r9
 8007cbe:	f8cd 9010 	str.w	r9, [sp, #16]
 8007cc2:	44f2      	add	sl, lr
        F_32(w11, 0xbf597fc7)
 8007cc4:	ea4f 3970 	mov.w	r9, r0, ror #13
 8007cc8:	ea85 0e03 	eor.w	lr, r5, r3
 8007ccc:	ea89 09b0 	eor.w	r9, r9, r0, ror #2
 8007cd0:	401d      	ands	r5, r3
 8007cd2:	ea0e 0e00 	and.w	lr, lr, r0
        EXPAND_32
 8007cd6:	9a05      	ldr	r2, [sp, #20]
        F_32(w14, 0x06ca6351)
 8007cd8:	9e03      	ldr	r6, [sp, #12]
        F_32(w11, 0xbf597fc7)
 8007cda:	ea8e 0e05 	eor.w	lr, lr, r5
 8007cde:	ea89 59b0 	eor.w	r9, r9, r0, ror #22
 8007ce2:	9d11      	ldr	r5, [sp, #68]	@ 0x44
 8007ce4:	44f1      	add	r9, lr
 8007ce6:	444d      	add	r5, r9
        EXPAND_32
 8007ce8:	ea4f 49b2 	mov.w	r9, r2, ror #18
 8007cec:	ea89 19f2 	eor.w	r9, r9, r2, ror #7
        F_32(w14, 0x06ca6351)
 8007cf0:	1987      	adds	r7, r0, r6
        EXPAND_32
 8007cf2:	ea89 09d2 	eor.w	r9, r9, r2, lsr #3
 8007cf6:	9a02      	ldr	r2, [sp, #8]
        F_32(w11, 0xbf597fc7)
 8007cf8:	462e      	mov	r6, r5
        F_32(w15, 0x14292967)
 8007cfa:	ea4f 25f7 	mov.w	r5, r7, ror #11
 8007cfe:	ea85 15b7 	eor.w	r5, r5, r7, ror #6
 8007d02:	4491      	add	r9, r2
 8007d04:	9a0b      	ldr	r2, [sp, #44]	@ 0x2c
 8007d06:	ea85 6577 	eor.w	r5, r5, r7, ror #25
 8007d0a:	4455      	add	r5, sl
 8007d0c:	ea2c 0e07 	bic.w	lr, ip, r7
 8007d10:	ea08 0a07 	and.w	sl, r8, r7
 8007d14:	4491      	add	r9, r2
        EXPAND_32
 8007d16:	9a10      	ldr	r2, [sp, #64]	@ 0x40
        F_32(w15, 0x14292967)
 8007d18:	ea8e 0e0a 	eor.w	lr, lr, sl
 8007d1c:	44ae      	add	lr, r5
        EXPAND_32
 8007d1e:	ea4f 45f2 	mov.w	r5, r2, ror #19
 8007d22:	ea85 4572 	eor.w	r5, r5, r2, ror #17
 8007d26:	ea85 2592 	eor.w	r5, r5, r2, lsr #10
 8007d2a:	44a9      	add	r9, r5
        F_32(w0, 0x27b70a85)
 8007d2c:	4de4      	ldr	r5, [pc, #912]	@ (80080c0 <crypto_hashblocks_sha256.isra.0+0x1038>)
 8007d2e:	f8cd 9044 	str.w	r9, [sp, #68]	@ 0x44
 8007d32:	444d      	add	r5, r9
 8007d34:	44ac      	add	ip, r5
        F_32(w12, 0xc6e00bf3)
 8007d36:	ea83 0900 	eor.w	r9, r3, r0
 8007d3a:	ea4f 3576 	mov.w	r5, r6, ror #13
 8007d3e:	4003      	ands	r3, r0
 8007d40:	ea85 05b6 	eor.w	r5, r5, r6, ror #2
 8007d44:	ea09 0906 	and.w	r9, r9, r6
        EXPAND_32
 8007d48:	9a06      	ldr	r2, [sp, #24]
        F_32(w12, 0xc6e00bf3)
 8007d4a:	ea89 0903 	eor.w	r9, r9, r3
 8007d4e:	ea85 55b6 	eor.w	r5, r5, r6, ror #22
 8007d52:	444d      	add	r5, r9
 8007d54:	442c      	add	r4, r5
        EXPAND_32
 8007d56:	ea4f 45b2 	mov.w	r5, r2, ror #18
 8007d5a:	ea85 15f2 	eor.w	r5, r5, r2, ror #7
        F_32(w15, 0x14292967)
 8007d5e:	eb06 0a0e 	add.w	sl, r6, lr
        EXPAND_32
 8007d62:	ea85 05d2 	eor.w	r5, r5, r2, lsr #3
 8007d66:	9a05      	ldr	r2, [sp, #20]
        F_32(w0, 0x27b70a85)
 8007d68:	ea4f 23fa 	mov.w	r3, sl, ror #11
 8007d6c:	ea83 13ba 	eor.w	r3, r3, sl, ror #6
 8007d70:	4415      	add	r5, r2
 8007d72:	9a0c      	ldr	r2, [sp, #48]	@ 0x30
 8007d74:	ea83 637a 	eor.w	r3, r3, sl, ror #25
 8007d78:	ea07 090a 	and.w	r9, r7, sl
 8007d7c:	4415      	add	r5, r2
 8007d7e:	4463      	add	r3, ip
        EXPAND_32
 8007d80:	9a04      	ldr	r2, [sp, #16]
        F_32(w0, 0x27b70a85)
 8007d82:	ea28 0c0a 	bic.w	ip, r8, sl
 8007d86:	ea8c 0c09 	eor.w	ip, ip, r9
 8007d8a:	4463      	add	r3, ip
        EXPAND_32
 8007d8c:	ea4f 4cf2 	mov.w	ip, r2, ror #19
 8007d90:	ea8c 4c72 	eor.w	ip, ip, r2, ror #17
 8007d94:	ea8c 2c92 	eor.w	ip, ip, r2, lsr #10
 8007d98:	44ac      	add	ip, r5
        F_32(w1, 0x2e1b2138)
 8007d9a:	4dca      	ldr	r5, [pc, #808]	@ (80080c4 <crypto_hashblocks_sha256.isra.0+0x103c>)
        EXPAND_32
 8007d9c:	4662      	mov	r2, ip
        F_32(w1, 0x2e1b2138)
 8007d9e:	4415      	add	r5, r2
 8007da0:	44a8      	add	r8, r5
        F_32(w13, 0xd5a79147)
 8007da2:	ea80 0906 	eor.w	r9, r0, r6
 8007da6:	ea4f 3574 	mov.w	r5, r4, ror #13
 8007daa:	4030      	ands	r0, r6
 8007dac:	ea85 05b4 	eor.w	r5, r5, r4, ror #2
 8007db0:	ea09 0904 	and.w	r9, r9, r4
        F_32(w1, 0x2e1b2138)
 8007db4:	9205      	str	r2, [sp, #20]
        F_32(w13, 0xd5a79147)
 8007db6:	ea89 0900 	eor.w	r9, r9, r0
        EXPAND_32
 8007dba:	9a07      	ldr	r2, [sp, #28]
        F_32(w13, 0xd5a79147)
 8007dbc:	ea85 55b4 	eor.w	r5, r5, r4, ror #22
 8007dc0:	444d      	add	r5, r9
 8007dc2:	4429      	add	r1, r5
        EXPAND_32
 8007dc4:	ea4f 45b2 	mov.w	r5, r2, ror #18
 8007dc8:	ea85 15f2 	eor.w	r5, r5, r2, ror #7
        F_32(w0, 0x27b70a85)
 8007dcc:	eb04 0c03 	add.w	ip, r4, r3
        EXPAND_32
 8007dd0:	ea85 05d2 	eor.w	r5, r5, r2, lsr #3
 8007dd4:	9a06      	ldr	r2, [sp, #24]
        F_32(w1, 0x2e1b2138)
 8007dd6:	ea4f 20fc 	mov.w	r0, ip, ror #11
 8007dda:	ea80 10bc 	eor.w	r0, r0, ip, ror #6
 8007dde:	4415      	add	r5, r2
 8007de0:	9a0d      	ldr	r2, [sp, #52]	@ 0x34
 8007de2:	ea80 607c 	eor.w	r0, r0, ip, ror #25
 8007de6:	ea0a 090c 	and.w	r9, sl, ip
 8007dea:	4415      	add	r5, r2
 8007dec:	4440      	add	r0, r8
        EXPAND_32
 8007dee:	9a11      	ldr	r2, [sp, #68]	@ 0x44
        F_32(w1, 0x2e1b2138)
 8007df0:	ea27 080c 	bic.w	r8, r7, ip
 8007df4:	ea88 0809 	eor.w	r8, r8, r9
 8007df8:	4440      	add	r0, r8
        EXPAND_32
 8007dfa:	ea4f 48f2 	mov.w	r8, r2, ror #19
 8007dfe:	ea88 4872 	eor.w	r8, r8, r2, ror #17
 8007e02:	ea88 2892 	eor.w	r8, r8, r2, lsr #10
 8007e06:	44a8      	add	r8, r5
 8007e08:	f8cd 8008 	str.w	r8, [sp, #8]
        F_32(w14, 0x06ca6351)
 8007e0c:	ea4f 3571 	mov.w	r5, r1, ror #13
 8007e10:	ea86 0804 	eor.w	r8, r6, r4
 8007e14:	ea85 05b1 	eor.w	r5, r5, r1, ror #2
 8007e18:	4026      	ands	r6, r4
 8007e1a:	ea08 0801 	and.w	r8, r8, r1
 8007e1e:	9a03      	ldr	r2, [sp, #12]
 8007e20:	ea88 0806 	eor.w	r8, r8, r6
 8007e24:	ea85 55b1 	eor.w	r5, r5, r1, ror #22
        F_32(w1, 0x2e1b2138)
 8007e28:	eb01 0900 	add.w	r9, r1, r0
        F_32(w14, 0x06ca6351)
 8007e2c:	4445      	add	r5, r8
 8007e2e:	442a      	add	r2, r5
        F_32(w2, 0x4d2c6dfc)
 8007e30:	ea4f 25f9 	mov.w	r5, r9, ror #11
 8007e34:	ea85 15b9 	eor.w	r5, r5, r9, ror #6
 8007e38:	ea85 6879 	eor.w	r8, r5, r9, ror #25
        EXPAND_32
 8007e3c:	9d08      	ldr	r5, [sp, #32]
 8007e3e:	ea4f 46b5 	mov.w	r6, r5, ror #18
 8007e42:	ea86 16f5 	eor.w	r6, r6, r5, ror #7
 8007e46:	ea86 06d5 	eor.w	r6, r6, r5, lsr #3
 8007e4a:	9d07      	ldr	r5, [sp, #28]
 8007e4c:	442e      	add	r6, r5
 8007e4e:	9d0e      	ldr	r5, [sp, #56]	@ 0x38
 8007e50:	442e      	add	r6, r5
        F_32(w2, 0x4d2c6dfc)
 8007e52:	9d02      	ldr	r5, [sp, #8]
 8007e54:	f105 459a 	add.w	r5, r5, #1291845632	@ 0x4d000000
 8007e58:	f505 1531 	add.w	r5, r5, #2899968	@ 0x2c4000
 8007e5c:	f505 5537 	add.w	r5, r5, #11712	@ 0x2dc0
 8007e60:	353c      	adds	r5, #60	@ 0x3c
 8007e62:	443d      	add	r5, r7
 8007e64:	4445      	add	r5, r8
 8007e66:	ea2a 0709 	bic.w	r7, sl, r9
 8007e6a:	ea0c 0809 	and.w	r8, ip, r9
 8007e6e:	ea87 0708 	eor.w	r7, r7, r8
 8007e72:	eb05 0807 	add.w	r8, r5, r7
        EXPAND_32
 8007e76:	9f05      	ldr	r7, [sp, #20]
 8007e78:	ea4f 45f7 	mov.w	r5, r7, ror #19
 8007e7c:	ea85 4577 	eor.w	r5, r5, r7, ror #17
 8007e80:	ea85 2597 	eor.w	r5, r5, r7, lsr #10
 8007e84:	19af      	adds	r7, r5, r6
        F_32(w3, 0x53380d13)
 8007e86:	4d90      	ldr	r5, [pc, #576]	@ (80080c8 <crypto_hashblocks_sha256.isra.0+0x1040>)
        EXPAND_32
 8007e88:	463e      	mov	r6, r7
        F_32(w3, 0x53380d13)
 8007e8a:	4435      	add	r5, r6
 8007e8c:	44aa      	add	sl, r5
 8007e8e:	9606      	str	r6, [sp, #24]
        F_32(w15, 0x14292967)
 8007e90:	ea4f 3572 	mov.w	r5, r2, ror #13
 8007e94:	ea84 0601 	eor.w	r6, r4, r1
 8007e98:	ea85 05b2 	eor.w	r5, r5, r2, ror #2
 8007e9c:	400c      	ands	r4, r1
 8007e9e:	4016      	ands	r6, r2
 8007ea0:	4066      	eors	r6, r4
 8007ea2:	ea85 55b2 	eor.w	r5, r5, r2, ror #22
 8007ea6:	4435      	add	r5, r6
        EXPAND_32
 8007ea8:	9e09      	ldr	r6, [sp, #36]	@ 0x24
        F_32(w15, 0x14292967)
 8007eaa:	4475      	add	r5, lr
        EXPAND_32
 8007eac:	ea4f 4eb6 	mov.w	lr, r6, ror #18
 8007eb0:	ea8e 1ef6 	eor.w	lr, lr, r6, ror #7
        F_32(w2, 0x4d2c6dfc)
 8007eb4:	eb02 0708 	add.w	r7, r2, r8
        EXPAND_32
 8007eb8:	ea8e 0ed6 	eor.w	lr, lr, r6, lsr #3
 8007ebc:	9e08      	ldr	r6, [sp, #32]
        F_32(w3, 0x53380d13)
 8007ebe:	ea4f 24f7 	mov.w	r4, r7, ror #11
 8007ec2:	ea84 14b7 	eor.w	r4, r4, r7, ror #6
 8007ec6:	44b6      	add	lr, r6
 8007ec8:	9e0f      	ldr	r6, [sp, #60]	@ 0x3c
 8007eca:	ea84 6477 	eor.w	r4, r4, r7, ror #25
 8007ece:	4454      	add	r4, sl
 8007ed0:	44b6      	add	lr, r6
 8007ed2:	ea09 0a07 	and.w	sl, r9, r7
 8007ed6:	ea2c 0607 	bic.w	r6, ip, r7
 8007eda:	ea86 060a 	eor.w	r6, r6, sl
 8007ede:	1934      	adds	r4, r6, r4
 8007ee0:	9403      	str	r4, [sp, #12]
        EXPAND_32
 8007ee2:	9e02      	ldr	r6, [sp, #8]
 8007ee4:	ea4f 44f6 	mov.w	r4, r6, ror #19
 8007ee8:	ea84 4476 	eor.w	r4, r4, r6, ror #17
 8007eec:	ea84 2496 	eor.w	r4, r4, r6, lsr #10
 8007ef0:	44a6      	add	lr, r4
        F_32(w3, 0x53380d13)
 8007ef2:	9c03      	ldr	r4, [sp, #12]
        EXPAND_32
 8007ef4:	4676      	mov	r6, lr
        F_32(w3, 0x53380d13)
 8007ef6:	eb05 0e04 	add.w	lr, r5, r4
        F_32(w4, 0x650a7354)
 8007efa:	4c74      	ldr	r4, [pc, #464]	@ (80080cc <crypto_hashblocks_sha256.isra.0+0x1044>)
 8007efc:	9607      	str	r6, [sp, #28]
 8007efe:	4434      	add	r4, r6
 8007f00:	44a4      	add	ip, r4
        F_32(w0, 0x27b70a85)
 8007f02:	ea81 0a02 	eor.w	sl, r1, r2
 8007f06:	ea4f 3475 	mov.w	r4, r5, ror #13
 8007f0a:	4011      	ands	r1, r2
 8007f0c:	ea84 04b5 	eor.w	r4, r4, r5, ror #2
 8007f10:	ea0a 0a05 	and.w	sl, sl, r5
 8007f14:	ea8a 0a01 	eor.w	sl, sl, r1
 8007f18:	ea84 54b5 	eor.w	r4, r4, r5, ror #22
 8007f1c:	4454      	add	r4, sl
 8007f1e:	4423      	add	r3, r4
        F_32(w4, 0x650a7354)
 8007f20:	ea4f 21fe 	mov.w	r1, lr, ror #11
        EXPAND_32
 8007f24:	ea4f 44bb 	mov.w	r4, fp, ror #18
 8007f28:	9e09      	ldr	r6, [sp, #36]	@ 0x24
        F_32(w4, 0x650a7354)
 8007f2a:	ea81 11be 	eor.w	r1, r1, lr, ror #6
        EXPAND_32
 8007f2e:	ea84 14fb 	eor.w	r4, r4, fp, ror #7
        F_32(w4, 0x650a7354)
 8007f32:	ea81 617e 	eor.w	r1, r1, lr, ror #25
        EXPAND_32
 8007f36:	ea84 04db 	eor.w	r4, r4, fp, lsr #3
        F_32(w4, 0x650a7354)
 8007f3a:	ea07 0a0e 	and.w	sl, r7, lr
 8007f3e:	4461      	add	r1, ip
 8007f40:	4434      	add	r4, r6
 8007f42:	ea29 0c0e 	bic.w	ip, r9, lr
 8007f46:	9e10      	ldr	r6, [sp, #64]	@ 0x40
 8007f48:	ea8c 0c0a 	eor.w	ip, ip, sl
 8007f4c:	4434      	add	r4, r6
 8007f4e:	eb01 060c 	add.w	r6, r1, ip
        EXPAND_32
 8007f52:	9906      	ldr	r1, [sp, #24]
        F_32(w4, 0x650a7354)
 8007f54:	9613      	str	r6, [sp, #76]	@ 0x4c
        EXPAND_32
 8007f56:	ea4f 4cf1 	mov.w	ip, r1, ror #19
 8007f5a:	ea8c 4c71 	eor.w	ip, ip, r1, ror #17
 8007f5e:	ea8c 2c91 	eor.w	ip, ip, r1, lsr #10
 8007f62:	44a4      	add	ip, r4
        F_32(w5, 0x766a0abb)
 8007f64:	4c5a      	ldr	r4, [pc, #360]	@ (80080d0 <crypto_hashblocks_sha256.isra.0+0x1048>)
        EXPAND_32
 8007f66:	4661      	mov	r1, ip
        F_32(w5, 0x766a0abb)
 8007f68:	440c      	add	r4, r1
 8007f6a:	44a1      	add	r9, r4
        F_32(w1, 0x2e1b2138)
 8007f6c:	ea82 0a05 	eor.w	sl, r2, r5
 8007f70:	ea4f 3473 	mov.w	r4, r3, ror #13
 8007f74:	402a      	ands	r2, r5
 8007f76:	ea84 04b3 	eor.w	r4, r4, r3, ror #2
 8007f7a:	ea0a 0a03 	and.w	sl, sl, r3
        F_32(w4, 0x650a7354)
 8007f7e:	eb03 0c06 	add.w	ip, r3, r6
        F_32(w1, 0x2e1b2138)
 8007f82:	ea8a 0a02 	eor.w	sl, sl, r2
        EXPAND_32
 8007f86:	9e12      	ldr	r6, [sp, #72]	@ 0x48
        F_32(w5, 0x766a0abb)
 8007f88:	9108      	str	r1, [sp, #32]
        F_32(w1, 0x2e1b2138)
 8007f8a:	ea84 54b3 	eor.w	r4, r4, r3, ror #22
 8007f8e:	4454      	add	r4, sl
 8007f90:	4420      	add	r0, r4
        EXPAND_32
 8007f92:	ea4f 44b6 	mov.w	r4, r6, ror #18
        F_32(w5, 0x766a0abb)
 8007f96:	ea4f 22fc 	mov.w	r2, ip, ror #11
        EXPAND_32
 8007f9a:	ea84 14f6 	eor.w	r4, r4, r6, ror #7
 8007f9e:	9904      	ldr	r1, [sp, #16]
        F_32(w5, 0x766a0abb)
 8007fa0:	ea82 12bc 	eor.w	r2, r2, ip, ror #6
        EXPAND_32
 8007fa4:	ea84 04d6 	eor.w	r4, r4, r6, lsr #3
        F_32(w5, 0x766a0abb)
 8007fa8:	ea82 627c 	eor.w	r2, r2, ip, ror #25
 8007fac:	445c      	add	r4, fp
 8007fae:	ea0e 0a0c 	and.w	sl, lr, ip
 8007fb2:	440c      	add	r4, r1
 8007fb4:	444a      	add	r2, r9
        EXPAND_32
 8007fb6:	9907      	ldr	r1, [sp, #28]
        F_32(w5, 0x766a0abb)
 8007fb8:	ea27 090c 	bic.w	r9, r7, ip
 8007fbc:	ea89 090a 	eor.w	r9, r9, sl
 8007fc0:	444a      	add	r2, r9
        EXPAND_32
 8007fc2:	ea4f 49f1 	mov.w	r9, r1, ror #19
 8007fc6:	ea89 4971 	eor.w	r9, r9, r1, ror #17
 8007fca:	ea89 2991 	eor.w	r9, r9, r1, lsr #10
 8007fce:	44a1      	add	r9, r4
        F_32(w2, 0x4d2c6dfc)
 8007fd0:	ea85 0a03 	eor.w	sl, r5, r3
 8007fd4:	ea4f 3470 	mov.w	r4, r0, ror #13
 8007fd8:	401d      	ands	r5, r3
 8007fda:	ea84 04b0 	eor.w	r4, r4, r0, ror #2
 8007fde:	ea0a 0a00 	and.w	sl, sl, r0
 8007fe2:	ea8a 0a05 	eor.w	sl, sl, r5
 8007fe6:	ea84 54b0 	eor.w	r4, r4, r0, ror #22
 8007fea:	4454      	add	r4, sl
 8007fec:	eb08 0504 	add.w	r5, r8, r4
        EXPAND_32
 8007ff0:	9c0a      	ldr	r4, [sp, #40]	@ 0x28
        F_32(w5, 0x766a0abb)
 8007ff2:	921b      	str	r2, [sp, #108]	@ 0x6c
        EXPAND_32
 8007ff4:	ea4f 4ab4 	mov.w	sl, r4, ror #18
 8007ff8:	ea8a 1af4 	eor.w	sl, sl, r4, ror #7
 8007ffc:	ea8a 0ad4 	eor.w	sl, sl, r4, lsr #3
 8008000:	9c11      	ldr	r4, [sp, #68]	@ 0x44
 8008002:	4649      	mov	r1, r9
 8008004:	44b2      	add	sl, r6
 8008006:	44a2      	add	sl, r4
        F_32(w6, 0x81c2c92e)
 8008008:	f101 4401 	add.w	r4, r1, #2164260864	@ 0x81000000
        F_32(w5, 0x766a0abb)
 800800c:	eb00 0902 	add.w	r9, r0, r2
        F_32(w6, 0x81c2c92e)
 8008010:	f504 0442 	add.w	r4, r4, #12713984	@ 0xc20000
 8008014:	ea4f 2bf9 	mov.w	fp, r9, ror #11
 8008018:	f504 4449 	add.w	r4, r4, #51456	@ 0xc900
 800801c:	ea8b 1bb9 	eor.w	fp, fp, r9, ror #6
 8008020:	342e      	adds	r4, #46	@ 0x2e
 8008022:	ea0c 0809 	and.w	r8, ip, r9
 8008026:	ea8b 6b79 	eor.w	fp, fp, r9, ror #25
 800802a:	443c      	add	r4, r7
 800802c:	ea2e 0709 	bic.w	r7, lr, r9
 8008030:	445c      	add	r4, fp
 8008032:	ea87 0708 	eor.w	r7, r7, r8
 8008036:	eb04 0807 	add.w	r8, r4, r7
        EXPAND_32
 800803a:	9f08      	ldr	r7, [sp, #32]
 800803c:	9a0b      	ldr	r2, [sp, #44]	@ 0x2c
        F_32(w6, 0x81c2c92e)
 800803e:	9109      	str	r1, [sp, #36]	@ 0x24
        EXPAND_32
 8008040:	ea4f 44f7 	mov.w	r4, r7, ror #19
 8008044:	ea84 4477 	eor.w	r4, r4, r7, ror #17
 8008048:	ea84 2497 	eor.w	r4, r4, r7, lsr #10
 800804c:	44a2      	add	sl, r4
        F_32(w7, 0x92722c85)
 800804e:	4c21      	ldr	r4, [pc, #132]	@ (80080d4 <crypto_hashblocks_sha256.isra.0+0x104c>)
 8008050:	f8cd a048 	str.w	sl, [sp, #72]	@ 0x48
 8008054:	4454      	add	r4, sl
 8008056:	44a6      	add	lr, r4
        F_32(w3, 0x53380d13)
 8008058:	ea83 0a00 	eor.w	sl, r3, r0
 800805c:	ea4f 3475 	mov.w	r4, r5, ror #13
 8008060:	4003      	ands	r3, r0
 8008062:	ea84 04b5 	eor.w	r4, r4, r5, ror #2
 8008066:	ea0a 0a05 	and.w	sl, sl, r5
 800806a:	ea8a 0a03 	eor.w	sl, sl, r3
 800806e:	ea84 54b5 	eor.w	r4, r4, r5, ror #22
 8008072:	9b03      	ldr	r3, [sp, #12]
 8008074:	9905      	ldr	r1, [sp, #20]
        EXPAND_32
 8008076:	ea4f 46b2 	mov.w	r6, r2, ror #18
        F_32(w6, 0x81c2c92e)
 800807a:	eb05 0708 	add.w	r7, r5, r8
        F_32(w3, 0x53380d13)
 800807e:	4454      	add	r4, sl
        EXPAND_32
 8008080:	ea86 16f2 	eor.w	r6, r6, r2, ror #7
        F_32(w3, 0x53380d13)
 8008084:	441c      	add	r4, r3
        EXPAND_32
 8008086:	ea86 06d2 	eor.w	r6, r6, r2, lsr #3
        F_32(w7, 0x92722c85)
 800808a:	ea4f 23f7 	mov.w	r3, r7, ror #11
 800808e:	9a0a      	ldr	r2, [sp, #40]	@ 0x28
 8008090:	ea83 13b7 	eor.w	r3, r3, r7, ror #6
 8008094:	ea83 6377 	eor.w	r3, r3, r7, ror #25
 8008098:	4416      	add	r6, r2
 800809a:	ea09 0a07 	and.w	sl, r9, r7
 800809e:	440e      	add	r6, r1
 80080a0:	4473      	add	r3, lr
        EXPAND_32
 80080a2:	9909      	ldr	r1, [sp, #36]	@ 0x24
 80080a4:	9a0b      	ldr	r2, [sp, #44]	@ 0x2c
        F_32(w7, 0x92722c85)
 80080a6:	ea2c 0e07 	bic.w	lr, ip, r7
 80080aa:	ea8e 0e0a 	eor.w	lr, lr, sl
 80080ae:	4473      	add	r3, lr
        EXPAND_32
 80080b0:	ea4f 4ef1 	mov.w	lr, r1, ror #19
 80080b4:	ea8e 4e71 	eor.w	lr, lr, r1, ror #17
 80080b8:	ea8e 2e91 	eor.w	lr, lr, r1, lsr #10
 80080bc:	44b6      	add	lr, r6
 80080be:	e00d      	b.n	80080dc <crypto_hashblocks_sha256.isra.0+0x1054>
 80080c0:	27b70a85 	.word	0x27b70a85
 80080c4:	2e1b2138 	.word	0x2e1b2138
 80080c8:	53380d13 	.word	0x53380d13
 80080cc:	650a7354 	.word	0x650a7354
 80080d0:	766a0abb 	.word	0x766a0abb
 80080d4:	92722c85 	.word	0x92722c85
 80080d8:	14292967 	.word	0x14292967
        F_32(w4, 0x650a7354)
 80080dc:	ea80 0a05 	eor.w	sl, r0, r5
 80080e0:	ea4f 3674 	mov.w	r6, r4, ror #13
 80080e4:	4028      	ands	r0, r5
 80080e6:	ea86 06b4 	eor.w	r6, r6, r4, ror #2
 80080ea:	ea0a 0a04 	and.w	sl, sl, r4
 80080ee:	9913      	ldr	r1, [sp, #76]	@ 0x4c
        EXPAND_32
 80080f0:	f8cd e00c 	str.w	lr, [sp, #12]
        F_32(w4, 0x650a7354)
 80080f4:	ea8a 0a00 	eor.w	sl, sl, r0
 80080f8:	ea86 56b4 	eor.w	r6, r6, r4, ror #22
 80080fc:	4456      	add	r6, sl
 80080fe:	4431      	add	r1, r6
        EXPAND_32
 8008100:	9e0c      	ldr	r6, [sp, #48]	@ 0x30
 8008102:	ea4f 40b6 	mov.w	r0, r6, ror #18
 8008106:	ea80 10f6 	eor.w	r0, r0, r6, ror #7
 800810a:	ea80 00d6 	eor.w	r0, r0, r6, lsr #3
 800810e:	9e02      	ldr	r6, [sp, #8]
 8008110:	4410      	add	r0, r2
 8008112:	4430      	add	r0, r6
        F_32(w8, 0xa2bfe8a1)
 8008114:	9e03      	ldr	r6, [sp, #12]
        EXPAND_32
 8008116:	9a12      	ldr	r2, [sp, #72]	@ 0x48
        F_32(w8, 0xa2bfe8a1)
 8008118:	f106 4622 	add.w	r6, r6, #2717908992	@ 0xa2000000
        F_32(w7, 0x92722c85)
 800811c:	eb04 0e03 	add.w	lr, r4, r3
        F_32(w8, 0xa2bfe8a1)
 8008120:	f506 063f 	add.w	r6, r6, #12517376	@ 0xbf0000
 8008124:	ea4f 2afe 	mov.w	sl, lr, ror #11
 8008128:	f506 4668 	add.w	r6, r6, #59392	@ 0xe800
 800812c:	ea8a 1abe 	eor.w	sl, sl, lr, ror #6
 8008130:	36a1      	adds	r6, #161	@ 0xa1
 8008132:	ea8a 6a7e 	eor.w	sl, sl, lr, ror #25
 8008136:	4466      	add	r6, ip
 8008138:	4456      	add	r6, sl
 800813a:	ea29 0c0e 	bic.w	ip, r9, lr
 800813e:	ea07 0a0e 	and.w	sl, r7, lr
 8008142:	ea8c 0c0a 	eor.w	ip, ip, sl
 8008146:	4466      	add	r6, ip
        EXPAND_32
 8008148:	ea4f 4cf2 	mov.w	ip, r2, ror #19
 800814c:	ea8c 4c72 	eor.w	ip, ip, r2, ror #17
 8008150:	ea8c 2c92 	eor.w	ip, ip, r2, lsr #10
 8008154:	4484      	add	ip, r0
        F_32(w9, 0xa81a664b)
 8008156:	48e1      	ldr	r0, [pc, #900]	@ (80084dc <crypto_hashblocks_sha256.isra.0+0x1454>)
        EXPAND_32
 8008158:	4662      	mov	r2, ip
        F_32(w9, 0xa81a664b)
 800815a:	4410      	add	r0, r2
 800815c:	eb00 0a09 	add.w	sl, r0, r9
        F_32(w5, 0x766a0abb)
 8008160:	ea85 0004 	eor.w	r0, r5, r4
 8008164:	ea4f 3971 	mov.w	r9, r1, ror #13
 8008168:	4025      	ands	r5, r4
 800816a:	ea89 09b1 	eor.w	r9, r9, r1, ror #2
 800816e:	4008      	ands	r0, r1
 8008170:	4068      	eors	r0, r5
        F_32(w9, 0xa81a664b)
 8008172:	920a      	str	r2, [sp, #40]	@ 0x28
        F_32(w5, 0x766a0abb)
 8008174:	ea89 59b1 	eor.w	r9, r9, r1, ror #22
 8008178:	9a1b      	ldr	r2, [sp, #108]	@ 0x6c
 800817a:	4481      	add	r9, r0
 800817c:	444a      	add	r2, r9
 800817e:	9213      	str	r2, [sp, #76]	@ 0x4c
        EXPAND_32
 8008180:	9a0d      	ldr	r2, [sp, #52]	@ 0x34
 8008182:	ea4f 45b2 	mov.w	r5, r2, ror #18
 8008186:	ea85 15f2 	eor.w	r5, r5, r2, ror #7
        F_32(w8, 0xa2bfe8a1)
 800818a:	eb01 0c06 	add.w	ip, r1, r6
        EXPAND_32
 800818e:	ea85 05d2 	eor.w	r5, r5, r2, lsr #3
 8008192:	9a0c      	ldr	r2, [sp, #48]	@ 0x30
        F_32(w9, 0xa81a664b)
 8008194:	ea4f 20fc 	mov.w	r0, ip, ror #11
 8008198:	ea80 10bc 	eor.w	r0, r0, ip, ror #6
 800819c:	4415      	add	r5, r2
 800819e:	9a06      	ldr	r2, [sp, #24]
 80081a0:	ea80 607c 	eor.w	r0, r0, ip, ror #25
 80081a4:	4415      	add	r5, r2
 80081a6:	ea27 090c 	bic.w	r9, r7, ip
        EXPAND_32
 80081aa:	9a03      	ldr	r2, [sp, #12]
        F_32(w9, 0xa81a664b)
 80081ac:	4450      	add	r0, sl
 80081ae:	ea0e 0a0c 	and.w	sl, lr, ip
 80081b2:	ea89 090a 	eor.w	r9, r9, sl
 80081b6:	4448      	add	r0, r9
        EXPAND_32
 80081b8:	ea4f 49f2 	mov.w	r9, r2, ror #19
 80081bc:	ea89 4972 	eor.w	r9, r9, r2, ror #17
 80081c0:	ea89 2992 	eor.w	r9, r9, r2, lsr #10
 80081c4:	44a9      	add	r9, r5
        F_32(w9, 0xa81a664b)
 80081c6:	9d13      	ldr	r5, [sp, #76]	@ 0x4c
        F_32(w6, 0x81c2c92e)
 80081c8:	9a13      	ldr	r2, [sp, #76]	@ 0x4c
        F_32(w10, 0xc24b8b70)
 80081ca:	f8cd 902c 	str.w	r9, [sp, #44]	@ 0x2c
        F_32(w9, 0xa81a664b)
 80081ce:	eb05 0a00 	add.w	sl, r5, r0
        F_32(w10, 0xc24b8b70)
 80081d2:	4dc3      	ldr	r5, [pc, #780]	@ (80084e0 <crypto_hashblocks_sha256.isra.0+0x1458>)
 80081d4:	444d      	add	r5, r9
 80081d6:	eb05 0907 	add.w	r9, r5, r7
        F_32(w6, 0x81c2c92e)
 80081da:	ea84 0701 	eor.w	r7, r4, r1
 80081de:	ea4f 3572 	mov.w	r5, r2, ror #13
 80081e2:	400c      	ands	r4, r1
 80081e4:	ea85 05b2 	eor.w	r5, r5, r2, ror #2
 80081e8:	4017      	ands	r7, r2
 80081ea:	4067      	eors	r7, r4
 80081ec:	ea85 55b2 	eor.w	r5, r5, r2, ror #22
        EXPAND_32
 80081f0:	9a0e      	ldr	r2, [sp, #56]	@ 0x38
        F_32(w6, 0x81c2c92e)
 80081f2:	443d      	add	r5, r7
 80081f4:	eb08 0405 	add.w	r4, r8, r5
        EXPAND_32
 80081f8:	ea4f 45b2 	mov.w	r5, r2, ror #18
 80081fc:	ea85 15f2 	eor.w	r5, r5, r2, ror #7
 8008200:	ea85 05d2 	eor.w	r5, r5, r2, lsr #3
 8008204:	9a0d      	ldr	r2, [sp, #52]	@ 0x34
        F_32(w10, 0xc24b8b70)
 8008206:	ea4f 27fa 	mov.w	r7, sl, ror #11
 800820a:	ea87 17ba 	eor.w	r7, r7, sl, ror #6
 800820e:	4415      	add	r5, r2
 8008210:	9a07      	ldr	r2, [sp, #28]
 8008212:	ea87 677a 	eor.w	r7, r7, sl, ror #25
 8008216:	4415      	add	r5, r2
 8008218:	ea2e 080a 	bic.w	r8, lr, sl
        EXPAND_32
 800821c:	9a0a      	ldr	r2, [sp, #40]	@ 0x28
        F_32(w10, 0xc24b8b70)
 800821e:	444f      	add	r7, r9
 8008220:	ea0c 090a 	and.w	r9, ip, sl
 8008224:	ea88 0809 	eor.w	r8, r8, r9
 8008228:	4447      	add	r7, r8
        EXPAND_32
 800822a:	ea4f 48f2 	mov.w	r8, r2, ror #19
 800822e:	ea88 4872 	eor.w	r8, r8, r2, ror #17
 8008232:	ea88 2892 	eor.w	r8, r8, r2, lsr #10
 8008236:	eb08 0b05 	add.w	fp, r8, r5
        F_32(w11, 0xc76c51a3)
 800823a:	4daa      	ldr	r5, [pc, #680]	@ (80084e4 <crypto_hashblocks_sha256.isra.0+0x145c>)
        F_32(w7, 0x92722c85)
 800823c:	9a13      	ldr	r2, [sp, #76]	@ 0x4c
        F_32(w11, 0xc76c51a3)
 800823e:	445d      	add	r5, fp
 8008240:	eb05 080e 	add.w	r8, r5, lr
        F_32(w7, 0x92722c85)
 8008244:	ea81 0502 	eor.w	r5, r1, r2
 8008248:	ea4f 3e74 	mov.w	lr, r4, ror #13
 800824c:	4011      	ands	r1, r2
        EXPAND_32
 800824e:	9a0f      	ldr	r2, [sp, #60]	@ 0x3c
        F_32(w7, 0x92722c85)
 8008250:	ea8e 0eb4 	eor.w	lr, lr, r4, ror #2
 8008254:	4025      	ands	r5, r4
        F_32(w10, 0xc24b8b70)
 8008256:	eb04 0907 	add.w	r9, r4, r7
        F_32(w7, 0x92722c85)
 800825a:	404d      	eors	r5, r1
 800825c:	ea8e 5eb4 	eor.w	lr, lr, r4, ror #22
        EXPAND_32
 8008260:	ea4f 41b2 	mov.w	r1, r2, ror #18
        F_32(w7, 0x92722c85)
 8008264:	44ae      	add	lr, r5
        EXPAND_32
 8008266:	ea81 11f2 	eor.w	r1, r1, r2, ror #7
        F_32(w11, 0xc76c51a3)
 800826a:	ea4f 25f9 	mov.w	r5, r9, ror #11
 800826e:	ea85 15b9 	eor.w	r5, r5, r9, ror #6
        EXPAND_32
 8008272:	ea81 01d2 	eor.w	r1, r1, r2, lsr #3
 8008276:	9a0e      	ldr	r2, [sp, #56]	@ 0x38
        F_32(w11, 0xc76c51a3)
 8008278:	ea85 6579 	eor.w	r5, r5, r9, ror #25
        F_32(w7, 0x92722c85)
 800827c:	4473      	add	r3, lr
        F_32(w11, 0xc76c51a3)
 800827e:	4445      	add	r5, r8
 8008280:	ea2c 0e09 	bic.w	lr, ip, r9
 8008284:	ea0a 0809 	and.w	r8, sl, r9
 8008288:	4411      	add	r1, r2
 800828a:	9a08      	ldr	r2, [sp, #32]
 800828c:	ea8e 0e08 	eor.w	lr, lr, r8
 8008290:	4411      	add	r1, r2
 8008292:	eb05 020e 	add.w	r2, r5, lr
 8008296:	921b      	str	r2, [sp, #108]	@ 0x6c
        EXPAND_32
 8008298:	9a0b      	ldr	r2, [sp, #44]	@ 0x2c
 800829a:	ea4f 4ef2 	mov.w	lr, r2, ror #19
 800829e:	ea8e 4e72 	eor.w	lr, lr, r2, ror #17
 80082a2:	ea8e 2e92 	eor.w	lr, lr, r2, lsr #10
        F_32(w11, 0xc76c51a3)
 80082a6:	9a1b      	ldr	r2, [sp, #108]	@ 0x6c
        EXPAND_32
 80082a8:	448e      	add	lr, r1
 80082aa:	4675      	mov	r5, lr
        F_32(w11, 0xc76c51a3)
 80082ac:	eb03 0e02 	add.w	lr, r3, r2
        F_32(w8, 0xa2bfe8a1)
 80082b0:	9a13      	ldr	r2, [sp, #76]	@ 0x4c
        EXPAND_32
 80082b2:	950e      	str	r5, [sp, #56]	@ 0x38
        F_32(w8, 0xa2bfe8a1)
 80082b4:	ea82 0804 	eor.w	r8, r2, r4
 80082b8:	ea4f 3173 	mov.w	r1, r3, ror #13
 80082bc:	4022      	ands	r2, r4
 80082be:	ea81 01b3 	eor.w	r1, r1, r3, ror #2
 80082c2:	ea08 0803 	and.w	r8, r8, r3
 80082c6:	ea88 0802 	eor.w	r8, r8, r2
 80082ca:	ea81 51b3 	eor.w	r1, r1, r3, ror #22
 80082ce:	4441      	add	r1, r8
 80082d0:	1872      	adds	r2, r6, r1
        F_32(w12, 0xd192e819)
 80082d2:	f8df 8224 	ldr.w	r8, [pc, #548]	@ 80084f8 <crypto_hashblocks_sha256.isra.0+0x1470>
        EXPAND_32
 80082d6:	9e10      	ldr	r6, [sp, #64]	@ 0x40
        F_32(w8, 0xa2bfe8a1)
 80082d8:	920d      	str	r2, [sp, #52]	@ 0x34
        F_32(w12, 0xd192e819)
 80082da:	ea4f 21fe 	mov.w	r1, lr, ror #11
 80082de:	ea81 11be 	eor.w	r1, r1, lr, ror #6
        EXPAND_32
 80082e2:	ea4f 42b6 	mov.w	r2, r6, ror #18
        F_32(w12, 0xd192e819)
 80082e6:	44a8      	add	r8, r5
 80082e8:	ea81 617e 	eor.w	r1, r1, lr, ror #25
        EXPAND_32
 80082ec:	ea82 12f6 	eor.w	r2, r2, r6, ror #7
        F_32(w12, 0xd192e819)
 80082f0:	44e0      	add	r8, ip
        EXPAND_32
 80082f2:	ea82 02d6 	eor.w	r2, r2, r6, lsr #3
        F_32(w12, 0xd192e819)
 80082f6:	ea09 0c0e 	and.w	ip, r9, lr
 80082fa:	9e0f      	ldr	r6, [sp, #60]	@ 0x3c
 80082fc:	4488      	add	r8, r1
 80082fe:	ea2a 010e 	bic.w	r1, sl, lr
 8008302:	ea81 010c 	eor.w	r1, r1, ip
 8008306:	4488      	add	r8, r1
 8008308:	4432      	add	r2, r6
        EXPAND_32
 800830a:	ea4f 41fb 	mov.w	r1, fp, ror #19
 800830e:	9e09      	ldr	r6, [sp, #36]	@ 0x24
 8008310:	ea81 417b 	eor.w	r1, r1, fp, ror #17
 8008314:	4432      	add	r2, r6
 8008316:	ea81 219b 	eor.w	r1, r1, fp, lsr #10
 800831a:	4411      	add	r1, r2
 800831c:	460e      	mov	r6, r1
        F_32(w13, 0xd6990624)
 800831e:	4972      	ldr	r1, [pc, #456]	@ (80084e8 <crypto_hashblocks_sha256.isra.0+0x1460>)
        F_32(w12, 0xd192e819)
 8008320:	9a0d      	ldr	r2, [sp, #52]	@ 0x34
        F_32(w13, 0xd6990624)
 8008322:	960c      	str	r6, [sp, #48]	@ 0x30
 8008324:	4431      	add	r1, r6
 8008326:	4451      	add	r1, sl
        F_32(w9, 0xa81a664b)
 8008328:	4616      	mov	r6, r2
 800832a:	ea84 0a03 	eor.w	sl, r4, r3
        F_32(w12, 0xd192e819)
 800832e:	eb02 0c08 	add.w	ip, r2, r8
        F_32(w9, 0xa81a664b)
 8008332:	401c      	ands	r4, r3
 8008334:	ea0a 0a06 	and.w	sl, sl, r6
 8008338:	ea8a 0a04 	eor.w	sl, sl, r4
        F_32(w13, 0xd6990624)
 800833c:	ea4f 24fc 	mov.w	r4, ip, ror #11
 8008340:	ea84 14bc 	eor.w	r4, r4, ip, ror #6
        F_32(w9, 0xa81a664b)
 8008344:	ea4f 3272 	mov.w	r2, r2, ror #13
 8008348:	ea82 02b6 	eor.w	r2, r2, r6, ror #2
        F_32(w13, 0xd6990624)
 800834c:	ea84 647c 	eor.w	r4, r4, ip, ror #25
        F_32(w9, 0xa81a664b)
 8008350:	ea82 52b6 	eor.w	r2, r2, r6, ror #22
        F_32(w13, 0xd6990624)
 8008354:	440c      	add	r4, r1
        EXPAND_32
 8008356:	9904      	ldr	r1, [sp, #16]
 8008358:	9e10      	ldr	r6, [sp, #64]	@ 0x40
        F_32(w9, 0xa81a664b)
 800835a:	4452      	add	r2, sl
 800835c:	4410      	add	r0, r2
        EXPAND_32
 800835e:	ea4f 42b1 	mov.w	r2, r1, ror #18
 8008362:	ea82 12f1 	eor.w	r2, r2, r1, ror #7
        F_32(w13, 0xd6990624)
 8008366:	ea0e 0a0c 	and.w	sl, lr, ip
        EXPAND_32
 800836a:	ea82 02d1 	eor.w	r2, r2, r1, lsr #3
        F_32(w13, 0xd6990624)
 800836e:	ea29 010c 	bic.w	r1, r9, ip
 8008372:	ea81 010a 	eor.w	r1, r1, sl
 8008376:	440c      	add	r4, r1
 8008378:	4432      	add	r2, r6
        EXPAND_32
 800837a:	ea4f 41f5 	mov.w	r1, r5, ror #19
 800837e:	9e12      	ldr	r6, [sp, #72]	@ 0x48
 8008380:	ea81 4175 	eor.w	r1, r1, r5, ror #17
 8008384:	4432      	add	r2, r6
 8008386:	ea81 2195 	eor.w	r1, r1, r5, lsr #10
        F_32(w10, 0xc24b8b70)
 800838a:	9d0d      	ldr	r5, [sp, #52]	@ 0x34
        EXPAND_32
 800838c:	4411      	add	r1, r2
 800838e:	460e      	mov	r6, r1
        F_32(w10, 0xc24b8b70)
 8008390:	ea4f 3270 	mov.w	r2, r0, ror #13
 8008394:	ea83 0105 	eor.w	r1, r3, r5
 8008398:	ea82 02b0 	eor.w	r2, r2, r0, ror #2
 800839c:	402b      	ands	r3, r5
 800839e:	4001      	ands	r1, r0
 80083a0:	4059      	eors	r1, r3
 80083a2:	ea82 52b0 	eor.w	r2, r2, r0, ror #22
 80083a6:	440a      	add	r2, r1
        F_32(w14, 0xf40e3585)
 80083a8:	4b50      	ldr	r3, [pc, #320]	@ (80084ec <crypto_hashblocks_sha256.isra.0+0x1464>)
 80083aa:	960d      	str	r6, [sp, #52]	@ 0x34
        F_32(w13, 0xd6990624)
 80083ac:	1901      	adds	r1, r0, r4
        F_32(w10, 0xc24b8b70)
 80083ae:	4417      	add	r7, r2
        F_32(w14, 0xf40e3585)
 80083b0:	ea4f 22f1 	mov.w	r2, r1, ror #11
 80083b4:	4433      	add	r3, r6
 80083b6:	ea82 12b1 	eor.w	r2, r2, r1, ror #6
        EXPAND_32
 80083ba:	9e11      	ldr	r6, [sp, #68]	@ 0x44
        F_32(w14, 0xf40e3585)
 80083bc:	444b      	add	r3, r9
 80083be:	ea82 6271 	eor.w	r2, r2, r1, ror #25
 80083c2:	441a      	add	r2, r3
        EXPAND_32
 80083c4:	ea4f 43b6 	mov.w	r3, r6, ror #18
 80083c8:	ea83 13f6 	eor.w	r3, r3, r6, ror #7
 80083cc:	ea83 03d6 	eor.w	r3, r3, r6, lsr #3
 80083d0:	9e04      	ldr	r6, [sp, #16]
 80083d2:	4433      	add	r3, r6
 80083d4:	9e03      	ldr	r6, [sp, #12]
        F_32(w14, 0xf40e3585)
 80083d6:	ea0c 0a01 	and.w	sl, ip, r1
 80083da:	4433      	add	r3, r6
 80083dc:	ea2e 0901 	bic.w	r9, lr, r1
        EXPAND_32
 80083e0:	9e0c      	ldr	r6, [sp, #48]	@ 0x30
        F_32(w14, 0xf40e3585)
 80083e2:	ea89 090a 	eor.w	r9, r9, sl
 80083e6:	444a      	add	r2, r9
        EXPAND_32
 80083e8:	ea4f 49f6 	mov.w	r9, r6, ror #19
 80083ec:	ea89 4976 	eor.w	r9, r9, r6, ror #17
 80083f0:	ea89 2996 	eor.w	r9, r9, r6, lsr #10
 80083f4:	4499      	add	r9, r3
        F_32(w14, 0xf40e3585)
 80083f6:	9210      	str	r2, [sp, #64]	@ 0x40
        F_32(w11, 0xc76c51a3)
 80083f8:	ea4f 3377 	mov.w	r3, r7, ror #13
        EXPAND_32
 80083fc:	464a      	mov	r2, r9
        F_32(w11, 0xc76c51a3)
 80083fe:	462e      	mov	r6, r5
 8008400:	ea85 0900 	eor.w	r9, r5, r0
 8008404:	4006      	ands	r6, r0
 8008406:	ea83 03b7 	eor.w	r3, r3, r7, ror #2
 800840a:	ea09 0907 	and.w	r9, r9, r7
 800840e:	ea89 0906 	eor.w	r9, r9, r6
 8008412:	9d1b      	ldr	r5, [sp, #108]	@ 0x6c
        F_32(w15, 0x106aa070)
 8008414:	9204      	str	r2, [sp, #16]
        F_32(w11, 0xc76c51a3)
 8008416:	ea83 53b7 	eor.w	r3, r3, r7, ror #22
 800841a:	444b      	add	r3, r9
 800841c:	441d      	add	r5, r3
        F_32(w14, 0xf40e3585)
 800841e:	9b10      	ldr	r3, [sp, #64]	@ 0x40
 8008420:	18fe      	adds	r6, r7, r3
        F_32(w15, 0x106aa070)
 8008422:	4b33      	ldr	r3, [pc, #204]	@ (80084f0 <crypto_hashblocks_sha256.isra.0+0x1468>)
 8008424:	4413      	add	r3, r2
 8008426:	449e      	add	lr, r3
 8008428:	ea4f 23f6 	mov.w	r3, r6, ror #11
        EXPAND_32
 800842c:	9a05      	ldr	r2, [sp, #20]
        F_32(w15, 0x106aa070)
 800842e:	ea83 13b6 	eor.w	r3, r3, r6, ror #6
 8008432:	ea83 6376 	eor.w	r3, r3, r6, ror #25
 8008436:	4473      	add	r3, lr
        EXPAND_32
 8008438:	ea4f 4eb2 	mov.w	lr, r2, ror #18
 800843c:	ea8e 1ef2 	eor.w	lr, lr, r2, ror #7
        F_32(w12, 0xd192e819)
 8008440:	ea80 0a07 	eor.w	sl, r0, r7
        EXPAND_32
 8008444:	ea8e 0ed2 	eor.w	lr, lr, r2, lsr #3
        F_32(w12, 0xd192e819)
 8008448:	ea4f 3975 	mov.w	r9, r5, ror #13
 800844c:	9a11      	ldr	r2, [sp, #68]	@ 0x44
 800844e:	4038      	ands	r0, r7
 8008450:	ea89 09b5 	eor.w	r9, r9, r5, ror #2
 8008454:	ea0a 0a05 	and.w	sl, sl, r5
 8008458:	ea8a 0a00 	eor.w	sl, sl, r0
 800845c:	4496      	add	lr, r2
 800845e:	ea89 59b5 	eor.w	r9, r9, r5, ror #22
 8008462:	9a0a      	ldr	r2, [sp, #40]	@ 0x28
 8008464:	44d1      	add	r9, sl
 8008466:	44c8      	add	r8, r9
        F_32(w15, 0x106aa070)
 8008468:	ea2c 0006 	bic.w	r0, ip, r6
 800846c:	ea01 0906 	and.w	r9, r1, r6
 8008470:	4496      	add	lr, r2
        EXPAND_32
 8008472:	9a0d      	ldr	r2, [sp, #52]	@ 0x34
        F_32(w15, 0x106aa070)
 8008474:	ea80 0009 	eor.w	r0, r0, r9
 8008478:	4403      	add	r3, r0
        EXPAND_32
 800847a:	ea4f 40f2 	mov.w	r0, r2, ror #19
 800847e:	ea80 4072 	eor.w	r0, r0, r2, ror #17
 8008482:	ea80 2092 	eor.w	r0, r0, r2, lsr #10
 8008486:	4486      	add	lr, r0
        F_32(w0, 0x19a4c116)
 8008488:	481a      	ldr	r0, [pc, #104]	@ (80084f4 <crypto_hashblocks_sha256.isra.0+0x146c>)
        EXPAND_32
 800848a:	4672      	mov	r2, lr
        F_32(w0, 0x19a4c116)
 800848c:	920f      	str	r2, [sp, #60]	@ 0x3c
        F_32(w15, 0x106aa070)
 800848e:	eb05 0e03 	add.w	lr, r5, r3
        F_32(w0, 0x19a4c116)
 8008492:	4410      	add	r0, r2
        F_32(w13, 0xd6990624)
 8008494:	ea87 0905 	eor.w	r9, r7, r5
        EXPAND_32
 8008498:	9a02      	ldr	r2, [sp, #8]
        F_32(w0, 0x19a4c116)
 800849a:	4484      	add	ip, r0
        F_32(w13, 0xd6990624)
 800849c:	402f      	ands	r7, r5
        F_32(w0, 0x19a4c116)
 800849e:	ea4f 20fe 	mov.w	r0, lr, ror #11
        F_32(w13, 0xd6990624)
 80084a2:	ea09 0908 	and.w	r9, r9, r8
 80084a6:	ea89 0907 	eor.w	r9, r9, r7
        F_32(w0, 0x19a4c116)
 80084aa:	ea80 10be 	eor.w	r0, r0, lr, ror #6
        EXPAND_32
 80084ae:	ea4f 47b2 	mov.w	r7, r2, ror #18
        F_32(w0, 0x19a4c116)
 80084b2:	ea80 607e 	eor.w	r0, r0, lr, ror #25
        EXPAND_32
 80084b6:	ea87 17f2 	eor.w	r7, r7, r2, ror #7
        F_32(w0, 0x19a4c116)
 80084ba:	4460      	add	r0, ip
        EXPAND_32
 80084bc:	ea87 07d2 	eor.w	r7, r7, r2, lsr #3
        F_32(w13, 0xd6990624)
 80084c0:	ea4f 3c78 	mov.w	ip, r8, ror #13
 80084c4:	9a05      	ldr	r2, [sp, #20]
 80084c6:	ea8c 0cb8 	eor.w	ip, ip, r8, ror #2
 80084ca:	ea8c 5cb8 	eor.w	ip, ip, r8, ror #22
 80084ce:	4417      	add	r7, r2
 80084d0:	9a0b      	ldr	r2, [sp, #44]	@ 0x2c
 80084d2:	44cc      	add	ip, r9
 80084d4:	4464      	add	r4, ip
        F_32(w0, 0x19a4c116)
 80084d6:	ea06 090e 	and.w	r9, r6, lr
 80084da:	e00f      	b.n	80084fc <crypto_hashblocks_sha256.isra.0+0x1474>
 80084dc:	a81a664b 	.word	0xa81a664b
 80084e0:	c24b8b70 	.word	0xc24b8b70
 80084e4:	c76c51a3 	.word	0xc76c51a3
 80084e8:	d6990624 	.word	0xd6990624
 80084ec:	f40e3585 	.word	0xf40e3585
 80084f0:	106aa070 	.word	0x106aa070
 80084f4:	19a4c116 	.word	0x19a4c116
 80084f8:	d192e819 	.word	0xd192e819
 80084fc:	4417      	add	r7, r2
 80084fe:	ea21 0c0e 	bic.w	ip, r1, lr
        EXPAND_32
 8008502:	9a04      	ldr	r2, [sp, #16]
        F_32(w0, 0x19a4c116)
 8008504:	ea8c 0c09 	eor.w	ip, ip, r9
 8008508:	4460      	add	r0, ip
        EXPAND_32
 800850a:	ea4f 4cf2 	mov.w	ip, r2, ror #19
 800850e:	ea8c 4c72 	eor.w	ip, ip, r2, ror #17
 8008512:	ea8c 2c92 	eor.w	ip, ip, r2, lsr #10
 8008516:	44bc      	add	ip, r7
        F_32(w1, 0x1e376c08)
 8008518:	4fe0      	ldr	r7, [pc, #896]	@ (800889c <crypto_hashblocks_sha256.isra.0+0x1814>)
        F_32(w14, 0xf40e3585)
 800851a:	9a10      	ldr	r2, [sp, #64]	@ 0x40
        F_32(w1, 0x1e376c08)
 800851c:	4467      	add	r7, ip
 800851e:	eb07 0a01 	add.w	sl, r7, r1
        F_32(w14, 0xf40e3585)
 8008522:	ea85 0108 	eor.w	r1, r5, r8
 8008526:	ea4f 3774 	mov.w	r7, r4, ror #13
 800852a:	ea05 0508 	and.w	r5, r5, r8
 800852e:	ea87 07b4 	eor.w	r7, r7, r4, ror #2
 8008532:	4021      	ands	r1, r4
 8008534:	4069      	eors	r1, r5
 8008536:	ea87 57b4 	eor.w	r7, r7, r4, ror #22
 800853a:	440f      	add	r7, r1
 800853c:	443a      	add	r2, r7
        EXPAND_32
 800853e:	9f06      	ldr	r7, [sp, #24]
        F_32(w0, 0x19a4c116)
 8008540:	eb08 0900 	add.w	r9, r8, r0
        EXPAND_32
 8008544:	ea4f 45b7 	mov.w	r5, r7, ror #18
        F_32(w1, 0x1e376c08)
 8008548:	ea4f 21f9 	mov.w	r1, r9, ror #11
        EXPAND_32
 800854c:	ea85 15f7 	eor.w	r5, r5, r7, ror #7
        F_32(w1, 0x1e376c08)
 8008550:	ea81 11b9 	eor.w	r1, r1, r9, ror #6
        EXPAND_32
 8008554:	ea85 05d7 	eor.w	r5, r5, r7, lsr #3
 8008558:	9f02      	ldr	r7, [sp, #8]
        F_32(w1, 0x1e376c08)
 800855a:	ea81 6179 	eor.w	r1, r1, r9, ror #25
 800855e:	4451      	add	r1, sl
 8008560:	443d      	add	r5, r7
 8008562:	ea0e 0a09 	and.w	sl, lr, r9
 8008566:	ea26 0709 	bic.w	r7, r6, r9
 800856a:	445d      	add	r5, fp
 800856c:	ea87 070a 	eor.w	r7, r7, sl
 8008570:	9502      	str	r5, [sp, #8]
 8008572:	19cd      	adds	r5, r1, r7
 8008574:	9505      	str	r5, [sp, #20]
        EXPAND_32
 8008576:	9d0f      	ldr	r5, [sp, #60]	@ 0x3c
 8008578:	9902      	ldr	r1, [sp, #8]
 800857a:	ea4f 47f5 	mov.w	r7, r5, ror #19
 800857e:	ea87 4775 	eor.w	r7, r7, r5, ror #17
 8008582:	ea87 2795 	eor.w	r7, r7, r5, lsr #10
        F_32(w1, 0x1e376c08)
 8008586:	9d05      	ldr	r5, [sp, #20]
        EXPAND_32
 8008588:	4439      	add	r1, r7
        F_32(w1, 0x1e376c08)
 800858a:	1967      	adds	r7, r4, r5
        F_32(w2, 0x2748774c)
 800858c:	4dc4      	ldr	r5, [pc, #784]	@ (80088a0 <crypto_hashblocks_sha256.isra.0+0x1818>)
 800858e:	9110      	str	r1, [sp, #64]	@ 0x40
 8008590:	440d      	add	r5, r1
 8008592:	eb05 0a06 	add.w	sl, r5, r6
        F_32(w15, 0x106aa070)
 8008596:	ea88 0604 	eor.w	r6, r8, r4
 800859a:	ea4f 3572 	mov.w	r5, r2, ror #13
 800859e:	ea08 0804 	and.w	r8, r8, r4
 80085a2:	ea85 05b2 	eor.w	r5, r5, r2, ror #2
 80085a6:	4016      	ands	r6, r2
 80085a8:	ea86 0608 	eor.w	r6, r6, r8
 80085ac:	ea85 55b2 	eor.w	r5, r5, r2, ror #22
 80085b0:	4435      	add	r5, r6
 80085b2:	1959      	adds	r1, r3, r5
        EXPAND_32
 80085b4:	9b07      	ldr	r3, [sp, #28]
        F_32(w15, 0x106aa070)
 80085b6:	9102      	str	r1, [sp, #8]
        F_32(w2, 0x2748774c)
 80085b8:	ea4f 26f7 	mov.w	r6, r7, ror #11
 80085bc:	ea86 16b7 	eor.w	r6, r6, r7, ror #6
        EXPAND_32
 80085c0:	ea4f 45b3 	mov.w	r5, r3, ror #18
        F_32(w2, 0x2748774c)
 80085c4:	ea86 6677 	eor.w	r6, r6, r7, ror #25
        EXPAND_32
 80085c8:	ea85 15f3 	eor.w	r5, r5, r3, ror #7
        F_32(w2, 0x2748774c)
 80085cc:	ea2e 0807 	bic.w	r8, lr, r7
 80085d0:	4456      	add	r6, sl
        EXPAND_32
 80085d2:	ea85 05d3 	eor.w	r5, r5, r3, lsr #3
        F_32(w2, 0x2748774c)
 80085d6:	ea09 0a07 	and.w	sl, r9, r7
 80085da:	9b06      	ldr	r3, [sp, #24]
 80085dc:	ea88 080a 	eor.w	r8, r8, sl
 80085e0:	4446      	add	r6, r8
 80085e2:	441d      	add	r5, r3
        EXPAND_32
 80085e4:	ea4f 48fc 	mov.w	r8, ip, ror #19
 80085e8:	9b0e      	ldr	r3, [sp, #56]	@ 0x38
 80085ea:	ea88 487c 	eor.w	r8, r8, ip, ror #17
 80085ee:	441d      	add	r5, r3
 80085f0:	ea88 289c 	eor.w	r8, r8, ip, lsr #10
        F_32(w0, 0x19a4c116)
 80085f4:	9b02      	ldr	r3, [sp, #8]
        EXPAND_32
 80085f6:	44a8      	add	r8, r5
 80085f8:	4641      	mov	r1, r8
        F_32(w0, 0x19a4c116)
 80085fa:	ea4f 3573 	mov.w	r5, r3, ror #13
 80085fe:	ea84 0802 	eor.w	r8, r4, r2
 8008602:	ea85 05b3 	eor.w	r5, r5, r3, ror #2
 8008606:	4014      	ands	r4, r2
 8008608:	ea08 0803 	and.w	r8, r8, r3
 800860c:	ea88 0804 	eor.w	r8, r8, r4
 8008610:	ea85 55b3 	eor.w	r5, r5, r3, ror #22
 8008614:	4445      	add	r5, r8
        F_32(w3, 0x34b0bcb5)
 8008616:	4ca3      	ldr	r4, [pc, #652]	@ (80088a4 <crypto_hashblocks_sha256.isra.0+0x181c>)
        EXPAND_32
 8008618:	9b08      	ldr	r3, [sp, #32]
        F_32(w3, 0x34b0bcb5)
 800861a:	9106      	str	r1, [sp, #24]
        F_32(w2, 0x2748774c)
 800861c:	eb02 0806 	add.w	r8, r2, r6
        F_32(w0, 0x19a4c116)
 8008620:	4428      	add	r0, r5
        F_32(w3, 0x34b0bcb5)
 8008622:	ea4f 25f8 	mov.w	r5, r8, ror #11
 8008626:	440c      	add	r4, r1
 8008628:	ea85 15b8 	eor.w	r5, r5, r8, ror #6
 800862c:	4474      	add	r4, lr
 800862e:	ea85 6578 	eor.w	r5, r5, r8, ror #25
 8008632:	4425      	add	r5, r4
        EXPAND_32
 8008634:	ea4f 44b3 	mov.w	r4, r3, ror #18
 8008638:	ea84 14f3 	eor.w	r4, r4, r3, ror #7
 800863c:	ea84 04d3 	eor.w	r4, r4, r3, lsr #3
 8008640:	9b07      	ldr	r3, [sp, #28]
 8008642:	441c      	add	r4, r3
 8008644:	9b0c      	ldr	r3, [sp, #48]	@ 0x30
        F_32(w3, 0x34b0bcb5)
 8008646:	ea07 0a08 	and.w	sl, r7, r8
 800864a:	441c      	add	r4, r3
 800864c:	ea29 0e08 	bic.w	lr, r9, r8
        EXPAND_32
 8008650:	9b10      	ldr	r3, [sp, #64]	@ 0x40
        F_32(w3, 0x34b0bcb5)
 8008652:	ea8e 0e0a 	eor.w	lr, lr, sl
 8008656:	4475      	add	r5, lr
        EXPAND_32
 8008658:	ea4f 4ef3 	mov.w	lr, r3, ror #19
 800865c:	ea8e 4e73 	eor.w	lr, lr, r3, ror #17
 8008660:	ea8e 2e93 	eor.w	lr, lr, r3, lsr #10
        F_32(w1, 0x1e376c08)
 8008664:	9b02      	ldr	r3, [sp, #8]
        EXPAND_32
 8008666:	44a6      	add	lr, r4
 8008668:	4671      	mov	r1, lr
        F_32(w1, 0x1e376c08)
 800866a:	ea82 0e03 	eor.w	lr, r2, r3
 800866e:	ea4f 3470 	mov.w	r4, r0, ror #13
 8008672:	401a      	ands	r2, r3
 8008674:	ea0e 0e00 	and.w	lr, lr, r0
 8008678:	ea8e 0e02 	eor.w	lr, lr, r2
 800867c:	ea84 04b0 	eor.w	r4, r4, r0, ror #2
        F_32(w3, 0x34b0bcb5)
 8008680:	9a02      	ldr	r2, [sp, #8]
        F_32(w1, 0x1e376c08)
 8008682:	9b05      	ldr	r3, [sp, #20]
        F_32(w4, 0x391c0cb3)
 8008684:	9107      	str	r1, [sp, #28]
        F_32(w1, 0x1e376c08)
 8008686:	ea84 54b0 	eor.w	r4, r4, r0, ror #22
 800868a:	4474      	add	r4, lr
        F_32(w3, 0x34b0bcb5)
 800868c:	eb02 0e05 	add.w	lr, r2, r5
        F_32(w4, 0x391c0cb3)
 8008690:	4a85      	ldr	r2, [pc, #532]	@ (80088a8 <crypto_hashblocks_sha256.isra.0+0x1820>)
        F_32(w1, 0x1e376c08)
 8008692:	4423      	add	r3, r4
        F_32(w4, 0x391c0cb3)
 8008694:	ea4f 24fe 	mov.w	r4, lr, ror #11
        F_32(w1, 0x1e376c08)
 8008698:	9305      	str	r3, [sp, #20]
        F_32(w4, 0x391c0cb3)
 800869a:	440a      	add	r2, r1
        EXPAND_32
 800869c:	9b09      	ldr	r3, [sp, #36]	@ 0x24
        F_32(w2, 0x2748774c)
 800869e:	9902      	ldr	r1, [sp, #8]
        F_32(w4, 0x391c0cb3)
 80086a0:	ea84 14be 	eor.w	r4, r4, lr, ror #6
 80086a4:	444a      	add	r2, r9
 80086a6:	ea84 647e 	eor.w	r4, r4, lr, ror #25
 80086aa:	4414      	add	r4, r2
        EXPAND_32
 80086ac:	ea4f 42b3 	mov.w	r2, r3, ror #18
 80086b0:	ea82 12f3 	eor.w	r2, r2, r3, ror #7
 80086b4:	ea82 02d3 	eor.w	r2, r2, r3, lsr #3
 80086b8:	9b08      	ldr	r3, [sp, #32]
 80086ba:	441a      	add	r2, r3
 80086bc:	9b0d      	ldr	r3, [sp, #52]	@ 0x34
 80086be:	441a      	add	r2, r3
        F_32(w2, 0x2748774c)
 80086c0:	9b05      	ldr	r3, [sp, #20]
 80086c2:	ea4f 3973 	mov.w	r9, r3, ror #13
 80086c6:	ea81 0a00 	eor.w	sl, r1, r0
 80086ca:	ea89 09b3 	eor.w	r9, r9, r3, ror #2
 80086ce:	ea89 59b3 	eor.w	r9, r9, r3, ror #22
 80086d2:	ea0a 0a03 	and.w	sl, sl, r3
 80086d6:	9b02      	ldr	r3, [sp, #8]
        EXPAND_32
 80086d8:	9906      	ldr	r1, [sp, #24]
        F_32(w2, 0x2748774c)
 80086da:	4003      	ands	r3, r0
 80086dc:	ea8a 0a03 	eor.w	sl, sl, r3
 80086e0:	44d1      	add	r9, sl
 80086e2:	444e      	add	r6, r9
        F_32(w4, 0x391c0cb3)
 80086e4:	ea27 030e 	bic.w	r3, r7, lr
 80086e8:	ea08 090e 	and.w	r9, r8, lr
 80086ec:	ea83 0309 	eor.w	r3, r3, r9
 80086f0:	441c      	add	r4, r3
        EXPAND_32
 80086f2:	ea4f 43f1 	mov.w	r3, r1, ror #19
 80086f6:	ea83 4371 	eor.w	r3, r3, r1, ror #17
 80086fa:	ea83 2391 	eor.w	r3, r3, r1, lsr #10
 80086fe:	4413      	add	r3, r2
 8008700:	4619      	mov	r1, r3
        F_32(w5, 0x4ed8aa4a)
 8008702:	4a6a      	ldr	r2, [pc, #424]	@ (80088ac <crypto_hashblocks_sha256.isra.0+0x1824>)
 8008704:	9108      	str	r1, [sp, #32]
        F_32(w4, 0x391c0cb3)
 8008706:	1903      	adds	r3, r0, r4
        F_32(w5, 0x4ed8aa4a)
 8008708:	ea4f 29f3 	mov.w	r9, r3, ror #11
 800870c:	440a      	add	r2, r1
 800870e:	ea89 19b3 	eor.w	r9, r9, r3, ror #6
 8008712:	443a      	add	r2, r7
 8008714:	ea89 6973 	eor.w	r9, r9, r3, ror #25
 8008718:	4491      	add	r9, r2
        EXPAND_32
 800871a:	9a12      	ldr	r2, [sp, #72]	@ 0x48
        F_32(w3, 0x34b0bcb5)
 800871c:	9905      	ldr	r1, [sp, #20]
        EXPAND_32
 800871e:	ea4f 47b2 	mov.w	r7, r2, ror #18
 8008722:	ea87 17f2 	eor.w	r7, r7, r2, ror #7
 8008726:	ea87 07d2 	eor.w	r7, r7, r2, lsr #3
 800872a:	9a09      	ldr	r2, [sp, #36]	@ 0x24
 800872c:	4417      	add	r7, r2
 800872e:	9a04      	ldr	r2, [sp, #16]
        F_32(w3, 0x34b0bcb5)
 8008730:	ea80 0a01 	eor.w	sl, r0, r1
 8008734:	4417      	add	r7, r2
 8008736:	ea4f 3276 	mov.w	r2, r6, ror #13
 800873a:	4008      	ands	r0, r1
 800873c:	ea82 02b6 	eor.w	r2, r2, r6, ror #2
 8008740:	ea0a 0a06 	and.w	sl, sl, r6
 8008744:	ea8a 0a00 	eor.w	sl, sl, r0
 8008748:	ea82 52b6 	eor.w	r2, r2, r6, ror #22
        EXPAND_32
 800874c:	9907      	ldr	r1, [sp, #28]
        F_32(w3, 0x34b0bcb5)
 800874e:	4452      	add	r2, sl
 8008750:	4415      	add	r5, r2
        F_32(w5, 0x4ed8aa4a)
 8008752:	ea0e 0003 	and.w	r0, lr, r3
 8008756:	ea28 0203 	bic.w	r2, r8, r3
 800875a:	4042      	eors	r2, r0
        EXPAND_32
 800875c:	ea4f 40f1 	mov.w	r0, r1, ror #19
 8008760:	ea80 4071 	eor.w	r0, r0, r1, ror #17
 8008764:	ea80 2091 	eor.w	r0, r0, r1, lsr #10
 8008768:	19c7      	adds	r7, r0, r7
        F_32(w5, 0x4ed8aa4a)
 800876a:	9805      	ldr	r0, [sp, #20]
 800876c:	444a      	add	r2, r9
        EXPAND_32
 800876e:	4639      	mov	r1, r7
        F_32(w5, 0x4ed8aa4a)
 8008770:	1887      	adds	r7, r0, r2
        F_32(w6, 0x5b9cca4f)
 8008772:	484f      	ldr	r0, [pc, #316]	@ (80088b0 <crypto_hashblocks_sha256.isra.0+0x1828>)
 8008774:	9109      	str	r1, [sp, #36]	@ 0x24
 8008776:	4408      	add	r0, r1
        F_32(w4, 0x391c0cb3)
 8008778:	9905      	ldr	r1, [sp, #20]
        F_32(w6, 0x5b9cca4f)
 800877a:	eb00 0908 	add.w	r9, r0, r8
        F_32(w4, 0x391c0cb3)
 800877e:	ea81 0006 	eor.w	r0, r1, r6
 8008782:	ea4f 3875 	mov.w	r8, r5, ror #13
 8008786:	4031      	ands	r1, r6
 8008788:	ea88 08b5 	eor.w	r8, r8, r5, ror #2
 800878c:	4028      	ands	r0, r5
 800878e:	4048      	eors	r0, r1
 8008790:	ea88 58b5 	eor.w	r8, r8, r5, ror #22
 8008794:	4480      	add	r8, r0
 8008796:	eb04 0a08 	add.w	sl, r4, r8
        EXPAND_32
 800879a:	9c03      	ldr	r4, [sp, #12]
 800879c:	ea4f 41b4 	mov.w	r1, r4, ror #18
 80087a0:	ea81 11f4 	eor.w	r1, r1, r4, ror #7
 80087a4:	ea81 01d4 	eor.w	r1, r1, r4, lsr #3
 80087a8:	9c12      	ldr	r4, [sp, #72]	@ 0x48
        F_32(w6, 0x5b9cca4f)
 80087aa:	ea4f 20f7 	mov.w	r0, r7, ror #11
 80087ae:	ea80 10b7 	eor.w	r0, r0, r7, ror #6
 80087b2:	4421      	add	r1, r4
 80087b4:	9c0f      	ldr	r4, [sp, #60]	@ 0x3c
 80087b6:	ea80 6077 	eor.w	r0, r0, r7, ror #25
 80087ba:	4421      	add	r1, r4
 80087bc:	ea2e 0807 	bic.w	r8, lr, r7
        EXPAND_32
 80087c0:	9c08      	ldr	r4, [sp, #32]
        F_32(w6, 0x5b9cca4f)
 80087c2:	4448      	add	r0, r9
 80087c4:	ea03 0907 	and.w	r9, r3, r7
 80087c8:	ea88 0809 	eor.w	r8, r8, r9
 80087cc:	4440      	add	r0, r8
        EXPAND_32
 80087ce:	ea4f 48f4 	mov.w	r8, r4, ror #19
 80087d2:	ea88 4874 	eor.w	r8, r8, r4, ror #17
 80087d6:	ea88 2894 	eor.w	r8, r8, r4, lsr #10
 80087da:	4488      	add	r8, r1
        F_32(w7, 0x682e6ff3)
 80087dc:	4935      	ldr	r1, [pc, #212]	@ (80088b4 <crypto_hashblocks_sha256.isra.0+0x182c>)
        EXPAND_32
 80087de:	9c0a      	ldr	r4, [sp, #40]	@ 0x28
        F_32(w7, 0x682e6ff3)
 80087e0:	f8cd 8014 	str.w	r8, [sp, #20]
 80087e4:	4441      	add	r1, r8
 80087e6:	448e      	add	lr, r1
        F_32(w5, 0x4ed8aa4a)
 80087e8:	ea86 0805 	eor.w	r8, r6, r5
 80087ec:	ea4f 317a 	mov.w	r1, sl, ror #13
        F_32(w6, 0x5b9cca4f)
 80087f0:	eb06 0900 	add.w	r9, r6, r0
        F_32(w5, 0x4ed8aa4a)
 80087f4:	ea81 01ba 	eor.w	r1, r1, sl, ror #2
 80087f8:	402e      	ands	r6, r5
 80087fa:	ea08 080a 	and.w	r8, r8, sl
 80087fe:	ea88 0806 	eor.w	r8, r8, r6
 8008802:	ea81 51ba 	eor.w	r1, r1, sl, ror #22
        EXPAND_32
 8008806:	ea4f 46b4 	mov.w	r6, r4, ror #18
        F_32(w5, 0x4ed8aa4a)
 800880a:	4441      	add	r1, r8
        EXPAND_32
 800880c:	ea86 16f4 	eor.w	r6, r6, r4, ror #7
        F_32(w5, 0x4ed8aa4a)
 8008810:	440a      	add	r2, r1
        EXPAND_32
 8008812:	ea86 06d4 	eor.w	r6, r6, r4, lsr #3
        F_32(w7, 0x682e6ff3)
 8008816:	ea4f 21f9 	mov.w	r1, r9, ror #11
 800881a:	9c03      	ldr	r4, [sp, #12]
 800881c:	ea81 11b9 	eor.w	r1, r1, r9, ror #6
 8008820:	ea81 6179 	eor.w	r1, r1, r9, ror #25
 8008824:	4426      	add	r6, r4
 8008826:	4466      	add	r6, ip
        EXPAND_32
 8008828:	9c09      	ldr	r4, [sp, #36]	@ 0x24
        F_32(w7, 0x682e6ff3)
 800882a:	ea23 0c09 	bic.w	ip, r3, r9
 800882e:	4471      	add	r1, lr
 8008830:	ea07 0e09 	and.w	lr, r7, r9
 8008834:	ea8c 0c0e 	eor.w	ip, ip, lr
 8008838:	4461      	add	r1, ip
        EXPAND_32
 800883a:	ea4f 4cf4 	mov.w	ip, r4, ror #19
 800883e:	ea8c 4c74 	eor.w	ip, ip, r4, ror #17
 8008842:	ea8c 2c94 	eor.w	ip, ip, r4, lsr #10
 8008846:	44b4      	add	ip, r6
 8008848:	4664      	mov	r4, ip
        F_32(w6, 0x5b9cca4f)
 800884a:	ea85 0c0a 	eor.w	ip, r5, sl
        F_32(w7, 0x682e6ff3)
 800884e:	eb05 0801 	add.w	r8, r5, r1
        F_32(w6, 0x5b9cca4f)
 8008852:	ea0c 0c02 	and.w	ip, ip, r2
 8008856:	ea05 050a 	and.w	r5, r5, sl
 800885a:	ea8c 0c05 	eor.w	ip, ip, r5
 800885e:	ea4f 3672 	mov.w	r6, r2, ror #13
        F_32(w8, 0x748f82ee)
 8008862:	4d15      	ldr	r5, [pc, #84]	@ (80088b8 <crypto_hashblocks_sha256.isra.0+0x1830>)
 8008864:	9403      	str	r4, [sp, #12]
        F_32(w6, 0x5b9cca4f)
 8008866:	ea86 06b2 	eor.w	r6, r6, r2, ror #2
 800886a:	ea86 56b2 	eor.w	r6, r6, r2, ror #22
        F_32(w8, 0x748f82ee)
 800886e:	4425      	add	r5, r4
        F_32(w6, 0x5b9cca4f)
 8008870:	4466      	add	r6, ip
        F_32(w8, 0x748f82ee)
 8008872:	441d      	add	r5, r3
 8008874:	ea4f 23f8 	mov.w	r3, r8, ror #11
        F_32(w6, 0x5b9cca4f)
 8008878:	4430      	add	r0, r6
        F_32(w8, 0x748f82ee)
 800887a:	ea83 13b8 	eor.w	r3, r3, r8, ror #6
        EXPAND_32
 800887e:	9e0b      	ldr	r6, [sp, #44]	@ 0x2c
 8008880:	9c0a      	ldr	r4, [sp, #40]	@ 0x28
        F_32(w8, 0x748f82ee)
 8008882:	ea83 6378 	eor.w	r3, r3, r8, ror #25
 8008886:	442b      	add	r3, r5
        EXPAND_32
 8008888:	ea4f 45b6 	mov.w	r5, r6, ror #18
 800888c:	ea85 15f6 	eor.w	r5, r5, r6, ror #7
 8008890:	ea85 05d6 	eor.w	r5, r5, r6, lsr #3
 8008894:	4425      	add	r5, r4
 8008896:	9c10      	ldr	r4, [sp, #64]	@ 0x40
 8008898:	4425      	add	r5, r4
 800889a:	e00f      	b.n	80088bc <crypto_hashblocks_sha256.isra.0+0x1834>
 800889c:	1e376c08 	.word	0x1e376c08
 80088a0:	2748774c 	.word	0x2748774c
 80088a4:	34b0bcb5 	.word	0x34b0bcb5
 80088a8:	391c0cb3 	.word	0x391c0cb3
 80088ac:	4ed8aa4a 	.word	0x4ed8aa4a
 80088b0:	5b9cca4f 	.word	0x5b9cca4f
 80088b4:	682e6ff3 	.word	0x682e6ff3
 80088b8:	748f82ee 	.word	0x748f82ee
 80088bc:	9c05      	ldr	r4, [sp, #20]
        F_32(w8, 0x748f82ee)
 80088be:	ea09 0c08 	and.w	ip, r9, r8
 80088c2:	ea27 0608 	bic.w	r6, r7, r8
 80088c6:	ea86 060c 	eor.w	r6, r6, ip
        EXPAND_32
 80088ca:	ea4f 4cf4 	mov.w	ip, r4, ror #19
 80088ce:	ea8c 4c74 	eor.w	ip, ip, r4, ror #17
 80088d2:	ea8c 2c94 	eor.w	ip, ip, r4, lsr #10
 80088d6:	44ac      	add	ip, r5
        F_32(w8, 0x748f82ee)
 80088d8:	4433      	add	r3, r6
        F_32(w7, 0x682e6ff3)
 80088da:	ea4f 3570 	mov.w	r5, r0, ror #13
 80088de:	ea8a 0602 	eor.w	r6, sl, r2
 80088e2:	ea0a 0e02 	and.w	lr, sl, r2
 80088e6:	ea85 05b0 	eor.w	r5, r5, r0, ror #2
 80088ea:	4006      	ands	r6, r0
 80088ec:	ea86 060e 	eor.w	r6, r6, lr
 80088f0:	ea85 55b0 	eor.w	r5, r5, r0, ror #22
 80088f4:	4435      	add	r5, r6
 80088f6:	4429      	add	r1, r5
        F_32(w8, 0x748f82ee)
 80088f8:	eb0a 0403 	add.w	r4, sl, r3
        F_32(w9, 0x78a5636f)
 80088fc:	4dd6      	ldr	r5, [pc, #856]	@ (8008c58 <crypto_hashblocks_sha256.isra.0+0x1bd0>)
        F_32(w8, 0x748f82ee)
 80088fe:	9302      	str	r3, [sp, #8]
        F_32(w9, 0x78a5636f)
 8008900:	ea4f 2ef4 	mov.w	lr, r4, ror #11
 8008904:	4465      	add	r5, ip
 8008906:	ea8e 1eb4 	eor.w	lr, lr, r4, ror #6
 800890a:	443d      	add	r5, r7
 800890c:	ea8e 6e74 	eor.w	lr, lr, r4, ror #25
 8008910:	ea08 0304 	and.w	r3, r8, r4
 8008914:	ea29 0704 	bic.w	r7, r9, r4
 8008918:	44ae      	add	lr, r5
        EXPAND_32
 800891a:	ea4f 45bb 	mov.w	r5, fp, ror #18
 800891e:	9e0b      	ldr	r6, [sp, #44]	@ 0x2c
        F_32(w9, 0x78a5636f)
 8008920:	405f      	eors	r7, r3
        EXPAND_32
 8008922:	ea85 15fb 	eor.w	r5, r5, fp, ror #7
 8008926:	9b03      	ldr	r3, [sp, #12]
 8008928:	ea85 05db 	eor.w	r5, r5, fp, lsr #3
        F_32(w9, 0x78a5636f)
 800892c:	44be      	add	lr, r7
 800892e:	4435      	add	r5, r6
        EXPAND_32
 8008930:	ea4f 47f3 	mov.w	r7, r3, ror #19
 8008934:	9e06      	ldr	r6, [sp, #24]
 8008936:	ea87 4773 	eor.w	r7, r7, r3, ror #17
 800893a:	4435      	add	r5, r6
        F_32(w8, 0x748f82ee)
 800893c:	ea82 0a00 	eor.w	sl, r2, r0
 8008940:	ea4f 3671 	mov.w	r6, r1, ror #13
        EXPAND_32
 8008944:	ea87 2793 	eor.w	r7, r7, r3, lsr #10
 8008948:	442f      	add	r7, r5
        F_32(w8, 0x748f82ee)
 800894a:	ea86 06b1 	eor.w	r6, r6, r1, ror #2
 800894e:	ea02 0500 	and.w	r5, r2, r0
 8008952:	ea0a 0a01 	and.w	sl, sl, r1
 8008956:	9b02      	ldr	r3, [sp, #8]
 8008958:	ea8a 0a05 	eor.w	sl, sl, r5
 800895c:	ea86 56b1 	eor.w	r6, r6, r1, ror #22
 8008960:	4456      	add	r6, sl
 8008962:	4433      	add	r3, r6
        F_32(w9, 0x78a5636f)
 8008964:	eb02 060e 	add.w	r6, r2, lr
        F_32(w10, 0x84c87814)
 8008968:	4abc      	ldr	r2, [pc, #752]	@ (8008c5c <crypto_hashblocks_sha256.isra.0+0x1bd4>)
 800896a:	443a      	add	r2, r7
 800896c:	444a      	add	r2, r9
 800896e:	ea4f 29f6 	mov.w	r9, r6, ror #11
 8008972:	ea89 19b6 	eor.w	r9, r9, r6, ror #6
 8008976:	ea89 6976 	eor.w	r9, r9, r6, ror #25
 800897a:	4491      	add	r9, r2
        EXPAND_32
 800897c:	9a0e      	ldr	r2, [sp, #56]	@ 0x38
 800897e:	ea4f 45b2 	mov.w	r5, r2, ror #18
 8008982:	ea85 15f2 	eor.w	r5, r5, r2, ror #7
 8008986:	ea85 05d2 	eor.w	r5, r5, r2, lsr #3
 800898a:	9a07      	ldr	r2, [sp, #28]
 800898c:	445d      	add	r5, fp
 800898e:	4415      	add	r5, r2
        F_32(w9, 0x78a5636f)
 8008990:	ea80 0a01 	eor.w	sl, r0, r1
 8008994:	ea4f 3273 	mov.w	r2, r3, ror #13
 8008998:	ea00 0b01 	and.w	fp, r0, r1
 800899c:	ea82 02b3 	eor.w	r2, r2, r3, ror #2
 80089a0:	ea0a 0a03 	and.w	sl, sl, r3
 80089a4:	ea8a 0a0b 	eor.w	sl, sl, fp
 80089a8:	ea82 52b3 	eor.w	r2, r2, r3, ror #22
 80089ac:	4452      	add	r2, sl
 80089ae:	4472      	add	r2, lr
        F_32(w10, 0x84c87814)
 80089b0:	ea04 0a06 	and.w	sl, r4, r6
 80089b4:	ea28 0e06 	bic.w	lr, r8, r6
 80089b8:	ea8e 0e0a 	eor.w	lr, lr, sl
 80089bc:	44ce      	add	lr, r9
        EXPAND_32
 80089be:	ea4f 49fc 	mov.w	r9, ip, ror #19
 80089c2:	ea89 497c 	eor.w	r9, r9, ip, ror #17
        F_32(w10, 0x84c87814)
 80089c6:	4470      	add	r0, lr
        EXPAND_32
 80089c8:	ea89 2c9c 	eor.w	ip, r9, ip, lsr #10
 80089cc:	44ac      	add	ip, r5
        F_32(w11, 0x8cc70208)
 80089ce:	ea4f 29f0 	mov.w	r9, r0, ror #11
 80089d2:	4da3      	ldr	r5, [pc, #652]	@ (8008c60 <crypto_hashblocks_sha256.isra.0+0x1bd8>)
 80089d4:	9002      	str	r0, [sp, #8]
 80089d6:	ea89 19b0 	eor.w	r9, r9, r0, ror #6
 80089da:	4465      	add	r5, ip
 80089dc:	ea89 6970 	eor.w	r9, r9, r0, ror #25
        EXPAND_32
 80089e0:	980c      	ldr	r0, [sp, #48]	@ 0x30
        F_32(w11, 0x8cc70208)
 80089e2:	44a8      	add	r8, r5
 80089e4:	44c1      	add	r9, r8
        EXPAND_32
 80089e6:	ea4f 48b0 	mov.w	r8, r0, ror #18
 80089ea:	ea88 18f0 	eor.w	r8, r8, r0, ror #7
 80089ee:	ea88 08d0 	eor.w	r8, r8, r0, lsr #3
 80089f2:	980e      	ldr	r0, [sp, #56]	@ 0x38
        F_32(w10, 0x84c87814)
 80089f4:	ea81 0a03 	eor.w	sl, r1, r3
 80089f8:	ea4f 3572 	mov.w	r5, r2, ror #13
 80089fc:	4480      	add	r8, r0
 80089fe:	9808      	ldr	r0, [sp, #32]
 8008a00:	ea01 0b03 	and.w	fp, r1, r3
 8008a04:	ea85 05b2 	eor.w	r5, r5, r2, ror #2
 8008a08:	ea0a 0a02 	and.w	sl, sl, r2
 8008a0c:	4480      	add	r8, r0
 8008a0e:	ea8a 0a0b 	eor.w	sl, sl, fp
        F_32(w11, 0x8cc70208)
 8008a12:	9802      	ldr	r0, [sp, #8]
        F_32(w10, 0x84c87814)
 8008a14:	ea85 55b2 	eor.w	r5, r5, r2, ror #22
 8008a18:	4455      	add	r5, sl
 8008a1a:	4475      	add	r5, lr
        F_32(w11, 0x8cc70208)
 8008a1c:	ea06 0a00 	and.w	sl, r6, r0
 8008a20:	ea24 0e00 	bic.w	lr, r4, r0
 8008a24:	ea8e 0e0a 	eor.w	lr, lr, sl
 8008a28:	44ce      	add	lr, r9
        EXPAND_32
 8008a2a:	ea4f 49f7 	mov.w	r9, r7, ror #19
 8008a2e:	ea89 4977 	eor.w	r9, r9, r7, ror #17
 8008a32:	ea89 2797 	eor.w	r7, r9, r7, lsr #10
 8008a36:	4447      	add	r7, r8
        F_32(w12, 0x90befffa)
 8008a38:	f8df 822c 	ldr.w	r8, [pc, #556]	@ 8008c68 <crypto_hashblocks_sha256.isra.0+0x1be0>
 8008a3c:	9815      	ldr	r0, [sp, #84]	@ 0x54
 8008a3e:	44b8      	add	r8, r7
 8008a40:	44a0      	add	r8, r4
        F_32(w11, 0x8cc70208)
 8008a42:	ea83 0902 	eor.w	r9, r3, r2
 8008a46:	ea4f 3475 	mov.w	r4, r5, ror #13
 8008a4a:	ea03 0a02 	and.w	sl, r3, r2
 8008a4e:	ea84 04b5 	eor.w	r4, r4, r5, ror #2
 8008a52:	ea09 0905 	and.w	r9, r9, r5
 8008a56:	ea89 090a 	eor.w	r9, r9, sl
 8008a5a:	ea84 54b5 	eor.w	r4, r4, r5, ror #22
 8008a5e:	444c      	add	r4, r9
 8008a60:	4474      	add	r4, lr
 8008a62:	1820      	adds	r0, r4, r0
 8008a64:	9006      	str	r0, [sp, #24]
        EXPAND_32
 8008a66:	980d      	ldr	r0, [sp, #52]	@ 0x34
        F_32(w11, 0x8cc70208)
 8008a68:	4471      	add	r1, lr
        EXPAND_32
 8008a6a:	ea4f 4eb0 	mov.w	lr, r0, ror #18
 8008a6e:	ea8e 1ef0 	eor.w	lr, lr, r0, ror #7
 8008a72:	ea8e 0ed0 	eor.w	lr, lr, r0, lsr #3
 8008a76:	980c      	ldr	r0, [sp, #48]	@ 0x30
 8008a78:	4486      	add	lr, r0
 8008a7a:	9809      	ldr	r0, [sp, #36]	@ 0x24
        F_32(w12, 0x90befffa)
 8008a7c:	ea4f 29f1 	mov.w	r9, r1, ror #11
 8008a80:	4486      	add	lr, r0
 8008a82:	ea89 19b1 	eor.w	r9, r9, r1, ror #6
 8008a86:	9802      	ldr	r0, [sp, #8]
 8008a88:	ea89 6971 	eor.w	r9, r9, r1, ror #25
 8008a8c:	ea00 0a01 	and.w	sl, r0, r1
 8008a90:	44c1      	add	r9, r8
 8008a92:	ea26 0801 	bic.w	r8, r6, r1
 8008a96:	ea88 080a 	eor.w	r8, r8, sl
 8008a9a:	44c1      	add	r9, r8
        EXPAND_32
 8008a9c:	ea4f 48fc 	mov.w	r8, ip, ror #19
 8008aa0:	ea88 487c 	eor.w	r8, r8, ip, ror #17
 8008aa4:	ea88 289c 	eor.w	r8, r8, ip, lsr #10
 8008aa8:	44f0      	add	r8, lr
        F_32(w13, 0xa4506ceb)
 8008aaa:	f8df e1c0 	ldr.w	lr, [pc, #448]	@ 8008c6c <crypto_hashblocks_sha256.isra.0+0x1be4>
        h += state[7];
 8008aae:	981a      	ldr	r0, [sp, #104]	@ 0x68
        F_32(w12, 0x90befffa)
 8008ab0:	ea82 0a05 	eor.w	sl, r2, r5
 8008ab4:	ea4f 3c74 	mov.w	ip, r4, ror #13
        F_32(w13, 0xa4506ceb)
 8008ab8:	44c6      	add	lr, r8
        F_32(w12, 0x90befffa)
 8008aba:	444b      	add	r3, r9
        F_32(w13, 0xa4506ceb)
 8008abc:	44b6      	add	lr, r6
        F_32(w12, 0x90befffa)
 8008abe:	ea8c 0cb4 	eor.w	ip, ip, r4, ror #2
 8008ac2:	ea02 0605 	and.w	r6, r2, r5
 8008ac6:	ea0a 0a04 	and.w	sl, sl, r4
        h += state[7];
 8008aca:	4418      	add	r0, r3
        F_32(w12, 0x90befffa)
 8008acc:	ea8a 0a06 	eor.w	sl, sl, r6
 8008ad0:	ea8c 5cb4 	eor.w	ip, ip, r4, ror #22
 8008ad4:	44d4      	add	ip, sl
        h += state[7];
 8008ad6:	901a      	str	r0, [sp, #104]	@ 0x68
        d += state[3];
 8008ad8:	9819      	ldr	r0, [sp, #100]	@ 0x64
        F_32(w12, 0x90befffa)
 8008ada:	eb09 060c 	add.w	r6, r9, ip
        d += state[3];
 8008ade:	4430      	add	r0, r6
 8008ae0:	9019      	str	r0, [sp, #100]	@ 0x64
        F_32(w14, 0xbef9a3f7)
 8008ae2:	f8df c18c 	ldr.w	ip, [pc, #396]	@ 8008c70 <crypto_hashblocks_sha256.isra.0+0x1be8>
 8008ae6:	980d      	ldr	r0, [sp, #52]	@ 0x34
        F_32(w13, 0xa4506ceb)
 8008ae8:	ea4f 29f3 	mov.w	r9, r3, ror #11
        F_32(w14, 0xbef9a3f7)
 8008aec:	4484      	add	ip, r0
        F_32(w13, 0xa4506ceb)
 8008aee:	ea89 19b3 	eor.w	r9, r9, r3, ror #6
 8008af2:	9802      	ldr	r0, [sp, #8]
 8008af4:	ea89 6973 	eor.w	r9, r9, r3, ror #25
 8008af8:	ea01 0a03 	and.w	sl, r1, r3
 8008afc:	44f1      	add	r9, lr
 8008afe:	ea20 0e03 	bic.w	lr, r0, r3
 8008b02:	ea8e 0e0a 	eor.w	lr, lr, sl
 8008b06:	44f1      	add	r9, lr
        g += state[6];
 8008b08:	9818      	ldr	r0, [sp, #96]	@ 0x60
        F_32(w13, 0xa4506ceb)
 8008b0a:	444a      	add	r2, r9
        g += state[6];
 8008b0c:	4410      	add	r0, r2
 8008b0e:	9018      	str	r0, [sp, #96]	@ 0x60
        EXPAND_32
 8008b10:	9804      	ldr	r0, [sp, #16]
 8008b12:	ea4f 4eb0 	mov.w	lr, r0, ror #18
 8008b16:	ea8e 1ef0 	eor.w	lr, lr, r0, ror #7
 8008b1a:	ea8e 0ed0 	eor.w	lr, lr, r0, lsr #3
        F_32(w13, 0xa4506ceb)
 8008b1e:	ea85 0a04 	eor.w	sl, r5, r4
        F_32(w14, 0xbef9a3f7)
 8008b22:	44e6      	add	lr, ip
        F_32(w13, 0xa4506ceb)
 8008b24:	ea4f 3c76 	mov.w	ip, r6, ror #13
 8008b28:	ea05 0b04 	and.w	fp, r5, r4
        F_32(w14, 0xbef9a3f7)
 8008b2c:	9805      	ldr	r0, [sp, #20]
        F_32(w13, 0xa4506ceb)
 8008b2e:	ea8c 0cb6 	eor.w	ip, ip, r6, ror #2
 8008b32:	ea0a 0a06 	and.w	sl, sl, r6
 8008b36:	ea8c 5cb6 	eor.w	ip, ip, r6, ror #22
 8008b3a:	ea8a 0a0b 	eor.w	sl, sl, fp
        F_32(w14, 0xbef9a3f7)
 8008b3e:	4486      	add	lr, r0
        F_32(w13, 0xa4506ceb)
 8008b40:	44d4      	add	ip, sl
        c += state[2];
 8008b42:	9816      	ldr	r0, [sp, #88]	@ 0x58
        F_32(w13, 0xa4506ceb)
 8008b44:	44cc      	add	ip, r9
        c += state[2];
 8008b46:	eb00 090c 	add.w	r9, r0, ip
 8008b4a:	f8cd 9058 	str.w	r9, [sp, #88]	@ 0x58
        EXPAND_32
 8008b4e:	ea4f 49f7 	mov.w	r9, r7, ror #19
 8008b52:	ea89 4977 	eor.w	r9, r9, r7, ror #17
 8008b56:	ea89 2997 	eor.w	r9, r9, r7, lsr #10
        F_32(w14, 0xbef9a3f7)
 8008b5a:	9802      	ldr	r0, [sp, #8]
        F_32(w15, 0xc67178f2)
 8008b5c:	4f41      	ldr	r7, [pc, #260]	@ (8008c64 <crypto_hashblocks_sha256.isra.0+0x1bdc>)
        F_32(w14, 0xbef9a3f7)
 8008b5e:	44ce      	add	lr, r9
 8008b60:	4486      	add	lr, r0
 8008b62:	ea4f 20f2 	mov.w	r0, r2, ror #11
 8008b66:	ea80 10b2 	eor.w	r0, r0, r2, ror #6
 8008b6a:	ea80 6072 	eor.w	r0, r0, r2, ror #25
 8008b6e:	4486      	add	lr, r0
        F_32(w15, 0xc67178f2)
 8008b70:	9804      	ldr	r0, [sp, #16]
        F_32(w14, 0xbef9a3f7)
 8008b72:	ea03 0902 	and.w	r9, r3, r2
        F_32(w15, 0xc67178f2)
 8008b76:	4407      	add	r7, r0
        F_32(w14, 0xbef9a3f7)
 8008b78:	ea21 0002 	bic.w	r0, r1, r2
 8008b7c:	ea80 0009 	eor.w	r0, r0, r9
 8008b80:	4470      	add	r0, lr
 8008b82:	4405      	add	r5, r0
        F_32(w15, 0xc67178f2)
 8008b84:	402a      	ands	r2, r5
 8008b86:	ea23 0305 	bic.w	r3, r3, r5
 8008b8a:	4053      	eors	r3, r2
        F_32(w14, 0xbef9a3f7)
 8008b8c:	ea4f 3e7c 	mov.w	lr, ip, ror #13
        f += state[5];
 8008b90:	9a17      	ldr	r2, [sp, #92]	@ 0x5c
        F_32(w14, 0xbef9a3f7)
 8008b92:	ea84 0906 	eor.w	r9, r4, r6
 8008b96:	ea8e 0ebc 	eor.w	lr, lr, ip, ror #2
 8008b9a:	ea09 090c 	and.w	r9, r9, ip
 8008b9e:	4034      	ands	r4, r6
        f += state[5];
 8008ba0:	442a      	add	r2, r5
        F_32(w14, 0xbef9a3f7)
 8008ba2:	ea8e 5ebc 	eor.w	lr, lr, ip, ror #22
 8008ba6:	ea89 0904 	eor.w	r9, r9, r4
        f += state[5];
 8008baa:	9217      	str	r2, [sp, #92]	@ 0x5c
        F_32(w14, 0xbef9a3f7)
 8008bac:	44ce      	add	lr, r9
        b += state[1];
 8008bae:	9a14      	ldr	r2, [sp, #80]	@ 0x50
        F_32(w14, 0xbef9a3f7)
 8008bb0:	4486      	add	lr, r0
        EXPAND_32
 8008bb2:	980f      	ldr	r0, [sp, #60]	@ 0x3c
        b += state[1];
 8008bb4:	4472      	add	r2, lr
 8008bb6:	9214      	str	r2, [sp, #80]	@ 0x50
        EXPAND_32
 8008bb8:	ea4f 42b0 	mov.w	r2, r0, ror #18
 8008bbc:	ea82 12f0 	eor.w	r2, r2, r0, ror #7
 8008bc0:	ea82 02d0 	eor.w	r2, r2, r0, lsr #3
        F_32(w15, 0xc67178f2)
 8008bc4:	443a      	add	r2, r7
        EXPAND_32
 8008bc6:	ea4f 40f8 	mov.w	r0, r8, ror #19
        F_32(w15, 0xc67178f2)
 8008bca:	9f03      	ldr	r7, [sp, #12]
        EXPAND_32
 8008bcc:	ea80 4078 	eor.w	r0, r0, r8, ror #17
 8008bd0:	ea80 2098 	eor.w	r0, r0, r8, lsr #10
        F_32(w15, 0xc67178f2)
 8008bd4:	443a      	add	r2, r7
 8008bd6:	4402      	add	r2, r0
 8008bd8:	440a      	add	r2, r1
 8008bda:	ea4f 21f5 	mov.w	r1, r5, ror #11
 8008bde:	ea81 11b5 	eor.w	r1, r1, r5, ror #6
 8008be2:	ea81 6175 	eor.w	r1, r1, r5, ror #25
 8008be6:	440a      	add	r2, r1
        e += state[4];
 8008be8:	9806      	ldr	r0, [sp, #24]
 8008bea:	9d01      	ldr	r5, [sp, #4]
        F_32(w15, 0xc67178f2)
 8008bec:	441a      	add	r2, r3
        e += state[4];
 8008bee:	1883      	adds	r3, r0, r2
 8008bf0:	9315      	str	r3, [sp, #84]	@ 0x54
        F_32(w15, 0xc67178f2)
 8008bf2:	ea86 030c 	eor.w	r3, r6, ip
 8008bf6:	ea03 030e 	and.w	r3, r3, lr
 8008bfa:	ea06 0c0c 	and.w	ip, r6, ip
 8008bfe:	ea4f 317e 	mov.w	r1, lr, ror #13
 8008c02:	ea83 030c 	eor.w	r3, r3, ip
 8008c06:	ea81 01be 	eor.w	r1, r1, lr, ror #2
 8008c0a:	ea81 51be 	eor.w	r1, r1, lr, ror #22
 8008c0e:	442b      	add	r3, r5
 8008c10:	440b      	add	r3, r1
        a += state[0];
 8008c12:	4413      	add	r3, r2
    while (inlen >= 64) {
 8008c14:	9900      	ldr	r1, [sp, #0]
        a += state[0];
 8008c16:	9301      	str	r3, [sp, #4]
    while (inlen >= 64) {
 8008c18:	9b1c      	ldr	r3, [sp, #112]	@ 0x70
 8008c1a:	4299      	cmp	r1, r3
 8008c1c:	f47e aa5c 	bne.w	80070d8 <crypto_hashblocks_sha256.isra.0+0x50>
 8008c20:	9b1d      	ldr	r3, [sp, #116]	@ 0x74
    x[0] = (uint8_t) u;
 8008c22:	9a01      	ldr	r2, [sp, #4]
 8008c24:	9917      	ldr	r1, [sp, #92]	@ 0x5c
 8008c26:	9818      	ldr	r0, [sp, #96]	@ 0x60
 8008c28:	9c1a      	ldr	r4, [sp, #104]	@ 0x68
 8008c2a:	ba12      	rev	r2, r2
 8008c2c:	601a      	str	r2, [r3, #0]
 8008c2e:	9a14      	ldr	r2, [sp, #80]	@ 0x50
 8008c30:	ba12      	rev	r2, r2
 8008c32:	605a      	str	r2, [r3, #4]
 8008c34:	9a16      	ldr	r2, [sp, #88]	@ 0x58
 8008c36:	ba12      	rev	r2, r2
 8008c38:	609a      	str	r2, [r3, #8]
 8008c3a:	9a19      	ldr	r2, [sp, #100]	@ 0x64
 8008c3c:	ba12      	rev	r2, r2
 8008c3e:	60da      	str	r2, [r3, #12]
 8008c40:	9a15      	ldr	r2, [sp, #84]	@ 0x54
 8008c42:	ba09      	rev	r1, r1
 8008c44:	ba12      	rev	r2, r2
    store_bigendian_32(statebytes + 4, state[1]);
    store_bigendian_32(statebytes + 8, state[2]);
    store_bigendian_32(statebytes + 12, state[3]);
    store_bigendian_32(statebytes + 16, state[4]);
    store_bigendian_32(statebytes + 20, state[5]);
    store_bigendian_32(statebytes + 24, state[6]);
 8008c46:	ba00      	rev	r0, r0
    store_bigendian_32(statebytes + 28, state[7]);
 8008c48:	ba24      	rev	r4, r4
    x[0] = (uint8_t) u;
 8008c4a:	611a      	str	r2, [r3, #16]
 8008c4c:	6159      	str	r1, [r3, #20]
 8008c4e:	6198      	str	r0, [r3, #24]
 8008c50:	61dc      	str	r4, [r3, #28]

    return inlen;
}
 8008c52:	b01f      	add	sp, #124	@ 0x7c
 8008c54:	e8bd 8ff0 	ldmia.w	sp!, {r4, r5, r6, r7, r8, r9, sl, fp, pc}
 8008c58:	78a5636f 	.word	0x78a5636f
 8008c5c:	84c87814 	.word	0x84c87814
 8008c60:	8cc70208 	.word	0x8cc70208
 8008c64:	c67178f2 	.word	0xc67178f2
 8008c68:	90befffa 	.word	0x90befffa
 8008c6c:	a4506ceb 	.word	0xa4506ceb
 8008c70:	bef9a3f7 	.word	0xbef9a3f7

08008c74 <sha256_inc_finalize>:

void sha384_inc_blocks(sha384ctx *state, const uint8_t *in, size_t inblocks) {
    sha512_inc_blocks((sha512ctx*) state, in, inblocks);
}

void sha256_inc_finalize(uint8_t *out, sha256ctx *state, const uint8_t *in, size_t inlen) {
 8008c74:	e92d 47f0 	stmdb	sp!, {r4, r5, r6, r7, r8, r9, sl, lr}
 8008c78:	461e      	mov	r6, r3
 8008c7a:	6a4b      	ldr	r3, [r1, #36]	@ 0x24
 8008c7c:	f8d1 8020 	ldr.w	r8, [r1, #32]
 8008c80:	460d      	mov	r5, r1
 8008c82:	4691      	mov	r9, r2
 8008c84:	ba1b      	rev	r3, r3
#ifdef PROFILE_HASHING
    uint64_t t0 = hal_get_time();
#endif

    uint8_t padded[128];
    uint64_t bytes = load_bigendian_64(state->ctx + 32) + inlen;
 8008c86:	18f7      	adds	r7, r6, r3

    crypto_hashblocks_sha256(state->ctx, in, inlen);
 8008c88:	4632      	mov	r2, r6
 8008c8a:	4649      	mov	r1, r9
void sha256_inc_finalize(uint8_t *out, sha256ctx *state, const uint8_t *in, size_t inlen) {
 8008c8c:	b0a0      	sub	sp, #128	@ 0x80
 8008c8e:	fa98 f888 	rev.w	r8, r8
 8008c92:	4604      	mov	r4, r0
    crypto_hashblocks_sha256(state->ctx, in, inlen);
 8008c94:	4628      	mov	r0, r5
    uint64_t bytes = load_bigendian_64(state->ctx + 32) + inlen;
 8008c96:	f148 0800 	adc.w	r8, r8, #0
    crypto_hashblocks_sha256(state->ctx, in, inlen);
 8008c9a:	f7fe f9f5 	bl	8007088 <crypto_hashblocks_sha256.isra.0>
    in += inlen;
    inlen &= 63;
    in -= inlen;
 8008c9e:	f026 013f 	bic.w	r1, r6, #63	@ 0x3f

    for (size_t i = 0; i < inlen; ++i) {
 8008ca2:	f016 063f 	ands.w	r6, r6, #63	@ 0x3f
 8008ca6:	f000 808f 	beq.w	8008dc8 <sha256_inc_finalize+0x154>
        padded[i] = in[i];
 8008caa:	4449      	add	r1, r9
 8008cac:	46e9      	mov	r9, sp
    }
    padded[inlen] = 0x80;
 8008cae:	f04f 0a80 	mov.w	sl, #128	@ 0x80
        padded[i] = in[i];
 8008cb2:	4632      	mov	r2, r6
 8008cb4:	4648      	mov	r0, r9
 8008cb6:	f7fc fc45 	bl	8005544 <memcpy>
    padded[inlen] = 0x80;
 8008cba:	eb06 030a 	add.w	r3, r6, sl
 8008cbe:	446b      	add	r3, sp

    if (inlen < 56) {
 8008cc0:	2e37      	cmp	r6, #55	@ 0x37
    padded[inlen] = 0x80;
 8008cc2:	f803 ac80 	strb.w	sl, [r3, #-128]
    if (inlen < 56) {
 8008cc6:	d941      	bls.n	8008d4c <sha256_inc_finalize+0xd8>
        for (size_t i = inlen + 1; i < 56; ++i) {
 8008cc8:	1c70      	adds	r0, r6, #1
        padded[62] = (uint8_t) (bytes >> 5);
        padded[63] = (uint8_t) (bytes << 3);
        crypto_hashblocks_sha256(state->ctx, padded, 64);
    } else {
        for (size_t i = inlen + 1; i < 120; ++i) {
            padded[i] = 0;
 8008cca:	f1c6 0277 	rsb	r2, r6, #119	@ 0x77
 8008cce:	2100      	movs	r1, #0
 8008cd0:	4448      	add	r0, r9
 8008cd2:	f7fc fbe5 	bl	80054a0 <memset>
        }
        padded[120] = (uint8_t) (bytes >> 53);
 8008cd6:	ea4f 5058 	mov.w	r0, r8, lsr #21
 8008cda:	2300      	movs	r3, #0
 8008cdc:	f360 0307 	bfi	r3, r0, #0, #8
        padded[121] = (uint8_t) (bytes >> 45);
 8008ce0:	ea4f 3058 	mov.w	r0, r8, lsr #13
        padded[120] = (uint8_t) (bytes >> 53);
 8008ce4:	f360 230f 	bfi	r3, r0, #8, #8
        padded[122] = (uint8_t) (bytes >> 37);
 8008ce8:	ea4f 1058 	mov.w	r0, r8, lsr #5
        padded[120] = (uint8_t) (bytes >> 53);
 8008cec:	f360 4317 	bfi	r3, r0, #16, #8
        padded[123] = (uint8_t) (bytes >> 29);
 8008cf0:	0f78      	lsrs	r0, r7, #29
 8008cf2:	ea40 00c8 	orr.w	r0, r0, r8, lsl #3
        padded[120] = (uint8_t) (bytes >> 53);
 8008cf6:	f360 631f 	bfi	r3, r0, #24, #8
 8008cfa:	931e      	str	r3, [sp, #120]	@ 0x78
        padded[124] = (uint8_t) (bytes >> 21);
 8008cfc:	0d7b      	lsrs	r3, r7, #21
 8008cfe:	f88d 307c 	strb.w	r3, [sp, #124]	@ 0x7c
        padded[125] = (uint8_t) (bytes >> 13);
 8008d02:	0b7b      	lsrs	r3, r7, #13
 8008d04:	f88d 307d 	strb.w	r3, [sp, #125]	@ 0x7d
        padded[126] = (uint8_t) (bytes >> 5);
 8008d08:	097b      	lsrs	r3, r7, #5
 8008d0a:	f88d 307e 	strb.w	r3, [sp, #126]	@ 0x7e
        padded[127] = (uint8_t) (bytes << 3);
        crypto_hashblocks_sha256(state->ctx, padded, 128);
 8008d0e:	4652      	mov	r2, sl
        padded[127] = (uint8_t) (bytes << 3);
 8008d10:	00fb      	lsls	r3, r7, #3
        crypto_hashblocks_sha256(state->ctx, padded, 128);
 8008d12:	4649      	mov	r1, r9
 8008d14:	4628      	mov	r0, r5
        padded[127] = (uint8_t) (bytes << 3);
 8008d16:	f88d 307f 	strb.w	r3, [sp, #127]	@ 0x7f
        crypto_hashblocks_sha256(state->ctx, padded, 128);
 8008d1a:	f7fe f9b5 	bl	8007088 <crypto_hashblocks_sha256.isra.0>
    }

    for (size_t i = 0; i < 32; ++i) {
 8008d1e:	1c6b      	adds	r3, r5, #1
 8008d20:	1ae3      	subs	r3, r4, r3
 8008d22:	2b02      	cmp	r3, #2
 8008d24:	d944      	bls.n	8008db0 <sha256_inc_finalize+0x13c>
        out[i] = state->ctx[i];
 8008d26:	682b      	ldr	r3, [r5, #0]
 8008d28:	6023      	str	r3, [r4, #0]
 8008d2a:	686b      	ldr	r3, [r5, #4]
 8008d2c:	6063      	str	r3, [r4, #4]
 8008d2e:	68ab      	ldr	r3, [r5, #8]
 8008d30:	60a3      	str	r3, [r4, #8]
 8008d32:	68eb      	ldr	r3, [r5, #12]
 8008d34:	60e3      	str	r3, [r4, #12]
 8008d36:	692b      	ldr	r3, [r5, #16]
 8008d38:	6123      	str	r3, [r4, #16]
 8008d3a:	696b      	ldr	r3, [r5, #20]
 8008d3c:	6163      	str	r3, [r4, #20]
 8008d3e:	69ab      	ldr	r3, [r5, #24]
 8008d40:	61a3      	str	r3, [r4, #24]
 8008d42:	69eb      	ldr	r3, [r5, #28]
 8008d44:	61e3      	str	r3, [r4, #28]

#ifdef PROFILE_HASHING
    uint64_t t1 = hal_get_time();
    hash_cycles += (t1-t0);
#endif
}
 8008d46:	b020      	add	sp, #128	@ 0x80
 8008d48:	e8bd 87f0 	ldmia.w	sp!, {r4, r5, r6, r7, r8, r9, sl, pc}
        for (size_t i = inlen + 1; i < 56; ++i) {
 8008d4c:	2e37      	cmp	r6, #55	@ 0x37
 8008d4e:	f106 0001 	add.w	r0, r6, #1
 8008d52:	d005      	beq.n	8008d60 <sha256_inc_finalize+0xec>
            padded[i] = 0;
 8008d54:	f1c6 0237 	rsb	r2, r6, #55	@ 0x37
 8008d58:	4448      	add	r0, r9
 8008d5a:	2100      	movs	r1, #0
 8008d5c:	f7fc fba0 	bl	80054a0 <memset>
        padded[56] = (uint8_t) (bytes >> 53);
 8008d60:	ea4f 5258 	mov.w	r2, r8, lsr #21
 8008d64:	2300      	movs	r3, #0
 8008d66:	f362 0307 	bfi	r3, r2, #0, #8
        padded[57] = (uint8_t) (bytes >> 45);
 8008d6a:	ea4f 3258 	mov.w	r2, r8, lsr #13
        padded[56] = (uint8_t) (bytes >> 53);
 8008d6e:	f362 230f 	bfi	r3, r2, #8, #8
        padded[58] = (uint8_t) (bytes >> 37);
 8008d72:	ea4f 1258 	mov.w	r2, r8, lsr #5
        padded[56] = (uint8_t) (bytes >> 53);
 8008d76:	f362 4317 	bfi	r3, r2, #16, #8
        padded[59] = (uint8_t) (bytes >> 29);
 8008d7a:	0f7a      	lsrs	r2, r7, #29
 8008d7c:	ea42 02c8 	orr.w	r2, r2, r8, lsl #3
        padded[56] = (uint8_t) (bytes >> 53);
 8008d80:	f362 631f 	bfi	r3, r2, #24, #8
 8008d84:	930e      	str	r3, [sp, #56]	@ 0x38
        padded[60] = (uint8_t) (bytes >> 21);
 8008d86:	0d7b      	lsrs	r3, r7, #21
 8008d88:	f88d 303c 	strb.w	r3, [sp, #60]	@ 0x3c
        padded[62] = (uint8_t) (bytes >> 5);
 8008d8c:	097a      	lsrs	r2, r7, #5
        padded[61] = (uint8_t) (bytes >> 13);
 8008d8e:	0b7b      	lsrs	r3, r7, #13
 8008d90:	f88d 303d 	strb.w	r3, [sp, #61]	@ 0x3d
        padded[62] = (uint8_t) (bytes >> 5);
 8008d94:	f88d 203e 	strb.w	r2, [sp, #62]	@ 0x3e
        padded[63] = (uint8_t) (bytes << 3);
 8008d98:	00fb      	lsls	r3, r7, #3
        crypto_hashblocks_sha256(state->ctx, padded, 64);
 8008d9a:	4649      	mov	r1, r9
 8008d9c:	2240      	movs	r2, #64	@ 0x40
 8008d9e:	4628      	mov	r0, r5
        padded[63] = (uint8_t) (bytes << 3);
 8008da0:	f88d 303f 	strb.w	r3, [sp, #63]	@ 0x3f
        crypto_hashblocks_sha256(state->ctx, padded, 64);
 8008da4:	f7fe f970 	bl	8007088 <crypto_hashblocks_sha256.isra.0>
    for (size_t i = 0; i < 32; ++i) {
 8008da8:	1c6b      	adds	r3, r5, #1
 8008daa:	1ae3      	subs	r3, r4, r3
 8008dac:	2b02      	cmp	r3, #2
 8008dae:	d8ba      	bhi.n	8008d26 <sha256_inc_finalize+0xb2>
 8008db0:	1e6b      	subs	r3, r5, #1
 8008db2:	1e60      	subs	r0, r4, #1
 8008db4:	351f      	adds	r5, #31
        out[i] = state->ctx[i];
 8008db6:	f813 2f01 	ldrb.w	r2, [r3, #1]!
 8008dba:	f800 2f01 	strb.w	r2, [r0, #1]!
    for (size_t i = 0; i < 32; ++i) {
 8008dbe:	42ab      	cmp	r3, r5
 8008dc0:	d1f9      	bne.n	8008db6 <sha256_inc_finalize+0x142>
}
 8008dc2:	b020      	add	sp, #128	@ 0x80
 8008dc4:	e8bd 87f0 	ldmia.w	sp!, {r4, r5, r6, r7, r8, r9, sl, pc}
    padded[inlen] = 0x80;
 8008dc8:	2380      	movs	r3, #128	@ 0x80
 8008dca:	f88d 3000 	strb.w	r3, [sp]
        for (size_t i = inlen + 1; i < 56; ++i) {
 8008dce:	2001      	movs	r0, #1
 8008dd0:	46e9      	mov	r9, sp
 8008dd2:	e7bf      	b.n	8008d54 <sha256_inc_finalize+0xe0>

08008dd4 <sha512_inc_finalize>:
    for (size_t i = 0; i < 28; ++i) {
        out[i] = state->ctx[i];
    }
}

void sha512_inc_finalize(uint8_t *out, sha512ctx *state, const uint8_t *in, size_t inlen) {
 8008dd4:	e92d 43f0 	stmdb	sp!, {r4, r5, r6, r7, r8, r9, lr}
 8008dd8:	460d      	mov	r5, r1
 8008dda:	6c09      	ldr	r1, [r1, #64]	@ 0x40
 8008ddc:	f8d5 8044 	ldr.w	r8, [r5, #68]	@ 0x44
 8008de0:	fa98 f888 	rev.w	r8, r8
#ifdef PROFILE_HASHING
    uint64_t t0 = hal_get_time();
#endif

    uint8_t padded[256];
    uint64_t bytes = load_bigendian_64(state->ctx + 64) + inlen;
 8008de4:	eb13 0808 	adds.w	r8, r3, r8
void sha512_inc_finalize(uint8_t *out, sha512ctx *state, const uint8_t *in, size_t inlen) {
 8008de8:	4691      	mov	r9, r2
 8008dea:	ba09      	rev	r1, r1
 8008dec:	461e      	mov	r6, r3
    uint64_t bytes = load_bigendian_64(state->ctx + 64) + inlen;
 8008dee:	f141 0700 	adc.w	r7, r1, #0

    crypto_hashblocks_sha512(state->ctx, in, inlen);
 8008df2:	461a      	mov	r2, r3
 8008df4:	4649      	mov	r1, r9
void sha512_inc_finalize(uint8_t *out, sha512ctx *state, const uint8_t *in, size_t inlen) {
 8008df6:	b0c1      	sub	sp, #260	@ 0x104
 8008df8:	4604      	mov	r4, r0
    crypto_hashblocks_sha512(state->ctx, in, inlen);
 8008dfa:	2300      	movs	r3, #0
 8008dfc:	4628      	mov	r0, r5
 8008dfe:	f7fe f907 	bl	8007010 <crypto_hashblocks_sha512>
    in += inlen;
    inlen &= 127;
    in -= inlen;
 8008e02:	f026 017f 	bic.w	r1, r6, #127	@ 0x7f

    for (size_t i = 0; i < inlen; ++i) {
 8008e06:	f016 067f 	ands.w	r6, r6, #127	@ 0x7f
 8008e0a:	d06e      	beq.n	8008eea <sha512_inc_finalize+0x116>
        padded[i] = in[i];
 8008e0c:	4449      	add	r1, r9
 8008e0e:	46e9      	mov	r9, sp
 8008e10:	4632      	mov	r2, r6
 8008e12:	4648      	mov	r0, r9
 8008e14:	f7fc fb96 	bl	8005544 <memcpy>
    }
    padded[inlen] = 0x80;
 8008e18:	2380      	movs	r3, #128	@ 0x80

    if (inlen < 112) {
 8008e1a:	2e6f      	cmp	r6, #111	@ 0x6f
    padded[inlen] = 0x80;
 8008e1c:	f809 3006 	strb.w	r3, [r9, r6]
        for (size_t i = inlen + 1; i < 119; ++i) {
 8008e20:	f106 0001 	add.w	r0, r6, #1
    if (inlen < 112) {
 8008e24:	d966      	bls.n	8008ef4 <sha512_inc_finalize+0x120>
        padded[126] = (uint8_t) (bytes >> 5);
        padded[127] = (uint8_t) (bytes << 3);
        crypto_hashblocks_sha512(state->ctx, padded, 128);
    } else {
        for (size_t i = inlen + 1; i < 247; ++i) {
            padded[i] = 0;
 8008e26:	f1c6 02f6 	rsb	r2, r6, #246	@ 0xf6
 8008e2a:	2100      	movs	r1, #0
 8008e2c:	4448      	add	r0, r9
 8008e2e:	f7fc fb37 	bl	80054a0 <memset>
        }
        padded[247] = (uint8_t) (bytes >> 61);
 8008e32:	2300      	movs	r3, #0
        padded[248] = (uint8_t) (bytes >> 53);
        padded[249] = (uint8_t) (bytes >> 45);
        padded[250] = (uint8_t) (bytes >> 37);
        padded[251] = (uint8_t) (bytes >> 29);
 8008e34:	ea4f 7158 	mov.w	r1, r8, lsr #29
 8008e38:	ea41 01c7 	orr.w	r1, r1, r7, lsl #3
        padded[247] = (uint8_t) (bytes >> 61);
 8008e3c:	461a      	mov	r2, r3
 8008e3e:	f361 0207 	bfi	r2, r1, #0, #8
 8008e42:	0f79      	lsrs	r1, r7, #29
 8008e44:	f361 0307 	bfi	r3, r1, #0, #8
        padded[252] = (uint8_t) (bytes >> 21);
 8008e48:	ea4f 5158 	mov.w	r1, r8, lsr #21
 8008e4c:	ea41 21c7 	orr.w	r1, r1, r7, lsl #11
        padded[247] = (uint8_t) (bytes >> 61);
 8008e50:	f361 220f 	bfi	r2, r1, #8, #8
        padded[248] = (uint8_t) (bytes >> 53);
 8008e54:	0d79      	lsrs	r1, r7, #21
        padded[247] = (uint8_t) (bytes >> 61);
 8008e56:	f361 230f 	bfi	r3, r1, #8, #8
        padded[253] = (uint8_t) (bytes >> 13);
 8008e5a:	ea4f 3158 	mov.w	r1, r8, lsr #13
 8008e5e:	ea41 41c7 	orr.w	r1, r1, r7, lsl #19
        padded[247] = (uint8_t) (bytes >> 61);
 8008e62:	f361 4217 	bfi	r2, r1, #16, #8
        padded[249] = (uint8_t) (bytes >> 45);
 8008e66:	0b79      	lsrs	r1, r7, #13
        padded[247] = (uint8_t) (bytes >> 61);
 8008e68:	f361 4317 	bfi	r3, r1, #16, #8
        padded[254] = (uint8_t) (bytes >> 5);
 8008e6c:	ea4f 1158 	mov.w	r1, r8, lsr #5
 8008e70:	ea41 61c7 	orr.w	r1, r1, r7, lsl #27
        padded[250] = (uint8_t) (bytes >> 37);
 8008e74:	097f      	lsrs	r7, r7, #5
        padded[247] = (uint8_t) (bytes >> 61);
 8008e76:	f361 621f 	bfi	r2, r1, #24, #8
 8008e7a:	f367 631f 	bfi	r3, r7, #24, #8
 8008e7e:	f8c9 20fb 	str.w	r2, [r9, #251]	@ 0xfb
 8008e82:	f8c9 30f7 	str.w	r3, [r9, #247]	@ 0xf7
        padded[255] = (uint8_t) (bytes << 3);
 8008e86:	ea4f 08c8 	mov.w	r8, r8, lsl #3
        crypto_hashblocks_sha512(state->ctx, padded, 256);
 8008e8a:	2300      	movs	r3, #0
 8008e8c:	4649      	mov	r1, r9
 8008e8e:	4628      	mov	r0, r5
 8008e90:	f44f 7280 	mov.w	r2, #256	@ 0x100
        padded[255] = (uint8_t) (bytes << 3);
 8008e94:	f889 80ff 	strb.w	r8, [r9, #255]	@ 0xff
        crypto_hashblocks_sha512(state->ctx, padded, 256);
 8008e98:	f7fe f8ba 	bl	8007010 <crypto_hashblocks_sha512>
    }

    for (size_t i = 0; i < 64; ++i) {
 8008e9c:	1c6b      	adds	r3, r5, #1
 8008e9e:	1ae3      	subs	r3, r4, r3
 8008ea0:	2b02      	cmp	r3, #2
 8008ea2:	d965      	bls.n	8008f70 <sha512_inc_finalize+0x19c>
        out[i] = state->ctx[i];
 8008ea4:	682b      	ldr	r3, [r5, #0]
 8008ea6:	6023      	str	r3, [r4, #0]
 8008ea8:	686b      	ldr	r3, [r5, #4]
 8008eaa:	6063      	str	r3, [r4, #4]
 8008eac:	68ab      	ldr	r3, [r5, #8]
 8008eae:	60a3      	str	r3, [r4, #8]
 8008eb0:	68eb      	ldr	r3, [r5, #12]
 8008eb2:	60e3      	str	r3, [r4, #12]
 8008eb4:	692b      	ldr	r3, [r5, #16]
 8008eb6:	6123      	str	r3, [r4, #16]
 8008eb8:	696b      	ldr	r3, [r5, #20]
 8008eba:	6163      	str	r3, [r4, #20]
 8008ebc:	69ab      	ldr	r3, [r5, #24]
 8008ebe:	61a3      	str	r3, [r4, #24]
 8008ec0:	69eb      	ldr	r3, [r5, #28]
 8008ec2:	61e3      	str	r3, [r4, #28]
 8008ec4:	6a2b      	ldr	r3, [r5, #32]
 8008ec6:	6223      	str	r3, [r4, #32]
 8008ec8:	6a6b      	ldr	r3, [r5, #36]	@ 0x24
 8008eca:	6263      	str	r3, [r4, #36]	@ 0x24
 8008ecc:	6aab      	ldr	r3, [r5, #40]	@ 0x28
 8008ece:	62a3      	str	r3, [r4, #40]	@ 0x28
 8008ed0:	6aeb      	ldr	r3, [r5, #44]	@ 0x2c
 8008ed2:	62e3      	str	r3, [r4, #44]	@ 0x2c
 8008ed4:	6b2b      	ldr	r3, [r5, #48]	@ 0x30
 8008ed6:	6323      	str	r3, [r4, #48]	@ 0x30
 8008ed8:	6b6b      	ldr	r3, [r5, #52]	@ 0x34
 8008eda:	6363      	str	r3, [r4, #52]	@ 0x34
 8008edc:	6bab      	ldr	r3, [r5, #56]	@ 0x38
 8008ede:	63a3      	str	r3, [r4, #56]	@ 0x38
 8008ee0:	6beb      	ldr	r3, [r5, #60]	@ 0x3c
 8008ee2:	63e3      	str	r3, [r4, #60]	@ 0x3c

#ifdef PROFILE_HASHING
    uint64_t t1 = hal_get_time();
    hash_cycles += (t1-t0);
#endif
}
 8008ee4:	b041      	add	sp, #260	@ 0x104
 8008ee6:	e8bd 83f0 	ldmia.w	sp!, {r4, r5, r6, r7, r8, r9, pc}
    padded[inlen] = 0x80;
 8008eea:	46e9      	mov	r9, sp
 8008eec:	2380      	movs	r3, #128	@ 0x80
 8008eee:	f889 3000 	strb.w	r3, [r9]
 8008ef2:	2001      	movs	r0, #1
            padded[i] = 0;
 8008ef4:	f1c0 0277 	rsb	r2, r0, #119	@ 0x77
 8008ef8:	2100      	movs	r1, #0
 8008efa:	4448      	add	r0, r9
 8008efc:	f7fc fad0 	bl	80054a0 <memset>
        padded[119] = (uint8_t) (bytes >> 61);
 8008f00:	2300      	movs	r3, #0
        padded[123] = (uint8_t) (bytes >> 29);
 8008f02:	ea4f 7158 	mov.w	r1, r8, lsr #29
 8008f06:	ea41 01c7 	orr.w	r1, r1, r7, lsl #3
        padded[119] = (uint8_t) (bytes >> 61);
 8008f0a:	461a      	mov	r2, r3
 8008f0c:	f361 0207 	bfi	r2, r1, #0, #8
 8008f10:	0f79      	lsrs	r1, r7, #29
 8008f12:	f361 0307 	bfi	r3, r1, #0, #8
        padded[124] = (uint8_t) (bytes >> 21);
 8008f16:	ea4f 5158 	mov.w	r1, r8, lsr #21
 8008f1a:	ea41 21c7 	orr.w	r1, r1, r7, lsl #11
        padded[119] = (uint8_t) (bytes >> 61);
 8008f1e:	f361 220f 	bfi	r2, r1, #8, #8
        padded[120] = (uint8_t) (bytes >> 53);
 8008f22:	0d79      	lsrs	r1, r7, #21
        padded[119] = (uint8_t) (bytes >> 61);
 8008f24:	f361 230f 	bfi	r3, r1, #8, #8
        padded[125] = (uint8_t) (bytes >> 13);
 8008f28:	ea4f 3158 	mov.w	r1, r8, lsr #13
 8008f2c:	ea41 41c7 	orr.w	r1, r1, r7, lsl #19
        padded[119] = (uint8_t) (bytes >> 61);
 8008f30:	f361 4217 	bfi	r2, r1, #16, #8
        padded[121] = (uint8_t) (bytes >> 45);
 8008f34:	0b79      	lsrs	r1, r7, #13
        padded[119] = (uint8_t) (bytes >> 61);
 8008f36:	f361 4317 	bfi	r3, r1, #16, #8
        padded[126] = (uint8_t) (bytes >> 5);
 8008f3a:	ea4f 1158 	mov.w	r1, r8, lsr #5
 8008f3e:	ea41 61c7 	orr.w	r1, r1, r7, lsl #27
        padded[122] = (uint8_t) (bytes >> 37);
 8008f42:	097f      	lsrs	r7, r7, #5
        padded[119] = (uint8_t) (bytes >> 61);
 8008f44:	f361 621f 	bfi	r2, r1, #24, #8
 8008f48:	f367 631f 	bfi	r3, r7, #24, #8
 8008f4c:	f8c9 207b 	str.w	r2, [r9, #123]	@ 0x7b
 8008f50:	f8c9 3077 	str.w	r3, [r9, #119]	@ 0x77
        padded[127] = (uint8_t) (bytes << 3);
 8008f54:	ea4f 08c8 	mov.w	r8, r8, lsl #3
        crypto_hashblocks_sha512(state->ctx, padded, 128);
 8008f58:	2300      	movs	r3, #0
 8008f5a:	4649      	mov	r1, r9
 8008f5c:	4628      	mov	r0, r5
 8008f5e:	2280      	movs	r2, #128	@ 0x80
        padded[127] = (uint8_t) (bytes << 3);
 8008f60:	f889 807f 	strb.w	r8, [r9, #127]	@ 0x7f
        crypto_hashblocks_sha512(state->ctx, padded, 128);
 8008f64:	f7fe f854 	bl	8007010 <crypto_hashblocks_sha512>
    for (size_t i = 0; i < 64; ++i) {
 8008f68:	1c6b      	adds	r3, r5, #1
 8008f6a:	1ae3      	subs	r3, r4, r3
 8008f6c:	2b02      	cmp	r3, #2
 8008f6e:	d899      	bhi.n	8008ea4 <sha512_inc_finalize+0xd0>
 8008f70:	1e6b      	subs	r3, r5, #1
 8008f72:	1e60      	subs	r0, r4, #1
 8008f74:	353f      	adds	r5, #63	@ 0x3f
        out[i] = state->ctx[i];
 8008f76:	f813 2f01 	ldrb.w	r2, [r3, #1]!
 8008f7a:	f800 2f01 	strb.w	r2, [r0, #1]!
    for (size_t i = 0; i < 64; ++i) {
 8008f7e:	429d      	cmp	r5, r3
 8008f80:	d1f9      	bne.n	8008f76 <sha512_inc_finalize+0x1a2>
}
 8008f82:	b041      	add	sp, #260	@ 0x104
 8008f84:	e8bd 83f0 	ldmia.w	sp!, {r4, r5, r6, r7, r8, r9, pc}

08008f88 <sha256>:

    sha224_inc_init(&state);
    sha224_inc_finalize(out, &state, in, inlen);
}

void sha256(uint8_t *out, const uint8_t *in, size_t inlen) {
 8008f88:	b5f0      	push	{r4, r5, r6, r7, lr}
        state->ctx[i] = iv_256[i];
 8008f8a:	4c0c      	ldr	r4, [pc, #48]	@ (8008fbc <sha256+0x34>)
void sha256(uint8_t *out, const uint8_t *in, size_t inlen) {
 8008f8c:	4686      	mov	lr, r0
 8008f8e:	460e      	mov	r6, r1
 8008f90:	4617      	mov	r7, r2
        state->ctx[i] = iv_256[i];
 8008f92:	cc0f      	ldmia	r4!, {r0, r1, r2, r3}
void sha256(uint8_t *out, const uint8_t *in, size_t inlen) {
 8008f94:	b08b      	sub	sp, #44	@ 0x2c
        state->ctx[i] = iv_256[i];
 8008f96:	46ec      	mov	ip, sp
 8008f98:	e8ac 000f 	stmia.w	ip!, {r0, r1, r2, r3}
 8008f9c:	e894 000f 	ldmia.w	r4, {r0, r1, r2, r3}
        state->ctx[i] = 0;
 8008fa0:	2500      	movs	r5, #0
        state->ctx[i] = iv_256[i];
 8008fa2:	e88c 000f 	stmia.w	ip, {r0, r1, r2, r3}
    sha256ctx state;

    sha256_inc_init(&state);
    sha256_inc_finalize(out, &state, in, inlen);
 8008fa6:	463b      	mov	r3, r7
 8008fa8:	4632      	mov	r2, r6
 8008faa:	4670      	mov	r0, lr
 8008fac:	4669      	mov	r1, sp
        state->ctx[i] = 0;
 8008fae:	e9cd 5508 	strd	r5, r5, [sp, #32]
    sha256_inc_finalize(out, &state, in, inlen);
 8008fb2:	f7ff fe5f 	bl	8008c74 <sha256_inc_finalize>
}
 8008fb6:	b00b      	add	sp, #44	@ 0x2c
 8008fb8:	bdf0      	pop	{r4, r5, r6, r7, pc}
 8008fba:	bf00      	nop
 8008fbc:	0800c394 	.word	0x0800c394

08008fc0 <sha512>:

    sha384_inc_init(&state);
    sha384_inc_finalize(out, &state, in, inlen);
}

void sha512(uint8_t *out, const uint8_t *in, size_t inlen) {
 8008fc0:	b5f0      	push	{r4, r5, r6, r7, lr}
        state->ctx[i] = iv_512[i];
 8008fc2:	4c0f      	ldr	r4, [pc, #60]	@ (8009000 <sha512+0x40>)
void sha512(uint8_t *out, const uint8_t *in, size_t inlen) {
 8008fc4:	4686      	mov	lr, r0
 8008fc6:	460e      	mov	r6, r1
 8008fc8:	4617      	mov	r7, r2
        state->ctx[i] = iv_512[i];
 8008fca:	cc0f      	ldmia	r4!, {r0, r1, r2, r3}
void sha512(uint8_t *out, const uint8_t *in, size_t inlen) {
 8008fcc:	b093      	sub	sp, #76	@ 0x4c
        state->ctx[i] = iv_512[i];
 8008fce:	46ec      	mov	ip, sp
 8008fd0:	e8ac 000f 	stmia.w	ip!, {r0, r1, r2, r3}
 8008fd4:	cc0f      	ldmia	r4!, {r0, r1, r2, r3}
 8008fd6:	e8ac 000f 	stmia.w	ip!, {r0, r1, r2, r3}
 8008fda:	cc0f      	ldmia	r4!, {r0, r1, r2, r3}
 8008fdc:	e8ac 000f 	stmia.w	ip!, {r0, r1, r2, r3}
 8008fe0:	e894 000f 	ldmia.w	r4, {r0, r1, r2, r3}
        state->ctx[i] = 0;
 8008fe4:	2500      	movs	r5, #0
        state->ctx[i] = iv_512[i];
 8008fe6:	e88c 000f 	stmia.w	ip, {r0, r1, r2, r3}
    sha512ctx state;

    sha512_inc_init(&state);
    sha512_inc_finalize(out, &state, in, inlen);
 8008fea:	463b      	mov	r3, r7
 8008fec:	4632      	mov	r2, r6
 8008fee:	4670      	mov	r0, lr
 8008ff0:	4669      	mov	r1, sp
        state->ctx[i] = 0;
 8008ff2:	e9cd 5510 	strd	r5, r5, [sp, #64]	@ 0x40
    sha512_inc_finalize(out, &state, in, inlen);
 8008ff6:	f7ff feed 	bl	8008dd4 <sha512_inc_finalize>
}
 8008ffa:	b013      	add	sp, #76	@ 0x4c
 8008ffc:	bdf0      	pop	{r4, r5, r6, r7, pc}
 8008ffe:	bf00      	nop
 8009000:	0800c3fc 	.word	0x0800c3fc

08009004 <surf>:

#define ROTATE(x, b) (((x) << (b)) | ((x) >> (32 - (b))))
#define MUSH(i, b) x = t[i] += (((x ^ seed[i]) + sum) ^ ROTATE(x, b));

static void surf(uint32_t out[8])
{
 8009004:	e92d 4ff0 	stmdb	sp!, {r4, r5, r6, r7, r8, r9, sl, fp, lr}
  int32_t r;
  int32_t i;
  int32_t loop;

  for (i = 0; i < 12; ++i) {
    t[i] = in[i] ^ seed[12 + i];
 8009008:	4b6d      	ldr	r3, [pc, #436]	@ (80091c0 <surf+0x1bc>)
{
 800900a:	b091      	sub	sp, #68	@ 0x44
    t[i] = in[i] ^ seed[12 + i];
 800900c:	689a      	ldr	r2, [r3, #8]
{
 800900e:	900d      	str	r0, [sp, #52]	@ 0x34
 8009010:	4606      	mov	r6, r0
    t[i] = in[i] ^ seed[12 + i];
 8009012:	e9d3 0100 	ldrd	r0, r1, [r3]
 8009016:	f082 0b09 	eor.w	fp, r2, #9
  }
  for (i = 0; i < 8; ++i) {
    out[i] = seed[24 + i];
 800901a:	4a6a      	ldr	r2, [pc, #424]	@ (80091c4 <surf+0x1c0>)
    t[i] = in[i] ^ seed[12 + i];
 800901c:	699f      	ldr	r7, [r3, #24]
 800901e:	f081 0507 	eor.w	r5, r1, #7
    out[i] = seed[24 + i];
 8009022:	4611      	mov	r1, r2
 8009024:	4632      	mov	r2, r6
 8009026:	3204      	adds	r2, #4
 8009028:	920e      	str	r2, [sp, #56]	@ 0x38
    t[i] = in[i] ^ seed[12 + i];
 800902a:	691a      	ldr	r2, [r3, #16]
 800902c:	69de      	ldr	r6, [r3, #28]
 800902e:	950b      	str	r5, [sp, #44]	@ 0x2c
 8009030:	f080 0409 	eor.w	r4, r0, #9
 8009034:	940a      	str	r4, [sp, #40]	@ 0x28
 8009036:	f082 0902 	eor.w	r9, r2, #2
 800903a:	6a5c      	ldr	r4, [r3, #36]	@ 0x24
 800903c:	695a      	ldr	r2, [r3, #20]
 800903e:	6a1d      	ldr	r5, [r3, #32]
 8009040:	f082 0803 	eor.w	r8, r2, #3
 8009044:	f084 0202 	eor.w	r2, r4, #2
 8009048:	920c      	str	r2, [sp, #48]	@ 0x30
 800904a:	6a9a      	ldr	r2, [r3, #40]	@ 0x28
 800904c:	f082 0e06 	eor.w	lr, r2, #6
 8009050:	6ada      	ldr	r2, [r3, #44]	@ 0x2c
 8009052:	68db      	ldr	r3, [r3, #12]
 8009054:	f082 0c04 	eor.w	ip, r2, #4
    out[i] = seed[24 + i];
 8009058:	4a5b      	ldr	r2, [pc, #364]	@ (80091c8 <surf+0x1c4>)
 800905a:	9201      	str	r2, [sp, #4]
 800905c:	2205      	movs	r2, #5
 800905e:	9204      	str	r2, [sp, #16]
 8009060:	2009      	movs	r0, #9
 8009062:	2207      	movs	r2, #7
 8009064:	e9cd 2005 	strd	r2, r0, [sp, #20]
 8009068:	2402      	movs	r4, #2
 800906a:	2208      	movs	r2, #8
 800906c:	e9cd 4207 	strd	r4, r2, [sp, #28]
    t[i] = in[i] ^ seed[12 + i];
 8009070:	f083 0a03 	eor.w	sl, r3, #3
    out[i] = seed[24 + i];
 8009074:	460c      	mov	r4, r1
 8009076:	2303      	movs	r3, #3
 8009078:	e9cd 3302 	strd	r3, r3, [sp, #8]
 800907c:	9309      	str	r3, [sp, #36]	@ 0x24
 800907e:	cc0f      	ldmia	r4!, {r0, r1, r2, r3}
 8009080:	940f      	str	r4, [sp, #60]	@ 0x3c
 8009082:	9c0e      	ldr	r4, [sp, #56]	@ 0x38
 8009084:	c40f      	stmia	r4!, {r0, r1, r2, r3}
 8009086:	4623      	mov	r3, r4
 8009088:	9c0f      	ldr	r4, [sp, #60]	@ 0x3c
 800908a:	e894 0007 	ldmia.w	r4, {r0, r1, r2}
 800908e:	e883 0007 	stmia.w	r3, {r0, r1, r2}
  }
  x = t[11];
  for (loop = 0; loop < 2; ++loop) {
 8009092:	e9dd 100a 	ldrd	r1, r0, [sp, #40]	@ 0x28
 8009096:	9c0c      	ldr	r4, [sp, #48]	@ 0x30
    t[i] = in[i] ^ seed[12 + i];
 8009098:	f087 0708 	eor.w	r7, r7, #8
 800909c:	f086 0604 	eor.w	r6, r6, #4
 80090a0:	f085 0506 	eor.w	r5, r5, #6
 80090a4:	9b01      	ldr	r3, [sp, #4]
 80090a6:	f103 53e4 	add.w	r3, r3, #478150656	@ 0x1c800000
 80090aa:	f503 2306 	add.w	r3, r3, #548864	@ 0x86000
 80090ae:	f503 638e 	add.w	r3, r3, #1136	@ 0x470
    for (r = 0; r < 16; ++r) {
      sum += 0x9e3779b9;
 80090b2:	f1a3 43c3 	sub.w	r3, r3, #1635778560	@ 0x61800000
 80090b6:	f5a3 0391 	sub.w	r3, r3, #4751360	@ 0x488000
 80090ba:	f2a3 6347 	subw	r3, r3, #1607	@ 0x647
      MUSH(0, 5)
 80090be:	f08c 0203 	eor.w	r2, ip, #3
 80090c2:	441a      	add	r2, r3
 80090c4:	ea82 62fc 	eor.w	r2, r2, ip, ror #27
 80090c8:	4411      	add	r1, r2
      MUSH(1, 7)
 80090ca:	f081 0201 	eor.w	r2, r1, #1
 80090ce:	441a      	add	r2, r3
 80090d0:	ea82 6271 	eor.w	r2, r2, r1, ror #25
 80090d4:	4410      	add	r0, r2
      MUSH(2, 9)
 80090d6:	f080 0204 	eor.w	r2, r0, #4
 80090da:	441a      	add	r2, r3
 80090dc:	ea82 52f0 	eor.w	r2, r2, r0, ror #23
 80090e0:	4493      	add	fp, r2
      MUSH(3, 13)
 80090e2:	f08b 0201 	eor.w	r2, fp, #1
 80090e6:	441a      	add	r2, r3
 80090e8:	ea82 42fb 	eor.w	r2, r2, fp, ror #19
 80090ec:	4492      	add	sl, r2
      MUSH(4, 5)
 80090ee:	f08a 0205 	eor.w	r2, sl, #5
 80090f2:	441a      	add	r2, r3
 80090f4:	ea82 62fa 	eor.w	r2, r2, sl, ror #27
 80090f8:	4491      	add	r9, r2
      MUSH(5, 7)
 80090fa:	f089 0209 	eor.w	r2, r9, #9
 80090fe:	441a      	add	r2, r3
 8009100:	ea82 6279 	eor.w	r2, r2, r9, ror #25
 8009104:	4490      	add	r8, r2
      MUSH(6, 9)
 8009106:	f088 0202 	eor.w	r2, r8, #2
 800910a:	441a      	add	r2, r3
 800910c:	ea82 52f8 	eor.w	r2, r2, r8, ror #23
 8009110:	4417      	add	r7, r2
      MUSH(7, 13)
 8009112:	f087 0206 	eor.w	r2, r7, #6
 8009116:	441a      	add	r2, r3
 8009118:	ea82 42f7 	eor.w	r2, r2, r7, ror #19
 800911c:	4416      	add	r6, r2
      MUSH(8, 5)
 800911e:	f086 0205 	eor.w	r2, r6, #5
 8009122:	441a      	add	r2, r3
 8009124:	ea82 62f6 	eor.w	r2, r2, r6, ror #27
 8009128:	4415      	add	r5, r2
      MUSH(9, 7)
 800912a:	f085 0203 	eor.w	r2, r5, #3
 800912e:	441a      	add	r2, r3
 8009130:	ea82 6275 	eor.w	r2, r2, r5, ror #25
 8009134:	4414      	add	r4, r2
      MUSH(10, 9)
 8009136:	f084 0205 	eor.w	r2, r4, #5
 800913a:	441a      	add	r2, r3
 800913c:	ea82 52f4 	eor.w	r2, r2, r4, ror #23
 8009140:	4496      	add	lr, r2
      MUSH(11, 13)
 8009142:	f08e 0208 	eor.w	r2, lr, #8
 8009146:	441a      	add	r2, r3
 8009148:	ea82 42fe 	eor.w	r2, r2, lr, ror #19
 800914c:	4494      	add	ip, r2
    for (r = 0; r < 16; ++r) {
 800914e:	9a01      	ldr	r2, [sp, #4]
 8009150:	4293      	cmp	r3, r2
 8009152:	d1ae      	bne.n	80090b2 <surf+0xae>
    }
    for (i = 0; i < 8; ++i) {
      out[i] ^= t[i + 4];
 8009154:	9b02      	ldr	r3, [sp, #8]
 8009156:	ea83 0309 	eor.w	r3, r3, r9
 800915a:	9302      	str	r3, [sp, #8]
 800915c:	9b03      	ldr	r3, [sp, #12]
 800915e:	ea83 0308 	eor.w	r3, r3, r8
 8009162:	9303      	str	r3, [sp, #12]
 8009164:	9b08      	ldr	r3, [sp, #32]
 8009166:	407b      	eors	r3, r7
 8009168:	9308      	str	r3, [sp, #32]
 800916a:	9b09      	ldr	r3, [sp, #36]	@ 0x24
 800916c:	4073      	eors	r3, r6
 800916e:	9309      	str	r3, [sp, #36]	@ 0x24
 8009170:	9b07      	ldr	r3, [sp, #28]
 8009172:	406b      	eors	r3, r5
 8009174:	9307      	str	r3, [sp, #28]
 8009176:	9b05      	ldr	r3, [sp, #20]
 8009178:	4063      	eors	r3, r4
 800917a:	9305      	str	r3, [sp, #20]
 800917c:	9b06      	ldr	r3, [sp, #24]
 800917e:	ea83 030e 	eor.w	r3, r3, lr
 8009182:	9306      	str	r3, [sp, #24]
 8009184:	9b04      	ldr	r3, [sp, #16]
 8009186:	ea83 030c 	eor.w	r3, r3, ip
 800918a:	9304      	str	r3, [sp, #16]
  for (loop = 0; loop < 2; ++loop) {
 800918c:	4613      	mov	r3, r2
 800918e:	4a0f      	ldr	r2, [pc, #60]	@ (80091cc <surf+0x1c8>)
 8009190:	4293      	cmp	r3, r2
 8009192:	d001      	beq.n	8009198 <surf+0x194>
 8009194:	9201      	str	r2, [sp, #4]
 8009196:	e785      	b.n	80090a4 <surf+0xa0>
 8009198:	9b0d      	ldr	r3, [sp, #52]	@ 0x34
 800919a:	9a02      	ldr	r2, [sp, #8]
 800919c:	601a      	str	r2, [r3, #0]
 800919e:	9a03      	ldr	r2, [sp, #12]
 80091a0:	605a      	str	r2, [r3, #4]
 80091a2:	9a08      	ldr	r2, [sp, #32]
 80091a4:	609a      	str	r2, [r3, #8]
 80091a6:	9a09      	ldr	r2, [sp, #36]	@ 0x24
 80091a8:	60da      	str	r2, [r3, #12]
 80091aa:	9a07      	ldr	r2, [sp, #28]
 80091ac:	611a      	str	r2, [r3, #16]
 80091ae:	9a05      	ldr	r2, [sp, #20]
 80091b0:	615a      	str	r2, [r3, #20]
 80091b2:	9a06      	ldr	r2, [sp, #24]
 80091b4:	619a      	str	r2, [r3, #24]
 80091b6:	9a04      	ldr	r2, [sp, #16]
 80091b8:	61da      	str	r2, [r3, #28]
    }
  }
}
 80091ba:	b011      	add	sp, #68	@ 0x44
 80091bc:	e8bd 8ff0 	ldmia.w	sp!, {r4, r5, r6, r7, r8, r9, sl, fp, pc}
 80091c0:	200010e0 	.word	0x200010e0
 80091c4:	0800c2fc 	.word	0x0800c2fc
 80091c8:	e3779b90 	.word	0xe3779b90
 80091cc:	c6ef3720 	.word	0xc6ef3720

080091d0 <randombytes_regen>:

void randombytes_regen(void);
void randombytes_regen(void)
{
 80091d0:	b5f0      	push	{r4, r5, r6, r7, lr}
  uint32_t out[8];
  if (!++in[0]) {
 80091d2:	4e29      	ldr	r6, [pc, #164]	@ (8009278 <randombytes_regen+0xa8>)
 80091d4:	6837      	ldr	r7, [r6, #0]
 80091d6:	1c7a      	adds	r2, r7, #1
{
 80091d8:	b089      	sub	sp, #36	@ 0x24
  if (!++in[0]) {
 80091da:	6032      	str	r2, [r6, #0]
 80091dc:	bb1a      	cbnz	r2, 8009226 <randombytes_regen+0x56>
    if (!++in[1]) {
 80091de:	6873      	ldr	r3, [r6, #4]
 80091e0:	3301      	adds	r3, #1
 80091e2:	6073      	str	r3, [r6, #4]
 80091e4:	2b00      	cmp	r3, #0
 80091e6:	d03e      	beq.n	8009266 <randombytes_regen+0x96>
      if (!++in[2]) {
        ++in[3];
      }
    }
  }
  surf(out);
 80091e8:	466d      	mov	r5, sp
 80091ea:	4628      	mov	r0, r5
 80091ec:	f7ff ff0a 	bl	8009004 <surf>
  memcpy(out_buf, out, sizeof(out));
  if (!++in[0]) {
 80091f0:	2301      	movs	r3, #1
  memcpy(out_buf, out, sizeof(out));
 80091f2:	46ac      	mov	ip, r5
  if (!++in[0]) {
 80091f4:	6033      	str	r3, [r6, #0]
  memcpy(out_buf, out, sizeof(out));
 80091f6:	e8bc 000f 	ldmia.w	ip!, {r0, r1, r2, r3}
 80091fa:	4c20      	ldr	r4, [pc, #128]	@ (800927c <randombytes_regen+0xac>)
 80091fc:	c40f      	stmia	r4!, {r0, r1, r2, r3}
 80091fe:	e89c 000f 	ldmia.w	ip, {r0, r1, r2, r3}
 8009202:	e884 000f 	stmia.w	r4, {r0, r1, r2, r3}
      if (!++in[2]) {
        ++in[3];
      }
    }
  }
  surf(out);
 8009206:	4628      	mov	r0, r5
 8009208:	f7ff fefc 	bl	8009004 <surf>
  memcpy(out_buf + sizeof(out), out, sizeof(out));
 800920c:	46ac      	mov	ip, r5
  outleft = sizeof(out_buf);
 800920e:	2340      	movs	r3, #64	@ 0x40
 8009210:	6733      	str	r3, [r6, #112]	@ 0x70
  memcpy(out_buf + sizeof(out), out, sizeof(out));
 8009212:	e8bc 000f 	ldmia.w	ip!, {r0, r1, r2, r3}
 8009216:	4c1a      	ldr	r4, [pc, #104]	@ (8009280 <randombytes_regen+0xb0>)
 8009218:	c40f      	stmia	r4!, {r0, r1, r2, r3}
 800921a:	e89c 000f 	ldmia.w	ip, {r0, r1, r2, r3}
 800921e:	e884 000f 	stmia.w	r4, {r0, r1, r2, r3}
}
 8009222:	b009      	add	sp, #36	@ 0x24
 8009224:	bdf0      	pop	{r4, r5, r6, r7, pc}
  surf(out);
 8009226:	466d      	mov	r5, sp
 8009228:	4628      	mov	r0, r5
 800922a:	f7ff feeb 	bl	8009004 <surf>
  memcpy(out_buf, out, sizeof(out));
 800922e:	46ac      	mov	ip, r5
 8009230:	e8bc 000f 	ldmia.w	ip!, {r0, r1, r2, r3}
 8009234:	f106 0430 	add.w	r4, r6, #48	@ 0x30
 8009238:	c40f      	stmia	r4!, {r0, r1, r2, r3}
 800923a:	e89c 000f 	ldmia.w	ip, {r0, r1, r2, r3}
  if (!++in[0]) {
 800923e:	3702      	adds	r7, #2
  memcpy(out_buf, out, sizeof(out));
 8009240:	e884 000f 	stmia.w	r4, {r0, r1, r2, r3}
  if (!++in[0]) {
 8009244:	6037      	str	r7, [r6, #0]
 8009246:	2f00      	cmp	r7, #0
 8009248:	d1dd      	bne.n	8009206 <randombytes_regen+0x36>
    if (!++in[1]) {
 800924a:	6873      	ldr	r3, [r6, #4]
 800924c:	3301      	adds	r3, #1
 800924e:	6073      	str	r3, [r6, #4]
 8009250:	2b00      	cmp	r3, #0
 8009252:	d1d8      	bne.n	8009206 <randombytes_regen+0x36>
      if (!++in[2]) {
 8009254:	68b3      	ldr	r3, [r6, #8]
 8009256:	3301      	adds	r3, #1
 8009258:	60b3      	str	r3, [r6, #8]
 800925a:	2b00      	cmp	r3, #0
 800925c:	d1d3      	bne.n	8009206 <randombytes_regen+0x36>
        ++in[3];
 800925e:	68f3      	ldr	r3, [r6, #12]
 8009260:	3301      	adds	r3, #1
 8009262:	60f3      	str	r3, [r6, #12]
 8009264:	e7cf      	b.n	8009206 <randombytes_regen+0x36>
      if (!++in[2]) {
 8009266:	68b3      	ldr	r3, [r6, #8]
 8009268:	3301      	adds	r3, #1
 800926a:	60b3      	str	r3, [r6, #8]
 800926c:	2b00      	cmp	r3, #0
 800926e:	d1bb      	bne.n	80091e8 <randombytes_regen+0x18>
        ++in[3];
 8009270:	68f3      	ldr	r3, [r6, #12]
 8009272:	3301      	adds	r3, #1
 8009274:	60f3      	str	r3, [r6, #12]
 8009276:	e7b7      	b.n	80091e8 <randombytes_regen+0x18>
 8009278:	200010e0 	.word	0x200010e0
 800927c:	20001110 	.word	0x20001110
 8009280:	20001130 	.word	0x20001130

08009284 <randombytes>:

int randombytes(uint8_t* buf, size_t xlen)
{
  while (xlen > 0) {
 8009284:	b1a1      	cbz	r1, 80092b0 <randombytes+0x2c>
{
 8009286:	b570      	push	{r4, r5, r6, lr}
    if (!outleft) {
 8009288:	4d0a      	ldr	r5, [pc, #40]	@ (80092b4 <randombytes+0x30>)
 800928a:	6f2b      	ldr	r3, [r5, #112]	@ 0x70
 800928c:	4604      	mov	r4, r0
 800928e:	1846      	adds	r6, r0, r1
 8009290:	b153      	cbz	r3, 80092a8 <randombytes+0x24>
      randombytes_regen();
    }
    *buf = out_buf[--outleft];
 8009292:	3b01      	subs	r3, #1
 8009294:	18ea      	adds	r2, r5, r3
 8009296:	672b      	str	r3, [r5, #112]	@ 0x70
 8009298:	f892 2030 	ldrb.w	r2, [r2, #48]	@ 0x30
 800929c:	f804 2b01 	strb.w	r2, [r4], #1
  while (xlen > 0) {
 80092a0:	42b4      	cmp	r4, r6
 80092a2:	d1f5      	bne.n	8009290 <randombytes+0xc>
    ++buf;
    --xlen;
  }
  return 0;
}
 80092a4:	2000      	movs	r0, #0
 80092a6:	bd70      	pop	{r4, r5, r6, pc}
      randombytes_regen();
 80092a8:	f7ff ff92 	bl	80091d0 <randombytes_regen>
    *buf = out_buf[--outleft];
 80092ac:	6f2b      	ldr	r3, [r5, #112]	@ 0x70
 80092ae:	e7f0      	b.n	8009292 <randombytes+0xe>
}
 80092b0:	2000      	movs	r0, #0
 80092b2:	4770      	bx	lr
 80092b4:	200010e0 	.word	0x200010e0

080092b8 <simpleserial_put.constprop.0>:
	return;
}

void simpleserial_put(char c, uint8_t size, uint8_t* output)
{
    if (!output) return;
 80092b8:	2900      	cmp	r1, #0
 80092ba:	f000 8184 	beq.w	80095c6 <simpleserial_put.constprop.0+0x30e>
void simpleserial_put(char c, uint8_t size, uint8_t* output)
 80092be:	b530      	push	{r4, r5, lr}
 80092c0:	b0c1      	sub	sp, #260	@ 0x104
	uint8_t data_buf[MAX_SS_LEN+5];
	data_buf[0] = 0x00;
	data_buf[1] = c;
	data_buf[2] = size;
 80092c2:	2301      	movs	r3, #1
	int i = 0;
	for (; i < size; i++) {
		data_buf[i + 3] = output[i];
 80092c4:	780a      	ldrb	r2, [r1, #0]
	data_buf[2] = size;
 80092c6:	f88d 3002 	strb.w	r3, [sp, #2]
	data_buf[0] = 0x00;
 80092ca:	2100      	movs	r1, #0
			crc = crc & 0x80 ? (crc << 1) ^ CW_CRC: crc << 1;
 80092cc:	b243      	sxtb	r3, r0
 80092ce:	428b      	cmp	r3, r1
	data_buf[0] = 0x00;
 80092d0:	f88d 1000 	strb.w	r1, [sp]
		data_buf[i + 3] = output[i];
 80092d4:	f88d 2003 	strb.w	r2, [sp, #3]
	data_buf[1] = c;
 80092d8:	f88d 0001 	strb.w	r0, [sp, #1]
			crc = crc & 0x80 ? (crc << 1) ^ CW_CRC: crc << 1;
 80092dc:	f2c0 80be 	blt.w	800945c <simpleserial_put.constprop.0+0x1a4>
 80092e0:	0041      	lsls	r1, r0, #1
 80092e2:	b2cb      	uxtb	r3, r1
 80092e4:	b249      	sxtb	r1, r1
 80092e6:	2900      	cmp	r1, #0
 80092e8:	f2c0 80c0 	blt.w	800946c <simpleserial_put.constprop.0+0x1b4>
 80092ec:	005b      	lsls	r3, r3, #1
 80092ee:	b2d9      	uxtb	r1, r3
 80092f0:	b25b      	sxtb	r3, r3
 80092f2:	2b00      	cmp	r3, #0
 80092f4:	f2c0 80c2 	blt.w	800947c <simpleserial_put.constprop.0+0x1c4>
 80092f8:	0049      	lsls	r1, r1, #1
 80092fa:	b2cb      	uxtb	r3, r1
 80092fc:	b249      	sxtb	r1, r1
 80092fe:	2900      	cmp	r1, #0
 8009300:	f2c0 80c4 	blt.w	800948c <simpleserial_put.constprop.0+0x1d4>
 8009304:	005b      	lsls	r3, r3, #1
 8009306:	b2d9      	uxtb	r1, r3
 8009308:	b25b      	sxtb	r3, r3
 800930a:	2b00      	cmp	r3, #0
 800930c:	f2c0 80c6 	blt.w	800949c <simpleserial_put.constprop.0+0x1e4>
 8009310:	0049      	lsls	r1, r1, #1
 8009312:	b2cb      	uxtb	r3, r1
 8009314:	b249      	sxtb	r1, r1
 8009316:	2900      	cmp	r1, #0
 8009318:	f2c0 80c8 	blt.w	80094ac <simpleserial_put.constprop.0+0x1f4>
 800931c:	005b      	lsls	r3, r3, #1
 800931e:	b2d9      	uxtb	r1, r3
 8009320:	b25b      	sxtb	r3, r3
 8009322:	2b00      	cmp	r3, #0
 8009324:	f2c0 80ca 	blt.w	80094bc <simpleserial_put.constprop.0+0x204>
 8009328:	0049      	lsls	r1, r1, #1
 800932a:	b2cb      	uxtb	r3, r1
 800932c:	b249      	sxtb	r1, r1
 800932e:	2900      	cmp	r1, #0
 8009330:	f2c0 80cc 	blt.w	80094cc <simpleserial_put.constprop.0+0x214>
 8009334:	0059      	lsls	r1, r3, #1
 8009336:	b2c9      	uxtb	r1, r1
		crc ^= *buf++;
 8009338:	f081 0101 	eor.w	r1, r1, #1
			crc = crc & 0x80 ? (crc << 1) ^ CW_CRC: crc << 1;
 800933c:	b24b      	sxtb	r3, r1
 800933e:	2b00      	cmp	r3, #0
 8009340:	f2c0 80ce 	blt.w	80094e0 <simpleserial_put.constprop.0+0x228>
 8009344:	0049      	lsls	r1, r1, #1
 8009346:	b2cb      	uxtb	r3, r1
 8009348:	b249      	sxtb	r1, r1
 800934a:	2900      	cmp	r1, #0
 800934c:	f2c0 80d0 	blt.w	80094f0 <simpleserial_put.constprop.0+0x238>
 8009350:	005b      	lsls	r3, r3, #1
 8009352:	b2d9      	uxtb	r1, r3
 8009354:	b25b      	sxtb	r3, r3
 8009356:	2b00      	cmp	r3, #0
 8009358:	f2c0 80d2 	blt.w	8009500 <simpleserial_put.constprop.0+0x248>
 800935c:	0049      	lsls	r1, r1, #1
 800935e:	b2cb      	uxtb	r3, r1
 8009360:	b249      	sxtb	r1, r1
 8009362:	2900      	cmp	r1, #0
 8009364:	f2c0 80d4 	blt.w	8009510 <simpleserial_put.constprop.0+0x258>
 8009368:	005b      	lsls	r3, r3, #1
 800936a:	b2d9      	uxtb	r1, r3
 800936c:	b25b      	sxtb	r3, r3
 800936e:	2b00      	cmp	r3, #0
 8009370:	f2c0 80d6 	blt.w	8009520 <simpleserial_put.constprop.0+0x268>
 8009374:	0049      	lsls	r1, r1, #1
 8009376:	b2cb      	uxtb	r3, r1
 8009378:	b249      	sxtb	r1, r1
 800937a:	2900      	cmp	r1, #0
 800937c:	f2c0 80d8 	blt.w	8009530 <simpleserial_put.constprop.0+0x278>
 8009380:	005b      	lsls	r3, r3, #1
 8009382:	b2d9      	uxtb	r1, r3
 8009384:	b25b      	sxtb	r3, r3
 8009386:	2b00      	cmp	r3, #0
 8009388:	f2c0 80da 	blt.w	8009540 <simpleserial_put.constprop.0+0x288>
 800938c:	0049      	lsls	r1, r1, #1
 800938e:	b2cb      	uxtb	r3, r1
 8009390:	b249      	sxtb	r1, r1
 8009392:	2900      	cmp	r1, #0
 8009394:	bfba      	itte	lt
 8009396:	004b      	lsllt	r3, r1, #1
 8009398:	f083 034d 	eorlt.w	r3, r3, #77	@ 0x4d
 800939c:	005b      	lslge	r3, r3, #1
 800939e:	b2db      	uxtb	r3, r3
		crc ^= *buf++;
 80093a0:	4053      	eors	r3, r2
			crc = crc & 0x80 ? (crc << 1) ^ CW_CRC: crc << 1;
 80093a2:	b259      	sxtb	r1, r3
 80093a4:	2900      	cmp	r1, #0
 80093a6:	f2c0 8106 	blt.w	80095b6 <simpleserial_put.constprop.0+0x2fe>
 80093aa:	005b      	lsls	r3, r3, #1
 80093ac:	b2d9      	uxtb	r1, r3
 80093ae:	b25b      	sxtb	r3, r3
 80093b0:	2b00      	cmp	r3, #0
 80093b2:	f2c0 80fa 	blt.w	80095aa <simpleserial_put.constprop.0+0x2f2>
 80093b6:	0049      	lsls	r1, r1, #1
 80093b8:	b2cb      	uxtb	r3, r1
 80093ba:	b249      	sxtb	r1, r1
 80093bc:	2900      	cmp	r1, #0
 80093be:	f2c0 80ee 	blt.w	800959e <simpleserial_put.constprop.0+0x2e6>
 80093c2:	005b      	lsls	r3, r3, #1
 80093c4:	b2d9      	uxtb	r1, r3
 80093c6:	b25b      	sxtb	r3, r3
 80093c8:	2b00      	cmp	r3, #0
 80093ca:	f2c0 80e2 	blt.w	8009592 <simpleserial_put.constprop.0+0x2da>
 80093ce:	0049      	lsls	r1, r1, #1
 80093d0:	b2cb      	uxtb	r3, r1
 80093d2:	b249      	sxtb	r1, r1
 80093d4:	2900      	cmp	r1, #0
 80093d6:	f2c0 80d6 	blt.w	8009586 <simpleserial_put.constprop.0+0x2ce>
 80093da:	005b      	lsls	r3, r3, #1
 80093dc:	b2d9      	uxtb	r1, r3
 80093de:	b25b      	sxtb	r3, r3
 80093e0:	2b00      	cmp	r3, #0
 80093e2:	f2c0 80ca 	blt.w	800957a <simpleserial_put.constprop.0+0x2c2>
 80093e6:	0049      	lsls	r1, r1, #1
 80093e8:	b2cb      	uxtb	r3, r1
 80093ea:	b249      	sxtb	r1, r1
 80093ec:	2900      	cmp	r1, #0
 80093ee:	f2c0 80be 	blt.w	800956e <simpleserial_put.constprop.0+0x2b6>
 80093f2:	005b      	lsls	r3, r3, #1
 80093f4:	b2d9      	uxtb	r1, r3
 80093f6:	b25b      	sxtb	r3, r3
 80093f8:	2b00      	cmp	r3, #0
 80093fa:	f2c0 80b3 	blt.w	8009564 <simpleserial_put.constprop.0+0x2ac>
 80093fe:	0049      	lsls	r1, r1, #1
 8009400:	b2cb      	uxtb	r3, r1
	}
	data_buf[i + 3] = ss_crc(data_buf+1, size+2);
	data_buf[i + 4] = 0x00;
 8009402:	2100      	movs	r1, #0
	data_buf[i + 3] = ss_crc(data_buf+1, size+2);
 8009404:	f88d 3004 	strb.w	r3, [sp, #4]
	data_buf[i + 4] = 0x00;
 8009408:	f88d 1005 	strb.w	r1, [sp, #5]
		if (buf[i] == FRAME_BYTE) {
 800940c:	2800      	cmp	r0, #0
 800940e:	f040 80a7 	bne.w	8009560 <simpleserial_put.constprop.0+0x2a8>
			buf[last] = i - last;
 8009412:	2301      	movs	r3, #1
 8009414:	f88d 3000 	strb.w	r3, [sp]
		if (buf[i] == FRAME_BYTE) {
 8009418:	2a00      	cmp	r2, #0
 800941a:	f040 8097 	bne.w	800954c <simpleserial_put.constprop.0+0x294>
			buf[last] = i - last;
 800941e:	f1c3 0203 	rsb	r2, r3, #3
 8009422:	f80d 2003 	strb.w	r2, [sp, r3]
		if (buf[i] == FRAME_BYTE) {
 8009426:	f89d 3004 	ldrb.w	r3, [sp, #4]
 800942a:	2b00      	cmp	r3, #0
 800942c:	f040 80c9 	bne.w	80095c2 <simpleserial_put.constprop.0+0x30a>
 8009430:	2303      	movs	r3, #3
			buf[last] = i - last;
 8009432:	f1c3 0204 	rsb	r2, r3, #4
 8009436:	f80d 2003 	strb.w	r2, [sp, r3]
			last = i;
 800943a:	2304      	movs	r3, #4
		if (buf[i] == FRAME_BYTE) {
 800943c:	f89d 2005 	ldrb.w	r2, [sp, #5]
 8009440:	2a00      	cmp	r2, #0
 8009442:	f000 8088 	beq.w	8009556 <simpleserial_put.constprop.0+0x29e>
	for (; i < len; i++) {
 8009446:	466c      	mov	r4, sp
 8009448:	f10d 0506 	add.w	r5, sp, #6
	stuff_data(data_buf, i + 5);
	for (int i = 0; i < size + 5; i++) {
		putch(data_buf[i]);
 800944c:	f814 0b01 	ldrb.w	r0, [r4], #1
 8009450:	f000 fbcc 	bl	8009bec <putch>
	for (int i = 0; i < size + 5; i++) {
 8009454:	42ac      	cmp	r4, r5
 8009456:	d1f9      	bne.n	800944c <simpleserial_put.constprop.0+0x194>
	}
}
 8009458:	b041      	add	sp, #260	@ 0x104
 800945a:	bd30      	pop	{r4, r5, pc}
			crc = crc & 0x80 ? (crc << 1) ^ CW_CRC: crc << 1;
 800945c:	005b      	lsls	r3, r3, #1
 800945e:	f083 034d 	eor.w	r3, r3, #77	@ 0x4d
 8009462:	b259      	sxtb	r1, r3
 8009464:	2900      	cmp	r1, #0
 8009466:	b2db      	uxtb	r3, r3
 8009468:	f6bf af40 	bge.w	80092ec <simpleserial_put.constprop.0+0x34>
 800946c:	0049      	lsls	r1, r1, #1
 800946e:	f081 014d 	eor.w	r1, r1, #77	@ 0x4d
 8009472:	b24b      	sxtb	r3, r1
 8009474:	2b00      	cmp	r3, #0
 8009476:	b2c9      	uxtb	r1, r1
 8009478:	f6bf af3e 	bge.w	80092f8 <simpleserial_put.constprop.0+0x40>
 800947c:	005b      	lsls	r3, r3, #1
 800947e:	f083 034d 	eor.w	r3, r3, #77	@ 0x4d
 8009482:	b259      	sxtb	r1, r3
 8009484:	2900      	cmp	r1, #0
 8009486:	b2db      	uxtb	r3, r3
 8009488:	f6bf af3c 	bge.w	8009304 <simpleserial_put.constprop.0+0x4c>
 800948c:	0049      	lsls	r1, r1, #1
 800948e:	f081 014d 	eor.w	r1, r1, #77	@ 0x4d
 8009492:	b24b      	sxtb	r3, r1
 8009494:	2b00      	cmp	r3, #0
 8009496:	b2c9      	uxtb	r1, r1
 8009498:	f6bf af3a 	bge.w	8009310 <simpleserial_put.constprop.0+0x58>
 800949c:	005b      	lsls	r3, r3, #1
 800949e:	f083 034d 	eor.w	r3, r3, #77	@ 0x4d
 80094a2:	b259      	sxtb	r1, r3
 80094a4:	2900      	cmp	r1, #0
 80094a6:	b2db      	uxtb	r3, r3
 80094a8:	f6bf af38 	bge.w	800931c <simpleserial_put.constprop.0+0x64>
 80094ac:	0049      	lsls	r1, r1, #1
 80094ae:	f081 014d 	eor.w	r1, r1, #77	@ 0x4d
 80094b2:	b24b      	sxtb	r3, r1
 80094b4:	2b00      	cmp	r3, #0
 80094b6:	b2c9      	uxtb	r1, r1
 80094b8:	f6bf af36 	bge.w	8009328 <simpleserial_put.constprop.0+0x70>
 80094bc:	005b      	lsls	r3, r3, #1
 80094be:	f083 034d 	eor.w	r3, r3, #77	@ 0x4d
 80094c2:	b259      	sxtb	r1, r3
 80094c4:	2900      	cmp	r1, #0
 80094c6:	b2db      	uxtb	r3, r3
 80094c8:	f6bf af34 	bge.w	8009334 <simpleserial_put.constprop.0+0x7c>
 80094cc:	004b      	lsls	r3, r1, #1
 80094ce:	f083 034d 	eor.w	r3, r3, #77	@ 0x4d
 80094d2:	b2d9      	uxtb	r1, r3
		crc ^= *buf++;
 80094d4:	f081 0101 	eor.w	r1, r1, #1
			crc = crc & 0x80 ? (crc << 1) ^ CW_CRC: crc << 1;
 80094d8:	b24b      	sxtb	r3, r1
 80094da:	2b00      	cmp	r3, #0
 80094dc:	f6bf af32 	bge.w	8009344 <simpleserial_put.constprop.0+0x8c>
 80094e0:	005b      	lsls	r3, r3, #1
 80094e2:	f083 034d 	eor.w	r3, r3, #77	@ 0x4d
 80094e6:	b259      	sxtb	r1, r3
 80094e8:	2900      	cmp	r1, #0
 80094ea:	b2db      	uxtb	r3, r3
 80094ec:	f6bf af30 	bge.w	8009350 <simpleserial_put.constprop.0+0x98>
 80094f0:	0049      	lsls	r1, r1, #1
 80094f2:	f081 014d 	eor.w	r1, r1, #77	@ 0x4d
 80094f6:	b24b      	sxtb	r3, r1
 80094f8:	2b00      	cmp	r3, #0
 80094fa:	b2c9      	uxtb	r1, r1
 80094fc:	f6bf af2e 	bge.w	800935c <simpleserial_put.constprop.0+0xa4>
 8009500:	005b      	lsls	r3, r3, #1
 8009502:	f083 034d 	eor.w	r3, r3, #77	@ 0x4d
 8009506:	b259      	sxtb	r1, r3
 8009508:	2900      	cmp	r1, #0
 800950a:	b2db      	uxtb	r3, r3
 800950c:	f6bf af2c 	bge.w	8009368 <simpleserial_put.constprop.0+0xb0>
 8009510:	0049      	lsls	r1, r1, #1
 8009512:	f081 014d 	eor.w	r1, r1, #77	@ 0x4d
 8009516:	b24b      	sxtb	r3, r1
 8009518:	2b00      	cmp	r3, #0
 800951a:	b2c9      	uxtb	r1, r1
 800951c:	f6bf af2a 	bge.w	8009374 <simpleserial_put.constprop.0+0xbc>
 8009520:	005b      	lsls	r3, r3, #1
 8009522:	f083 034d 	eor.w	r3, r3, #77	@ 0x4d
 8009526:	b259      	sxtb	r1, r3
 8009528:	2900      	cmp	r1, #0
 800952a:	b2db      	uxtb	r3, r3
 800952c:	f6bf af28 	bge.w	8009380 <simpleserial_put.constprop.0+0xc8>
 8009530:	0049      	lsls	r1, r1, #1
 8009532:	f081 014d 	eor.w	r1, r1, #77	@ 0x4d
 8009536:	b24b      	sxtb	r3, r1
 8009538:	2b00      	cmp	r3, #0
 800953a:	b2c9      	uxtb	r1, r1
 800953c:	f6bf af26 	bge.w	800938c <simpleserial_put.constprop.0+0xd4>
 8009540:	005b      	lsls	r3, r3, #1
 8009542:	f083 034d 	eor.w	r3, r3, #77	@ 0x4d
 8009546:	b259      	sxtb	r1, r3
 8009548:	b2db      	uxtb	r3, r3
 800954a:	e722      	b.n	8009392 <simpleserial_put.constprop.0+0xda>
		if (buf[i] == FRAME_BYTE) {
 800954c:	f89d 2004 	ldrb.w	r2, [sp, #4]
 8009550:	2a00      	cmp	r2, #0
 8009552:	f43f af6e 	beq.w	8009432 <simpleserial_put.constprop.0+0x17a>
			buf[last] = i - last;
 8009556:	f1c3 0205 	rsb	r2, r3, #5
 800955a:	f80d 2003 	strb.w	r2, [sp, r3]
			last = i;
 800955e:	e772      	b.n	8009446 <simpleserial_put.constprop.0+0x18e>
	uint8_t last = 0;
 8009560:	460b      	mov	r3, r1
 8009562:	e759      	b.n	8009418 <simpleserial_put.constprop.0+0x160>
			crc = crc & 0x80 ? (crc << 1) ^ CW_CRC: crc << 1;
 8009564:	005b      	lsls	r3, r3, #1
 8009566:	f083 034d 	eor.w	r3, r3, #77	@ 0x4d
 800956a:	b2db      	uxtb	r3, r3
 800956c:	e749      	b.n	8009402 <simpleserial_put.constprop.0+0x14a>
 800956e:	0049      	lsls	r1, r1, #1
 8009570:	f081 014d 	eor.w	r1, r1, #77	@ 0x4d
 8009574:	b24b      	sxtb	r3, r1
 8009576:	b2c9      	uxtb	r1, r1
 8009578:	e73e      	b.n	80093f8 <simpleserial_put.constprop.0+0x140>
 800957a:	005b      	lsls	r3, r3, #1
 800957c:	f083 034d 	eor.w	r3, r3, #77	@ 0x4d
 8009580:	b259      	sxtb	r1, r3
 8009582:	b2db      	uxtb	r3, r3
 8009584:	e732      	b.n	80093ec <simpleserial_put.constprop.0+0x134>
 8009586:	0049      	lsls	r1, r1, #1
 8009588:	f081 014d 	eor.w	r1, r1, #77	@ 0x4d
 800958c:	b24b      	sxtb	r3, r1
 800958e:	b2c9      	uxtb	r1, r1
 8009590:	e726      	b.n	80093e0 <simpleserial_put.constprop.0+0x128>
 8009592:	005b      	lsls	r3, r3, #1
 8009594:	f083 034d 	eor.w	r3, r3, #77	@ 0x4d
 8009598:	b259      	sxtb	r1, r3
 800959a:	b2db      	uxtb	r3, r3
 800959c:	e71a      	b.n	80093d4 <simpleserial_put.constprop.0+0x11c>
 800959e:	0049      	lsls	r1, r1, #1
 80095a0:	f081 014d 	eor.w	r1, r1, #77	@ 0x4d
 80095a4:	b24b      	sxtb	r3, r1
 80095a6:	b2c9      	uxtb	r1, r1
 80095a8:	e70e      	b.n	80093c8 <simpleserial_put.constprop.0+0x110>
 80095aa:	005b      	lsls	r3, r3, #1
 80095ac:	f083 034d 	eor.w	r3, r3, #77	@ 0x4d
 80095b0:	b259      	sxtb	r1, r3
 80095b2:	b2db      	uxtb	r3, r3
 80095b4:	e702      	b.n	80093bc <simpleserial_put.constprop.0+0x104>
 80095b6:	0049      	lsls	r1, r1, #1
 80095b8:	f081 014d 	eor.w	r1, r1, #77	@ 0x4d
 80095bc:	b24b      	sxtb	r3, r1
 80095be:	b2c9      	uxtb	r1, r1
 80095c0:	e6f6      	b.n	80093b0 <simpleserial_put.constprop.0+0xf8>
		if (buf[i] == FRAME_BYTE) {
 80095c2:	2303      	movs	r3, #3
 80095c4:	e73a      	b.n	800943c <simpleserial_put.constprop.0+0x184>
 80095c6:	4770      	bx	lr

080095c8 <check_version>:
{
 80095c8:	b500      	push	{lr}
 80095ca:	b083      	sub	sp, #12
	uint8_t ver = SS_VER;
 80095cc:	2303      	movs	r3, #3
	simpleserial_put('r', 1, &ver);
 80095ce:	f10d 0107 	add.w	r1, sp, #7
 80095d2:	2072      	movs	r0, #114	@ 0x72
	uint8_t ver = SS_VER;
 80095d4:	f88d 3007 	strb.w	r3, [sp, #7]
	simpleserial_put('r', 1, &ver);
 80095d8:	f7ff fe6e 	bl	80092b8 <simpleserial_put.constprop.0>
}
 80095dc:	2000      	movs	r0, #0
 80095de:	b003      	add	sp, #12
 80095e0:	f85d fb04 	ldr.w	pc, [sp], #4

080095e4 <simpleserial_init>:
{
 80095e4:	b510      	push	{r4, lr}
	if(num_commands >= MAX_SS_CMDS) {
 80095e6:	4c15      	ldr	r4, [pc, #84]	@ (800963c <simpleserial_init+0x58>)
 80095e8:	6823      	ldr	r3, [r4, #0]
 80095ea:	2b1f      	cmp	r3, #31
 80095ec:	dc1b      	bgt.n	8009626 <simpleserial_init+0x42>
	commands[num_commands].c   = c;
 80095ee:	eb03 0243 	add.w	r2, r3, r3, lsl #1
 80095f2:	eb04 0282 	add.w	r2, r4, r2, lsl #2
 80095f6:	2076      	movs	r0, #118	@ 0x76
	num_commands++;
 80095f8:	3301      	adds	r3, #1
	commands[num_commands].fp  = fp;
 80095fa:	4911      	ldr	r1, [pc, #68]	@ (8009640 <simpleserial_init+0x5c>)
	commands[num_commands].c   = c;
 80095fc:	7110      	strb	r0, [r2, #4]
	if(num_commands >= MAX_SS_CMDS) {
 80095fe:	2b1f      	cmp	r3, #31
	commands[num_commands].len = len;
 8009600:	f04f 0000 	mov.w	r0, #0
	commands[num_commands].fp  = fp;
 8009604:	e9c2 0102 	strd	r0, r1, [r2, #8]
	num_commands++;
 8009608:	6023      	str	r3, [r4, #0]
	if(num_commands >= MAX_SS_CMDS) {
 800960a:	dc12      	bgt.n	8009632 <simpleserial_init+0x4e>
	commands[num_commands].c   = c;
 800960c:	eb03 0243 	add.w	r2, r3, r3, lsl #1
 8009610:	eb04 0282 	add.w	r2, r4, r2, lsl #2
 8009614:	2077      	movs	r0, #119	@ 0x77
	commands[num_commands].fp  = fp;
 8009616:	490b      	ldr	r1, [pc, #44]	@ (8009644 <simpleserial_init+0x60>)
	commands[num_commands].c   = c;
 8009618:	7110      	strb	r0, [r2, #4]
	num_commands++;
 800961a:	3301      	adds	r3, #1
	commands[num_commands].len = len;
 800961c:	2000      	movs	r0, #0
	commands[num_commands].fp  = fp;
 800961e:	e9c2 0102 	strd	r0, r1, [r2, #8]
	num_commands++;
 8009622:	6023      	str	r3, [r4, #0]
}
 8009624:	bd10      	pop	{r4, pc}
		putch('a');
 8009626:	2061      	movs	r0, #97	@ 0x61
 8009628:	f000 fae0 	bl	8009bec <putch>
	if(num_commands >= MAX_SS_CMDS) {
 800962c:	6823      	ldr	r3, [r4, #0]
 800962e:	2b1f      	cmp	r3, #31
 8009630:	ddec      	ble.n	800960c <simpleserial_init+0x28>
}
 8009632:	e8bd 4010 	ldmia.w	sp!, {r4, lr}
		putch('a');
 8009636:	2061      	movs	r0, #97	@ 0x61
 8009638:	f000 bad8 	b.w	8009bec <putch>
 800963c:	20001154 	.word	0x20001154
 8009640:	080095c9 	.word	0x080095c9
 8009644:	08009a0d 	.word	0x08009a0d

08009648 <simpleserial_addcmd>:
{
 8009648:	b510      	push	{r4, lr}
	if(num_commands >= MAX_SS_CMDS) {
 800964a:	4c0d      	ldr	r4, [pc, #52]	@ (8009680 <simpleserial_addcmd+0x38>)
 800964c:	6823      	ldr	r3, [r4, #0]
 800964e:	2b1f      	cmp	r3, #31
 8009650:	dc0d      	bgt.n	800966e <simpleserial_addcmd+0x26>
	if(len >= MAX_SS_LEN) {
 8009652:	29f8      	cmp	r1, #248	@ 0xf8
 8009654:	d810      	bhi.n	8009678 <simpleserial_addcmd+0x30>
	commands[num_commands].c   = c;
 8009656:	eb03 0c43 	add.w	ip, r3, r3, lsl #1
 800965a:	eb04 0c8c 	add.w	ip, r4, ip, lsl #2
	num_commands++;
 800965e:	3301      	adds	r3, #1
	commands[num_commands].c   = c;
 8009660:	f88c 0004 	strb.w	r0, [ip, #4]
	commands[num_commands].fp  = fp;
 8009664:	e9cc 1202 	strd	r1, r2, [ip, #8]
	num_commands++;
 8009668:	6023      	str	r3, [r4, #0]
	return 0;
 800966a:	2000      	movs	r0, #0
}
 800966c:	bd10      	pop	{r4, pc}
		putch('a');
 800966e:	2061      	movs	r0, #97	@ 0x61
 8009670:	f000 fabc 	bl	8009bec <putch>
		return 1;
 8009674:	2001      	movs	r0, #1
}
 8009676:	bd10      	pop	{r4, pc}
		putch('b');
 8009678:	2062      	movs	r0, #98	@ 0x62
 800967a:	f000 fab7 	bl	8009bec <putch>
		return 1;
 800967e:	e7f9      	b.n	8009674 <simpleserial_addcmd+0x2c>
 8009680:	20001154 	.word	0x20001154

08009684 <simpleserial_get>:
{
 8009684:	e92d 4ff0 	stmdb	sp!, {r4, r5, r6, r7, r8, r9, sl, fp, lr}
 8009688:	b0c1      	sub	sp, #260	@ 0x104
	uint8_t err = 0;
 800968a:	2300      	movs	r3, #0
 800968c:	f10d 0904 	add.w	r9, sp, #4
 8009690:	f88d 3003 	strb.w	r3, [sp, #3]
	for (int i = 0; i < 4; i++) {
 8009694:	464c      	mov	r4, r9
 8009696:	ad02      	add	r5, sp, #8
		data_buf[i] = getch(); //PTR, cmd, scmd, len
 8009698:	f000 fa8c 	bl	8009bb4 <getch>
 800969c:	b2c0      	uxtb	r0, r0
 800969e:	f804 0b01 	strb.w	r0, [r4], #1
		if (data_buf[i] == FRAME_BYTE) {
 80096a2:	2800      	cmp	r0, #0
 80096a4:	d046      	beq.n	8009734 <simpleserial_get+0xb0>
	for (int i = 0; i < 4; i++) {
 80096a6:	42ac      	cmp	r4, r5
 80096a8:	d1f6      	bne.n	8009698 <simpleserial_get+0x14>
	uint8_t next = buf[0];
 80096aa:	f89d 4004 	ldrb.w	r4, [sp, #4]
	buf[0] = 0x00;
 80096ae:	2200      	movs	r2, #0
	while ((next < len) && tmp != 0) {
 80096b0:	2c03      	cmp	r4, #3
	buf[0] = 0x00;
 80096b2:	f88d 2004 	strb.w	r2, [sp, #4]
	while ((next < len) && tmp != 0) {
 80096b6:	d80a      	bhi.n	80096ce <simpleserial_get+0x4a>
 80096b8:	b90c      	cbnz	r4, 80096be <simpleserial_get+0x3a>
 80096ba:	e008      	b.n	80096ce <simpleserial_get+0x4a>
 80096bc:	b13b      	cbz	r3, 80096ce <simpleserial_get+0x4a>
		tmp = buf[next];
 80096be:	f819 3004 	ldrb.w	r3, [r9, r4]
		buf[next] = FRAME_BYTE;
 80096c2:	f809 2004 	strb.w	r2, [r9, r4]
		next += tmp;
 80096c6:	441c      	add	r4, r3
 80096c8:	b2e4      	uxtb	r4, r4
	while ((next < len) && tmp != 0) {
 80096ca:	2c03      	cmp	r4, #3
 80096cc:	d9f6      	bls.n	80096bc <simpleserial_get+0x38>
	for(c = 0; c < num_commands; c++)
 80096ce:	f8df 81d4 	ldr.w	r8, [pc, #468]	@ 80098a4 <simpleserial_get+0x220>
 80096d2:	f8d8 1000 	ldr.w	r1, [r8]
 80096d6:	2900      	cmp	r1, #0
 80096d8:	f340 80e1 	ble.w	800989e <simpleserial_get+0x21a>
		if(commands[c].c == data_buf[1])
 80096dc:	2300      	movs	r3, #0
 80096de:	f89d 0005 	ldrb.w	r0, [sp, #5]
	for(c = 0; c < num_commands; c++)
 80096e2:	461e      	mov	r6, r3
 80096e4:	e002      	b.n	80096ec <simpleserial_get+0x68>
 80096e6:	428b      	cmp	r3, r1
 80096e8:	461e      	mov	r6, r3
 80096ea:	da08      	bge.n	80096fe <simpleserial_get+0x7a>
		if(commands[c].c == data_buf[1])
 80096ec:	eb06 0246 	add.w	r2, r6, r6, lsl #1
 80096f0:	eb08 0282 	add.w	r2, r8, r2, lsl #2
	for(c = 0; c < num_commands; c++)
 80096f4:	3301      	adds	r3, #1
		if(commands[c].c == data_buf[1])
 80096f6:	7912      	ldrb	r2, [r2, #4]
 80096f8:	4282      	cmp	r2, r0
	for(c = 0; c < num_commands; c++)
 80096fa:	b2db      	uxtb	r3, r3
		if(commands[c].c == data_buf[1])
 80096fc:	d1f3      	bne.n	80096e6 <simpleserial_get+0x62>
	if (c == num_commands) {
 80096fe:	428e      	cmp	r6, r1
 8009700:	f000 80c9 	beq.w	8009896 <simpleserial_get+0x212>
	if ((data_buf[3] + 5) < next_frame) {
 8009704:	f89d 3007 	ldrb.w	r3, [sp, #7]
 8009708:	3305      	adds	r3, #5
 800970a:	42a3      	cmp	r3, r4
 800970c:	db1d      	blt.n	800974a <simpleserial_get+0xc6>
 800970e:	f10d 0b07 	add.w	fp, sp, #7
	int i = 4;
 8009712:	2704      	movs	r7, #4
 8009714:	e005      	b.n	8009722 <simpleserial_get+0x9e>
	for (; i < data_buf[3] + 5; i++) {
 8009716:	f89d 3007 	ldrb.w	r3, [sp, #7]
 800971a:	3304      	adds	r3, #4
 800971c:	4553      	cmp	r3, sl
 800971e:	db0b      	blt.n	8009738 <simpleserial_get+0xb4>
 8009720:	4657      	mov	r7, sl
		data_buf[i] = getch();
 8009722:	f000 fa47 	bl	8009bb4 <getch>
 8009726:	b2c0      	uxtb	r0, r0
 8009728:	f80b 0f01 	strb.w	r0, [fp, #1]!
	for (; i < data_buf[3] + 5; i++) {
 800972c:	f107 0a01 	add.w	sl, r7, #1
		if (data_buf[i] == FRAME_BYTE) {
 8009730:	2800      	cmp	r0, #0
 8009732:	d1f0      	bne.n	8009716 <simpleserial_get+0x92>
			goto ERROR;
 8009734:	2305      	movs	r3, #5
 8009736:	e009      	b.n	800974c <simpleserial_get+0xc8>
	data_buf[i] = getch();
 8009738:	f000 fa3c 	bl	8009bb4 <getch>
 800973c:	f50a 7380 	add.w	r3, sl, #256	@ 0x100
 8009740:	446b      	add	r3, sp
 8009742:	b2c0      	uxtb	r0, r0
 8009744:	f803 0cfc 	strb.w	r0, [r3, #-252]
	if (data_buf[i] != FRAME_BYTE) {
 8009748:	b150      	cbz	r0, 8009760 <simpleserial_get+0xdc>
		goto ERROR;
 800974a:	2304      	movs	r3, #4
	simpleserial_put('e', 0x01, &err);
 800974c:	f10d 0103 	add.w	r1, sp, #3
 8009750:	2065      	movs	r0, #101	@ 0x65
			err = SS_ERR_FRAME_BYTE;
 8009752:	f88d 3003 	strb.w	r3, [sp, #3]
	simpleserial_put('e', 0x01, &err);
 8009756:	f7ff fdaf 	bl	80092b8 <simpleserial_put.constprop.0>
}
 800975a:	b041      	add	sp, #260	@ 0x104
 800975c:	e8bd 8ff0 	ldmia.w	sp!, {r4, r5, r6, r7, r8, r9, sl, fp, pc}
	unstuff_data(data_buf + next_frame, i - next_frame + 1);
 8009760:	f1c4 0101 	rsb	r1, r4, #1
 8009764:	fa5f fa8a 	uxtb.w	sl, sl
	uint8_t next = buf[0];
 8009768:	f819 3004 	ldrb.w	r3, [r9, r4]
	buf[0] = 0x00;
 800976c:	f809 0004 	strb.w	r0, [r9, r4]
	unstuff_data(data_buf + next_frame, i - next_frame + 1);
 8009770:	4451      	add	r1, sl
 8009772:	b2c9      	uxtb	r1, r1
	while ((next < len) && tmp != 0) {
 8009774:	4299      	cmp	r1, r3
	unstuff_data(data_buf + next_frame, i - next_frame + 1);
 8009776:	444c      	add	r4, r9
	while ((next < len) && tmp != 0) {
 8009778:	d90a      	bls.n	8009790 <simpleserial_get+0x10c>
 800977a:	b14b      	cbz	r3, 8009790 <simpleserial_get+0x10c>
		buf[next] = FRAME_BYTE;
 800977c:	4684      	mov	ip, r0
 800977e:	e000      	b.n	8009782 <simpleserial_get+0xfe>
	while ((next < len) && tmp != 0) {
 8009780:	b132      	cbz	r2, 8009790 <simpleserial_get+0x10c>
		tmp = buf[next];
 8009782:	5ce2      	ldrb	r2, [r4, r3]
		buf[next] = FRAME_BYTE;
 8009784:	f804 c003 	strb.w	ip, [r4, r3]
		next += tmp;
 8009788:	4413      	add	r3, r2
 800978a:	b2db      	uxtb	r3, r3
	while ((next < len) && tmp != 0) {
 800978c:	4299      	cmp	r1, r3
 800978e:	d8f7      	bhi.n	8009780 <simpleserial_get+0xfc>
 8009790:	f10a 3aff 	add.w	sl, sl, #4294967295	@ 0xffffffff
 8009794:	fa59 f28a 	uxtab	r2, r9, sl
	int i = 4;
 8009798:	f10d 0105 	add.w	r1, sp, #5
 800979c:	e026      	b.n	80097ec <simpleserial_get+0x168>
			crc = crc & 0x80 ? (crc << 1) ^ CW_CRC: crc << 1;
 800979e:	005b      	lsls	r3, r3, #1
 80097a0:	b2d8      	uxtb	r0, r3
 80097a2:	b25b      	sxtb	r3, r3
 80097a4:	2b00      	cmp	r3, #0
 80097a6:	db2e      	blt.n	8009806 <simpleserial_get+0x182>
 80097a8:	0040      	lsls	r0, r0, #1
 80097aa:	b2c3      	uxtb	r3, r0
 80097ac:	b240      	sxtb	r0, r0
 80097ae:	2800      	cmp	r0, #0
 80097b0:	db30      	blt.n	8009814 <simpleserial_get+0x190>
 80097b2:	005b      	lsls	r3, r3, #1
 80097b4:	b2d8      	uxtb	r0, r3
 80097b6:	b25b      	sxtb	r3, r3
 80097b8:	2b00      	cmp	r3, #0
 80097ba:	db32      	blt.n	8009822 <simpleserial_get+0x19e>
 80097bc:	0040      	lsls	r0, r0, #1
 80097be:	b2c3      	uxtb	r3, r0
 80097c0:	b240      	sxtb	r0, r0
 80097c2:	2800      	cmp	r0, #0
 80097c4:	db34      	blt.n	8009830 <simpleserial_get+0x1ac>
 80097c6:	005b      	lsls	r3, r3, #1
 80097c8:	b2d8      	uxtb	r0, r3
 80097ca:	b25b      	sxtb	r3, r3
 80097cc:	2b00      	cmp	r3, #0
 80097ce:	db36      	blt.n	800983e <simpleserial_get+0x1ba>
 80097d0:	0040      	lsls	r0, r0, #1
 80097d2:	b2c3      	uxtb	r3, r0
 80097d4:	b240      	sxtb	r0, r0
 80097d6:	2800      	cmp	r0, #0
 80097d8:	db38      	blt.n	800984c <simpleserial_get+0x1c8>
 80097da:	005b      	lsls	r3, r3, #1
 80097dc:	b2d8      	uxtb	r0, r3
 80097de:	b25b      	sxtb	r3, r3
 80097e0:	2b00      	cmp	r3, #0
 80097e2:	db3a      	blt.n	800985a <simpleserial_get+0x1d6>
 80097e4:	0040      	lsls	r0, r0, #1
	while (len--) {
 80097e6:	428a      	cmp	r2, r1
			crc = crc & 0x80 ? (crc << 1) ^ CW_CRC: crc << 1;
 80097e8:	b2c0      	uxtb	r0, r0
	while (len--) {
 80097ea:	d03c      	beq.n	8009866 <simpleserial_get+0x1e2>
		crc ^= *buf++;
 80097ec:	f811 3b01 	ldrb.w	r3, [r1], #1
 80097f0:	4043      	eors	r3, r0
			crc = crc & 0x80 ? (crc << 1) ^ CW_CRC: crc << 1;
 80097f2:	b258      	sxtb	r0, r3
 80097f4:	2800      	cmp	r0, #0
 80097f6:	dad2      	bge.n	800979e <simpleserial_get+0x11a>
 80097f8:	0040      	lsls	r0, r0, #1
 80097fa:	f080 004d 	eor.w	r0, r0, #77	@ 0x4d
 80097fe:	b243      	sxtb	r3, r0
 8009800:	2b00      	cmp	r3, #0
 8009802:	b2c0      	uxtb	r0, r0
 8009804:	dad0      	bge.n	80097a8 <simpleserial_get+0x124>
 8009806:	005b      	lsls	r3, r3, #1
 8009808:	f083 034d 	eor.w	r3, r3, #77	@ 0x4d
 800980c:	b258      	sxtb	r0, r3
 800980e:	2800      	cmp	r0, #0
 8009810:	b2db      	uxtb	r3, r3
 8009812:	dace      	bge.n	80097b2 <simpleserial_get+0x12e>
 8009814:	0040      	lsls	r0, r0, #1
 8009816:	f080 004d 	eor.w	r0, r0, #77	@ 0x4d
 800981a:	b243      	sxtb	r3, r0
 800981c:	2b00      	cmp	r3, #0
 800981e:	b2c0      	uxtb	r0, r0
 8009820:	dacc      	bge.n	80097bc <simpleserial_get+0x138>
 8009822:	005b      	lsls	r3, r3, #1
 8009824:	f083 034d 	eor.w	r3, r3, #77	@ 0x4d
 8009828:	b258      	sxtb	r0, r3
 800982a:	2800      	cmp	r0, #0
 800982c:	b2db      	uxtb	r3, r3
 800982e:	daca      	bge.n	80097c6 <simpleserial_get+0x142>
 8009830:	0040      	lsls	r0, r0, #1
 8009832:	f080 004d 	eor.w	r0, r0, #77	@ 0x4d
 8009836:	b243      	sxtb	r3, r0
 8009838:	2b00      	cmp	r3, #0
 800983a:	b2c0      	uxtb	r0, r0
 800983c:	dac8      	bge.n	80097d0 <simpleserial_get+0x14c>
 800983e:	005b      	lsls	r3, r3, #1
 8009840:	f083 034d 	eor.w	r3, r3, #77	@ 0x4d
 8009844:	b258      	sxtb	r0, r3
 8009846:	2800      	cmp	r0, #0
 8009848:	b2db      	uxtb	r3, r3
 800984a:	dac6      	bge.n	80097da <simpleserial_get+0x156>
 800984c:	0040      	lsls	r0, r0, #1
 800984e:	f080 004d 	eor.w	r0, r0, #77	@ 0x4d
 8009852:	b243      	sxtb	r3, r0
 8009854:	2b00      	cmp	r3, #0
 8009856:	b2c0      	uxtb	r0, r0
 8009858:	dac4      	bge.n	80097e4 <simpleserial_get+0x160>
 800985a:	005b      	lsls	r3, r3, #1
 800985c:	f083 034d 	eor.w	r3, r3, #77	@ 0x4d
	while (len--) {
 8009860:	428a      	cmp	r2, r1
			crc = crc & 0x80 ? (crc << 1) ^ CW_CRC: crc << 1;
 8009862:	b2d8      	uxtb	r0, r3
	while (len--) {
 8009864:	d1c2      	bne.n	80097ec <simpleserial_get+0x168>
	if (crc != data_buf[i-1]) {
 8009866:	f507 7380 	add.w	r3, r7, #256	@ 0x100
 800986a:	eb0d 0703 	add.w	r7, sp, r3
 800986e:	f817 3cfc 	ldrb.w	r3, [r7, #-252]
 8009872:	4283      	cmp	r3, r0
 8009874:	d111      	bne.n	800989a <simpleserial_get+0x216>
	err = commands[c].fp(data_buf[1], data_buf[2], data_buf[3], data_buf+4);
 8009876:	eb06 0646 	add.w	r6, r6, r6, lsl #1
 800987a:	eb08 0886 	add.w	r8, r8, r6, lsl #2
 800987e:	462b      	mov	r3, r5
 8009880:	f89d 2007 	ldrb.w	r2, [sp, #7]
 8009884:	f8d8 400c 	ldr.w	r4, [r8, #12]
 8009888:	f89d 1006 	ldrb.w	r1, [sp, #6]
 800988c:	f89d 0005 	ldrb.w	r0, [sp, #5]
 8009890:	47a0      	blx	r4
 8009892:	4603      	mov	r3, r0
 8009894:	e75a      	b.n	800974c <simpleserial_get+0xc8>
 8009896:	2301      	movs	r3, #1
 8009898:	e758      	b.n	800974c <simpleserial_get+0xc8>
 800989a:	2302      	movs	r3, #2
 800989c:	e756      	b.n	800974c <simpleserial_get+0xc8>
	for(c = 0; c < num_commands; c++)
 800989e:	2600      	movs	r6, #0
 80098a0:	e72d      	b.n	80096fe <simpleserial_get+0x7a>
 80098a2:	bf00      	nop
 80098a4:	20001154 	.word	0x20001154

080098a8 <simpleserial_put>:
    if (!output) return;
 80098a8:	2a00      	cmp	r2, #0
 80098aa:	f000 80a7 	beq.w	80099fc <simpleserial_put+0x154>
{
 80098ae:	b570      	push	{r4, r5, r6, lr}
 80098b0:	b0c0      	sub	sp, #256	@ 0x100
	data_buf[0] = 0x00;
 80098b2:	2300      	movs	r3, #0
 80098b4:	460c      	mov	r4, r1
 80098b6:	f88d 3000 	strb.w	r3, [sp]
	data_buf[1] = c;
 80098ba:	f88d 0001 	strb.w	r0, [sp, #1]
	data_buf[2] = size;
 80098be:	f88d 1002 	strb.w	r1, [sp, #2]
	for (; i < size; i++) {
 80098c2:	2900      	cmp	r1, #0
 80098c4:	f000 809b 	beq.w	80099fe <simpleserial_put+0x156>
 80098c8:	4611      	mov	r1, r2
		data_buf[i + 3] = output[i];
 80098ca:	f10d 0003 	add.w	r0, sp, #3
 80098ce:	4622      	mov	r2, r4
 80098d0:	f7fb fe38 	bl	8005544 <memcpy>
	while (len--) {
 80098d4:	1c63      	adds	r3, r4, #1
	stuff_data(data_buf, i + 5);
 80098d6:	1d61      	adds	r1, r4, #5
	data_buf[i + 3] = ss_crc(data_buf+1, size+2);
 80098d8:	f104 0e03 	add.w	lr, r4, #3
	while (len--) {
 80098dc:	b2db      	uxtb	r3, r3
	stuff_data(data_buf, i + 5);
 80098de:	b2c9      	uxtb	r1, r1
	data_buf[i + 4] = 0x00;
 80098e0:	f104 0c04 	add.w	ip, r4, #4
 80098e4:	3302      	adds	r3, #2
 80098e6:	eb0d 0203 	add.w	r2, sp, r3
	uint8_t crc = 0x00;
 80098ea:	f10d 0001 	add.w	r0, sp, #1
 80098ee:	2300      	movs	r3, #0
 80098f0:	e026      	b.n	8009940 <simpleserial_put+0x98>
			crc = crc & 0x80 ? (crc << 1) ^ CW_CRC: crc << 1;
 80098f2:	005b      	lsls	r3, r3, #1
 80098f4:	b2de      	uxtb	r6, r3
 80098f6:	b25b      	sxtb	r3, r3
 80098f8:	2b00      	cmp	r3, #0
 80098fa:	db2e      	blt.n	800995a <simpleserial_put+0xb2>
 80098fc:	0076      	lsls	r6, r6, #1
 80098fe:	b2f5      	uxtb	r5, r6
 8009900:	b276      	sxtb	r6, r6
 8009902:	2e00      	cmp	r6, #0
 8009904:	db30      	blt.n	8009968 <simpleserial_put+0xc0>
 8009906:	006d      	lsls	r5, r5, #1
 8009908:	b2eb      	uxtb	r3, r5
 800990a:	b26d      	sxtb	r5, r5
 800990c:	2d00      	cmp	r5, #0
 800990e:	db32      	blt.n	8009976 <simpleserial_put+0xce>
 8009910:	005b      	lsls	r3, r3, #1
 8009912:	b2dd      	uxtb	r5, r3
 8009914:	b25b      	sxtb	r3, r3
 8009916:	2b00      	cmp	r3, #0
 8009918:	db34      	blt.n	8009984 <simpleserial_put+0xdc>
 800991a:	006d      	lsls	r5, r5, #1
 800991c:	b2eb      	uxtb	r3, r5
 800991e:	b26d      	sxtb	r5, r5
 8009920:	2d00      	cmp	r5, #0
 8009922:	db36      	blt.n	8009992 <simpleserial_put+0xea>
 8009924:	005b      	lsls	r3, r3, #1
 8009926:	b2dd      	uxtb	r5, r3
 8009928:	b25b      	sxtb	r3, r3
 800992a:	2b00      	cmp	r3, #0
 800992c:	db38      	blt.n	80099a0 <simpleserial_put+0xf8>
 800992e:	006d      	lsls	r5, r5, #1
 8009930:	b2eb      	uxtb	r3, r5
 8009932:	b26d      	sxtb	r5, r5
 8009934:	2d00      	cmp	r5, #0
 8009936:	db3a      	blt.n	80099ae <simpleserial_put+0x106>
 8009938:	005b      	lsls	r3, r3, #1
	while (len--) {
 800993a:	4282      	cmp	r2, r0
			crc = crc & 0x80 ? (crc << 1) ^ CW_CRC: crc << 1;
 800993c:	b2db      	uxtb	r3, r3
	while (len--) {
 800993e:	d03c      	beq.n	80099ba <simpleserial_put+0x112>
		crc ^= *buf++;
 8009940:	f810 5b01 	ldrb.w	r5, [r0], #1
 8009944:	406b      	eors	r3, r5
			crc = crc & 0x80 ? (crc << 1) ^ CW_CRC: crc << 1;
 8009946:	b25d      	sxtb	r5, r3
 8009948:	2d00      	cmp	r5, #0
 800994a:	dad2      	bge.n	80098f2 <simpleserial_put+0x4a>
 800994c:	006e      	lsls	r6, r5, #1
 800994e:	f086 064d 	eor.w	r6, r6, #77	@ 0x4d
 8009952:	b273      	sxtb	r3, r6
 8009954:	2b00      	cmp	r3, #0
 8009956:	b2f6      	uxtb	r6, r6
 8009958:	dad0      	bge.n	80098fc <simpleserial_put+0x54>
 800995a:	005b      	lsls	r3, r3, #1
 800995c:	f083 034d 	eor.w	r3, r3, #77	@ 0x4d
 8009960:	b25e      	sxtb	r6, r3
 8009962:	2e00      	cmp	r6, #0
 8009964:	b2dd      	uxtb	r5, r3
 8009966:	dace      	bge.n	8009906 <simpleserial_put+0x5e>
 8009968:	0076      	lsls	r6, r6, #1
 800996a:	f086 064d 	eor.w	r6, r6, #77	@ 0x4d
 800996e:	b275      	sxtb	r5, r6
 8009970:	2d00      	cmp	r5, #0
 8009972:	b2f3      	uxtb	r3, r6
 8009974:	dacc      	bge.n	8009910 <simpleserial_put+0x68>
 8009976:	006d      	lsls	r5, r5, #1
 8009978:	f085 054d 	eor.w	r5, r5, #77	@ 0x4d
 800997c:	b26b      	sxtb	r3, r5
 800997e:	2b00      	cmp	r3, #0
 8009980:	b2ed      	uxtb	r5, r5
 8009982:	daca      	bge.n	800991a <simpleserial_put+0x72>
 8009984:	005b      	lsls	r3, r3, #1
 8009986:	f083 034d 	eor.w	r3, r3, #77	@ 0x4d
 800998a:	b25d      	sxtb	r5, r3
 800998c:	2d00      	cmp	r5, #0
 800998e:	b2db      	uxtb	r3, r3
 8009990:	dac8      	bge.n	8009924 <simpleserial_put+0x7c>
 8009992:	006d      	lsls	r5, r5, #1
 8009994:	f085 054d 	eor.w	r5, r5, #77	@ 0x4d
 8009998:	b26b      	sxtb	r3, r5
 800999a:	2b00      	cmp	r3, #0
 800999c:	b2ed      	uxtb	r5, r5
 800999e:	dac6      	bge.n	800992e <simpleserial_put+0x86>
 80099a0:	005b      	lsls	r3, r3, #1
 80099a2:	f083 034d 	eor.w	r3, r3, #77	@ 0x4d
 80099a6:	b25d      	sxtb	r5, r3
 80099a8:	2d00      	cmp	r5, #0
 80099aa:	b2db      	uxtb	r3, r3
 80099ac:	dac4      	bge.n	8009938 <simpleserial_put+0x90>
 80099ae:	006d      	lsls	r5, r5, #1
 80099b0:	f085 054d 	eor.w	r5, r5, #77	@ 0x4d
	while (len--) {
 80099b4:	4282      	cmp	r2, r0
			crc = crc & 0x80 ? (crc << 1) ^ CW_CRC: crc << 1;
 80099b6:	b2eb      	uxtb	r3, r5
	while (len--) {
 80099b8:	d1c2      	bne.n	8009940 <simpleserial_put+0x98>
	data_buf[i + 4] = 0x00;
 80099ba:	2200      	movs	r2, #0
	for (; i < len; i++) {
 80099bc:	2901      	cmp	r1, #1
	data_buf[i + 3] = ss_crc(data_buf+1, size+2);
 80099be:	f80d 300e 	strb.w	r3, [sp, lr]
	data_buf[i + 4] = 0x00;
 80099c2:	f80d 200c 	strb.w	r2, [sp, ip]
	for (; i < len; i++) {
 80099c6:	d90d      	bls.n	80099e4 <simpleserial_put+0x13c>
 80099c8:	4668      	mov	r0, sp
	uint8_t i = 1;
 80099ca:	2301      	movs	r3, #1
		if (buf[i] == FRAME_BYTE) {
 80099cc:	f810 6f01 	ldrb.w	r6, [r0, #1]!
	for (; i < len; i++) {
 80099d0:	1c5d      	adds	r5, r3, #1
			buf[last] = i - last;
 80099d2:	eba3 0c02 	sub.w	ip, r3, r2
		if (buf[i] == FRAME_BYTE) {
 80099d6:	b916      	cbnz	r6, 80099de <simpleserial_put+0x136>
			buf[last] = i - last;
 80099d8:	f80d c002 	strb.w	ip, [sp, r2]
			last = i;
 80099dc:	461a      	mov	r2, r3
	for (; i < len; i++) {
 80099de:	b2eb      	uxtb	r3, r5
 80099e0:	428b      	cmp	r3, r1
 80099e2:	d1f3      	bne.n	80099cc <simpleserial_put+0x124>
 80099e4:	f10d 0305 	add.w	r3, sp, #5
 80099e8:	466d      	mov	r5, sp
 80099ea:	441c      	add	r4, r3
		putch(data_buf[i]);
 80099ec:	f815 0b01 	ldrb.w	r0, [r5], #1
 80099f0:	f000 f8fc 	bl	8009bec <putch>
	for (int i = 0; i < size + 5; i++) {
 80099f4:	42ac      	cmp	r4, r5
 80099f6:	d1f9      	bne.n	80099ec <simpleserial_put+0x144>
}
 80099f8:	b040      	add	sp, #256	@ 0x100
 80099fa:	bd70      	pop	{r4, r5, r6, pc}
 80099fc:	4770      	bx	lr
	for (; i < size; i++) {
 80099fe:	2105      	movs	r1, #5
 8009a00:	f04f 0c04 	mov.w	ip, #4
	while (len--) {
 8009a04:	2301      	movs	r3, #1
	data_buf[i + 3] = ss_crc(data_buf+1, size+2);
 8009a06:	f04f 0e03 	mov.w	lr, #3
 8009a0a:	e76b      	b.n	80098e4 <simpleserial_put+0x3c>

08009a0c <ss_get_commands>:
{
 8009a0c:	b510      	push	{r4, lr}
    for (uint8_t i = 0; i < (num_commands & 0xFF); i++) {
 8009a0e:	4c0d      	ldr	r4, [pc, #52]	@ (8009a44 <ss_get_commands+0x38>)
 8009a10:	7821      	ldrb	r1, [r4, #0]
{
 8009a12:	b088      	sub	sp, #32
    for (uint8_t i = 0; i < (num_commands & 0xFF); i++) {
 8009a14:	b179      	cbz	r1, 8009a36 <ss_get_commands+0x2a>
 8009a16:	2300      	movs	r3, #0
 8009a18:	461a      	mov	r2, r3
        cmd_chars[i] = commands[i].c;
 8009a1a:	eb02 0042 	add.w	r0, r2, r2, lsl #1
 8009a1e:	eb04 0080 	add.w	r0, r4, r0, lsl #2
 8009a22:	3220      	adds	r2, #32
    for (uint8_t i = 0; i < (num_commands & 0xFF); i++) {
 8009a24:	3301      	adds	r3, #1
        cmd_chars[i] = commands[i].c;
 8009a26:	446a      	add	r2, sp
    for (uint8_t i = 0; i < (num_commands & 0xFF); i++) {
 8009a28:	b2db      	uxtb	r3, r3
        cmd_chars[i] = commands[i].c;
 8009a2a:	7900      	ldrb	r0, [r0, #4]
 8009a2c:	f802 0c20 	strb.w	r0, [r2, #-32]
    for (uint8_t i = 0; i < (num_commands & 0xFF); i++) {
 8009a30:	428b      	cmp	r3, r1
 8009a32:	461a      	mov	r2, r3
 8009a34:	dbf1      	blt.n	8009a1a <ss_get_commands+0xe>
    simpleserial_put('r', num_commands & 0xFF, (void *)cmd_chars);
 8009a36:	466a      	mov	r2, sp
 8009a38:	2072      	movs	r0, #114	@ 0x72
 8009a3a:	f7ff ff35 	bl	80098a8 <simpleserial_put>
}
 8009a3e:	2000      	movs	r0, #0
 8009a40:	b008      	add	sp, #32
 8009a42:	bd10      	pop	{r4, pc}
 8009a44:	20001154 	.word	0x20001154

08009a48 <platform_init>:

UART_HandleTypeDef UartHandle;


void platform_init(void)
{
 8009a48:	b570      	push	{r4, r5, r6, lr}
 8009a4a:	b096      	sub	sp, #88	@ 0x58
     HAL_RCC_ClockConfig(&RCC_ClkInitStruct, flash_latency);
  #else
     RCC_OscInitTypeDef RCC_OscInitStruct;
     RCC_OscInitStruct.OscillatorType = RCC_OSCILLATORTYPE_HSE | RCC_OSCILLATORTYPE_HSI;
     RCC_OscInitStruct.HSEState       = RCC_HSE_BYPASS;
     RCC_OscInitStruct.HSIState       = RCC_HSI_OFF;
 8009a4c:	2400      	movs	r4, #0
     RCC_OscInitStruct.OscillatorType = RCC_OSCILLATORTYPE_HSE | RCC_OSCILLATORTYPE_HSI;
 8009a4e:	2203      	movs	r2, #3
 8009a50:	f44f 23a0 	mov.w	r3, #327680	@ 0x50000
     RCC_OscInitStruct.PLL.PLLSource  = RCC_PLL_NONE;
     HAL_RCC_OscConfig(&RCC_OscInitStruct);
 8009a54:	a80c      	add	r0, sp, #48	@ 0x30
     RCC_OscInitStruct.OscillatorType = RCC_OSCILLATORTYPE_HSE | RCC_OSCILLATORTYPE_HSI;
 8009a56:	e9cd 230c 	strd	r2, r3, [sp, #48]	@ 0x30

     RCC_ClkInitTypeDef RCC_ClkInitStruct;
     RCC_ClkInitStruct.ClockType      = (RCC_CLOCKTYPE_SYSCLK | RCC_CLOCKTYPE_HCLK | RCC_CLOCKTYPE_PCLK1 | RCC_CLOCKTYPE_PCLK2);
     RCC_ClkInitStruct.SYSCLKSource   = RCC_SYSCLKSOURCE_HSE;
 8009a5a:	2501      	movs	r5, #1
     RCC_OscInitStruct.HSIState       = RCC_HSI_OFF;
 8009a5c:	9410      	str	r4, [sp, #64]	@ 0x40
     RCC_OscInitStruct.PLL.PLLSource  = RCC_PLL_NONE;
 8009a5e:	9414      	str	r4, [sp, #80]	@ 0x50
     HAL_RCC_OscConfig(&RCC_OscInitStruct);
 8009a60:	f000 f8d6 	bl	8009c10 <HAL_RCC_OscConfig>
     RCC_ClkInitStruct.ClockType      = (RCC_CLOCKTYPE_SYSCLK | RCC_CLOCKTYPE_HCLK | RCC_CLOCKTYPE_PCLK1 | RCC_CLOCKTYPE_PCLK2);
 8009a64:	230f      	movs	r3, #15
     RCC_ClkInitStruct.AHBCLKDivider  = RCC_SYSCLK_DIV1;
     RCC_ClkInitStruct.APB1CLKDivider = RCC_HCLK_DIV1;
     RCC_ClkInitStruct.APB2CLKDivider = RCC_HCLK_DIV1;
     uint32_t flash_latency = 0;
     HAL_RCC_ClockConfig(&RCC_ClkInitStruct, flash_latency);
 8009a66:	4621      	mov	r1, r4
 8009a68:	a802      	add	r0, sp, #8
     RCC_ClkInitStruct.SYSCLKSource   = RCC_SYSCLKSOURCE_HSE;
 8009a6a:	e9cd 3502 	strd	r3, r5, [sp, #8]
     RCC_ClkInitStruct.APB1CLKDivider = RCC_HCLK_DIV1;
 8009a6e:	e9cd 4404 	strd	r4, r4, [sp, #16]
     RCC_ClkInitStruct.APB2CLKDivider = RCC_HCLK_DIV1;
 8009a72:	9406      	str	r4, [sp, #24]
     HAL_RCC_ClockConfig(&RCC_ClkInitStruct, flash_latency);
 8009a74:	f000 fc0c 	bl	800a290 <HAL_RCC_ClockConfig>




#if (PLATFORM==CWLITEARM)
  __HAL_RCC_GPIOC_CLK_ENABLE();
 8009a78:	4b11      	ldr	r3, [pc, #68]	@ (8009ac0 <platform_init+0x78>)
  GPIO_InitTypeDef GpioInit;
  GpioInit.Pin       = GPIO_PIN_13 | GPIO_PIN_14;
  GpioInit.Mode      = GPIO_MODE_OUTPUT_PP;
  GpioInit.Pull      = GPIO_NOPULL;
  GpioInit.Speed     = GPIO_SPEED_FREQ_HIGH;
  HAL_GPIO_Init(GPIOC, &GpioInit);
 8009a7a:	4e12      	ldr	r6, [pc, #72]	@ (8009ac4 <platform_init+0x7c>)
  __HAL_RCC_GPIOC_CLK_ENABLE();
 8009a7c:	695a      	ldr	r2, [r3, #20]
 8009a7e:	f442 2200 	orr.w	r2, r2, #524288	@ 0x80000
 8009a82:	615a      	str	r2, [r3, #20]
 8009a84:	695b      	ldr	r3, [r3, #20]
  GpioInit.Mode      = GPIO_MODE_OUTPUT_PP;
 8009a86:	9508      	str	r5, [sp, #32]
  __HAL_RCC_GPIOC_CLK_ENABLE();
 8009a88:	f403 2300 	and.w	r3, r3, #524288	@ 0x80000
 8009a8c:	9301      	str	r3, [sp, #4]
 8009a8e:	9901      	ldr	r1, [sp, #4]
  GpioInit.Pull      = GPIO_NOPULL;
 8009a90:	9409      	str	r4, [sp, #36]	@ 0x24
  GpioInit.Speed     = GPIO_SPEED_FREQ_HIGH;
 8009a92:	2303      	movs	r3, #3
  GpioInit.Pin       = GPIO_PIN_13 | GPIO_PIN_14;
 8009a94:	f44f 42c0 	mov.w	r2, #24576	@ 0x6000
  HAL_GPIO_Init(GPIOC, &GpioInit);
 8009a98:	a907      	add	r1, sp, #28
 8009a9a:	4630      	mov	r0, r6
  GpioInit.Speed     = GPIO_SPEED_FREQ_HIGH;
 8009a9c:	930a      	str	r3, [sp, #40]	@ 0x28
  GpioInit.Pin       = GPIO_PIN_13 | GPIO_PIN_14;
 8009a9e:	9207      	str	r2, [sp, #28]
  HAL_GPIO_Init(GPIOC, &GpioInit);
 8009aa0:	f000 fcca 	bl	800a438 <HAL_GPIO_Init>

  HAL_GPIO_WritePin(GPIOC, GPIO_PIN_13, SET);
 8009aa4:	462a      	mov	r2, r5
 8009aa6:	4630      	mov	r0, r6
 8009aa8:	f44f 5100 	mov.w	r1, #8192	@ 0x2000
 8009aac:	f000 fe5e 	bl	800a76c <HAL_GPIO_WritePin>
  HAL_GPIO_WritePin(GPIOC, GPIO_PIN_14, SET);
 8009ab0:	462a      	mov	r2, r5
 8009ab2:	f44f 4180 	mov.w	r1, #16384	@ 0x4000
 8009ab6:	4630      	mov	r0, r6
 8009ab8:	f000 fe58 	bl	800a76c <HAL_GPIO_WritePin>
#endif
}
 8009abc:	b016      	add	sp, #88	@ 0x58
 8009abe:	bd70      	pop	{r4, r5, r6, pc}
 8009ac0:	40021000 	.word	0x40021000
 8009ac4:	48000800 	.word	0x48000800

08009ac8 <init_uart>:

void init_uart(void)
{
 8009ac8:	b510      	push	{r4, lr}
  GPIO_InitTypeDef GpioInit;
  GpioInit.Pin       = GPIO_PIN_9 | GPIO_PIN_10;
  GpioInit.Mode      = GPIO_MODE_AF_PP;
  GpioInit.Pull      = GPIO_PULLUP;
  GpioInit.Speed     = GPIO_SPEED_FREQ_HIGH;
 8009aca:	2203      	movs	r2, #3
{
 8009acc:	b088      	sub	sp, #32
  GpioInit.Pin       = GPIO_PIN_9 | GPIO_PIN_10;
 8009ace:	f44f 60c0 	mov.w	r0, #1536	@ 0x600
  GpioInit.Mode      = GPIO_MODE_AF_PP;
 8009ad2:	2302      	movs	r3, #2
  GpioInit.Pull      = GPIO_PULLUP;
 8009ad4:	2101      	movs	r1, #1
  GpioInit.Mode      = GPIO_MODE_AF_PP;
 8009ad6:	e9cd 0303 	strd	r0, r3, [sp, #12]
  GpioInit.Speed     = GPIO_SPEED_FREQ_HIGH;
 8009ada:	e9cd 1205 	strd	r1, r2, [sp, #20]
  GpioInit.Alternate = GPIO_AF7_USART1;
  __GPIOA_CLK_ENABLE();
 8009ade:	4c15      	ldr	r4, [pc, #84]	@ (8009b34 <init_uart+0x6c>)
  GpioInit.Alternate = GPIO_AF7_USART1;
 8009ae0:	2307      	movs	r3, #7
 8009ae2:	9307      	str	r3, [sp, #28]
  __GPIOA_CLK_ENABLE();
 8009ae4:	6963      	ldr	r3, [r4, #20]
 8009ae6:	f443 3300 	orr.w	r3, r3, #131072	@ 0x20000
 8009aea:	6163      	str	r3, [r4, #20]
 8009aec:	6963      	ldr	r3, [r4, #20]
 8009aee:	f403 3300 	and.w	r3, r3, #131072	@ 0x20000
  HAL_GPIO_Init(GPIOA, &GpioInit);
 8009af2:	a903      	add	r1, sp, #12
  __GPIOA_CLK_ENABLE();
 8009af4:	9301      	str	r3, [sp, #4]
  HAL_GPIO_Init(GPIOA, &GpioInit);
 8009af6:	f04f 4090 	mov.w	r0, #1207959552	@ 0x48000000
  __GPIOA_CLK_ENABLE();
 8009afa:	9b01      	ldr	r3, [sp, #4]
  HAL_GPIO_Init(GPIOA, &GpioInit);
 8009afc:	f000 fc9c 	bl	800a438 <HAL_GPIO_Init>
  UartHandle.Init.WordLength = UART_WORDLENGTH_8B;
  UartHandle.Init.StopBits   = UART_STOPBITS_1;
  UartHandle.Init.Parity     = UART_PARITY_NONE;
  UartHandle.Init.HwFlowCtl  = UART_HWCONTROL_NONE;
  UartHandle.Init.Mode       = UART_MODE_TX_RX;
  __USART1_CLK_ENABLE();
 8009b00:	69a2      	ldr	r2, [r4, #24]
  UartHandle.Instance        = USART1;
 8009b02:	480d      	ldr	r0, [pc, #52]	@ (8009b38 <init_uart+0x70>)
 8009b04:	4b0d      	ldr	r3, [pc, #52]	@ (8009b3c <init_uart+0x74>)
 8009b06:	6003      	str	r3, [r0, #0]
  __USART1_CLK_ENABLE();
 8009b08:	f442 4280 	orr.w	r2, r2, #16384	@ 0x4000
 8009b0c:	61a2      	str	r2, [r4, #24]
 8009b0e:	69a2      	ldr	r2, [r4, #24]
 8009b10:	f402 4280 	and.w	r2, r2, #16384	@ 0x4000
  UartHandle.Init.WordLength = UART_WORDLENGTH_8B;
 8009b14:	2300      	movs	r3, #0
  UartHandle.Init.Mode       = UART_MODE_TX_RX;
 8009b16:	210c      	movs	r1, #12
  __USART1_CLK_ENABLE();
 8009b18:	9202      	str	r2, [sp, #8]
  UartHandle.Init.BaudRate   = 230400;
 8009b1a:	f44f 3461 	mov.w	r4, #230400	@ 0x38400
  UartHandle.Init.WordLength = UART_WORDLENGTH_8B;
 8009b1e:	e9c0 4301 	strd	r4, r3, [r0, #4]
  UartHandle.Init.Parity     = UART_PARITY_NONE;
 8009b22:	e9c0 3303 	strd	r3, r3, [r0, #12]
  UartHandle.Init.Mode       = UART_MODE_TX_RX;
 8009b26:	e9c0 1305 	strd	r1, r3, [r0, #20]
  __USART1_CLK_ENABLE();
 8009b2a:	9a02      	ldr	r2, [sp, #8]
  HAL_UART_Init(&UartHandle);
 8009b2c:	f000 fe7a 	bl	800a824 <HAL_UART_Init>
}
 8009b30:	b008      	add	sp, #32
 8009b32:	bd10      	pop	{r4, pc}
 8009b34:	40021000 	.word	0x40021000
 8009b38:	200012d8 	.word	0x200012d8
 8009b3c:	40013800 	.word	0x40013800

08009b40 <trigger_setup>:

void trigger_setup(void)
{
  __HAL_RCC_GPIOA_CLK_ENABLE();
 8009b40:	4b13      	ldr	r3, [pc, #76]	@ (8009b90 <trigger_setup+0x50>)
{
 8009b42:	b500      	push	{lr}
  __HAL_RCC_GPIOA_CLK_ENABLE();
 8009b44:	695a      	ldr	r2, [r3, #20]
 8009b46:	f442 3200 	orr.w	r2, r2, #131072	@ 0x20000
 8009b4a:	615a      	str	r2, [r3, #20]
 8009b4c:	695b      	ldr	r3, [r3, #20]
{
 8009b4e:	b089      	sub	sp, #36	@ 0x24

  GPIO_InitTypeDef GpioInit;
  GpioInit.Pin       = GPIO_PIN_12;
 8009b50:	ed9f 7b0d 	vldr	d7, [pc, #52]	@ 8009b88 <trigger_setup+0x48>
  __HAL_RCC_GPIOA_CLK_ENABLE();
 8009b54:	f403 3300 	and.w	r3, r3, #131072	@ 0x20000
 8009b58:	9301      	str	r3, [sp, #4]
  GpioInit.Mode      = GPIO_MODE_OUTPUT_PP;
  GpioInit.Pull      = GPIO_NOPULL;
  GpioInit.Speed     = GPIO_SPEED_FREQ_HIGH;
  HAL_GPIO_Init(GPIOA, &GpioInit);
 8009b5a:	a902      	add	r1, sp, #8
  GpioInit.Pin       = GPIO_PIN_12;
 8009b5c:	2200      	movs	r2, #0
 8009b5e:	2303      	movs	r3, #3
  HAL_GPIO_Init(GPIOA, &GpioInit);
 8009b60:	f04f 4090 	mov.w	r0, #1207959552	@ 0x48000000
  GpioInit.Pin       = GPIO_PIN_12;
 8009b64:	e9cd 2304 	strd	r2, r3, [sp, #16]
 8009b68:	ed8d 7b02 	vstr	d7, [sp, #8]
  __HAL_RCC_GPIOA_CLK_ENABLE();
 8009b6c:	9b01      	ldr	r3, [sp, #4]
  HAL_GPIO_Init(GPIOA, &GpioInit);
 8009b6e:	f000 fc63 	bl	800a438 <HAL_GPIO_Init>

  HAL_GPIO_WritePin(GPIOA, GPIO_PIN_12, RESET);
 8009b72:	2200      	movs	r2, #0
 8009b74:	f44f 5180 	mov.w	r1, #4096	@ 0x1000
 8009b78:	f04f 4090 	mov.w	r0, #1207959552	@ 0x48000000
 8009b7c:	f000 fdf6 	bl	800a76c <HAL_GPIO_WritePin>
}
 8009b80:	b009      	add	sp, #36	@ 0x24
 8009b82:	f85d fb04 	ldr.w	pc, [sp], #4
 8009b86:	bf00      	nop
 8009b88:	00001000 	.word	0x00001000
 8009b8c:	00000001 	.word	0x00000001
 8009b90:	40021000 	.word	0x40021000

08009b94 <trigger_high>:

void trigger_high(void)
{
  HAL_GPIO_WritePin(GPIOA, GPIO_PIN_12, SET);
 8009b94:	2201      	movs	r2, #1
 8009b96:	f44f 5180 	mov.w	r1, #4096	@ 0x1000
 8009b9a:	f04f 4090 	mov.w	r0, #1207959552	@ 0x48000000
 8009b9e:	f000 bde5 	b.w	800a76c <HAL_GPIO_WritePin>
 8009ba2:	bf00      	nop

08009ba4 <trigger_low>:
}

void trigger_low(void)
{
  HAL_GPIO_WritePin(GPIOA, GPIO_PIN_12, RESET);
 8009ba4:	2200      	movs	r2, #0
 8009ba6:	f44f 5180 	mov.w	r1, #4096	@ 0x1000
 8009baa:	f04f 4090 	mov.w	r0, #1207959552	@ 0x48000000
 8009bae:	f000 bddd 	b.w	800a76c <HAL_GPIO_WritePin>
 8009bb2:	bf00      	nop

08009bb4 <getch>:
}

char getch(void)
{
 8009bb4:	b530      	push	{r4, r5, lr}
  uint8_t d;
  while (HAL_UART_Receive(&UartHandle, &d, 1, 5000) != HAL_OK)
 8009bb6:	4d0b      	ldr	r5, [pc, #44]	@ (8009be4 <getch+0x30>)
    USART1->ICR |= (1 << 3);
 8009bb8:	4c0b      	ldr	r4, [pc, #44]	@ (8009be8 <getch+0x34>)
{
 8009bba:	b083      	sub	sp, #12
  while (HAL_UART_Receive(&UartHandle, &d, 1, 5000) != HAL_OK)
 8009bbc:	e003      	b.n	8009bc6 <getch+0x12>
    USART1->ICR |= (1 << 3);
 8009bbe:	6a23      	ldr	r3, [r4, #32]
 8009bc0:	f043 0308 	orr.w	r3, r3, #8
 8009bc4:	6223      	str	r3, [r4, #32]
  while (HAL_UART_Receive(&UartHandle, &d, 1, 5000) != HAL_OK)
 8009bc6:	f241 3388 	movw	r3, #5000	@ 0x1388
 8009bca:	2201      	movs	r2, #1
 8009bcc:	f10d 0107 	add.w	r1, sp, #7
 8009bd0:	4628      	mov	r0, r5
 8009bd2:	f000 ffc5 	bl	800ab60 <HAL_UART_Receive>
 8009bd6:	2800      	cmp	r0, #0
 8009bd8:	d1f1      	bne.n	8009bbe <getch+0xa>
  //putch(d);
  return d;
}
 8009bda:	f89d 0007 	ldrb.w	r0, [sp, #7]
 8009bde:	b003      	add	sp, #12
 8009be0:	bd30      	pop	{r4, r5, pc}
 8009be2:	bf00      	nop
 8009be4:	200012d8 	.word	0x200012d8
 8009be8:	40013800 	.word	0x40013800

08009bec <putch>:

void putch(char c)
{
 8009bec:	b500      	push	{lr}
 8009bee:	b083      	sub	sp, #12
 8009bf0:	4684      	mov	ip, r0
  uint8_t d  = c;
  HAL_UART_Transmit(&UartHandle,  &d, 1, 5000);
 8009bf2:	f241 3388 	movw	r3, #5000	@ 0x1388
 8009bf6:	2201      	movs	r2, #1
 8009bf8:	f10d 0107 	add.w	r1, sp, #7
 8009bfc:	4803      	ldr	r0, [pc, #12]	@ (8009c0c <putch+0x20>)
  uint8_t d  = c;
 8009bfe:	f88d c007 	strb.w	ip, [sp, #7]
  HAL_UART_Transmit(&UartHandle,  &d, 1, 5000);
 8009c02:	f000 ff03 	bl	800aa0c <HAL_UART_Transmit>
}
 8009c06:	b003      	add	sp, #12
 8009c08:	f85d fb04 	ldr.w	pc, [sp], #4
 8009c0c:	200012d8 	.word	0x200012d8

08009c10 <HAL_RCC_OscConfig>:
  *         supported by this macro. User should request a transition to HSE Off
  *         first and then HSE On or HSE Bypass.
  * @retval HAL status
  */
HAL_StatusTypeDef HAL_RCC_OscConfig(RCC_OscInitTypeDef  *RCC_OscInitStruct)
{
 8009c10:	e92d 41f0 	stmdb	sp!, {r4, r5, r6, r7, r8, lr}
  /* Check the parameters */
  assert_param(RCC_OscInitStruct != NULL);
  assert_param(IS_RCC_OSCILLATORTYPE(RCC_OscInitStruct->OscillatorType));

  /*------------------------------- HSE Configuration ------------------------*/ 
  if(((RCC_OscInitStruct->OscillatorType) & RCC_OSCILLATORTYPE_HSE) == RCC_OSCILLATORTYPE_HSE)
 8009c14:	6804      	ldr	r4, [r0, #0]
 8009c16:	07e5      	lsls	r5, r4, #31
{
 8009c18:	b082      	sub	sp, #8
  if(((RCC_OscInitStruct->OscillatorType) & RCC_OSCILLATORTYPE_HSE) == RCC_OSCILLATORTYPE_HSE)
 8009c1a:	d544      	bpl.n	8009ca6 <HAL_RCC_OscConfig+0x96>
  {
    /* Check the parameters */
    assert_param(IS_RCC_HSE(RCC_OscInitStruct->HSEState));

    /* When the HSE is used as system clock or clock source for PLL in these cases it is not allowed to be disabled */
    if((__HAL_RCC_GET_SYSCLK_SOURCE() == RCC_SYSCLKSOURCE_STATUS_HSE) 
 8009c1c:	4aac      	ldr	r2, [pc, #688]	@ (8009ed0 <HAL_RCC_OscConfig+0x2c0>)
 8009c1e:	6853      	ldr	r3, [r2, #4]
 8009c20:	f003 030c 	and.w	r3, r3, #12
 8009c24:	2b04      	cmp	r3, #4
 8009c26:	f000 81e9 	beq.w	8009ffc <HAL_RCC_OscConfig+0x3ec>
       || ((__HAL_RCC_GET_SYSCLK_SOURCE() == RCC_SYSCLKSOURCE_STATUS_PLLCLK) && (__HAL_RCC_GET_PLL_OSCSOURCE() == RCC_PLLSOURCE_HSE)))
 8009c2a:	6853      	ldr	r3, [r2, #4]
 8009c2c:	f003 030c 	and.w	r3, r3, #12
 8009c30:	2b08      	cmp	r3, #8
 8009c32:	f000 81df 	beq.w	8009ff4 <HAL_RCC_OscConfig+0x3e4>
	return hal_sys_tick++;
 8009c36:	4ba7      	ldr	r3, [pc, #668]	@ (8009ed4 <HAL_RCC_OscConfig+0x2c4>)
      }
    }
    else
    {
      /* Set the new HSE configuration ---------------------------------------*/
      __HAL_RCC_HSE_CONFIG(RCC_OscInitStruct->HSEState);
 8009c38:	6841      	ldr	r1, [r0, #4]
	return hal_sys_tick++;
 8009c3a:	681a      	ldr	r2, [r3, #0]
      
#if defined(RCC_CFGR_PLLSRC_HSI_DIV2)
      /* Configure the HSE predivision factor --------------------------------*/
      __HAL_RCC_HSE_PREDIV_CONFIG(RCC_OscInitStruct->HSEPredivValue);
 8009c3c:	6885      	ldr	r5, [r0, #8]
      __HAL_RCC_HSE_CONFIG(RCC_OscInitStruct->HSEState);
 8009c3e:	f5b1 3f80 	cmp.w	r1, #65536	@ 0x10000
	return hal_sys_tick++;
 8009c42:	f102 0701 	add.w	r7, r2, #1
      __HAL_RCC_HSE_CONFIG(RCC_OscInitStruct->HSEState);
 8009c46:	f000 81f8 	beq.w	800a03a <HAL_RCC_OscConfig+0x42a>
 8009c4a:	2900      	cmp	r1, #0
 8009c4c:	f000 8200 	beq.w	800a050 <HAL_RCC_OscConfig+0x440>
 8009c50:	f5b1 2fa0 	cmp.w	r1, #327680	@ 0x50000
 8009c54:	f000 830c 	beq.w	800a270 <HAL_RCC_OscConfig+0x660>
 8009c58:	499d      	ldr	r1, [pc, #628]	@ (8009ed0 <HAL_RCC_OscConfig+0x2c0>)
 8009c5a:	680e      	ldr	r6, [r1, #0]
 8009c5c:	f426 3680 	bic.w	r6, r6, #65536	@ 0x10000
 8009c60:	600e      	str	r6, [r1, #0]
 8009c62:	680e      	ldr	r6, [r1, #0]
 8009c64:	f426 2680 	bic.w	r6, r6, #262144	@ 0x40000
 8009c68:	600e      	str	r6, [r1, #0]
      __HAL_RCC_HSE_PREDIV_CONFIG(RCC_OscInitStruct->HSEPredivValue);
 8009c6a:	6ace      	ldr	r6, [r1, #44]	@ 0x2c
 8009c6c:	f026 060f 	bic.w	r6, r6, #15
 8009c70:	4335      	orrs	r5, r6
 8009c72:	62cd      	str	r5, [r1, #44]	@ 0x2c
	return hal_sys_tick++;
 8009c74:	601f      	str	r7, [r3, #0]
      {
        /* Get Start Tick */
        tickstart = HAL_GetTick();
        
        /* Wait till HSE is ready */
        while(__HAL_RCC_GET_FLAG(RCC_FLAG_HSERDY) == RESET)
 8009c76:	1c91      	adds	r1, r2, #2
 8009c78:	4f95      	ldr	r7, [pc, #596]	@ (8009ed0 <HAL_RCC_OscConfig+0x2c0>)
 8009c7a:	f102 0e67 	add.w	lr, r2, #103	@ 0x67
__attribute__((always_inline)) __STATIC_INLINE uint32_t __RBIT(uint32_t value)
{
  uint32_t result;

#if       (__CORTEX_M >= 0x03U) || (__CORTEX_SC >= 300U)
   __ASM volatile ("rbit %0, %1" : "=r" (result) : "r" (value) );
 8009c7e:	f44f 3c00 	mov.w	ip, #131072	@ 0x20000
 8009c82:	2601      	movs	r6, #1
 8009c84:	e004      	b.n	8009c90 <HAL_RCC_OscConfig+0x80>
	return hal_sys_tick++;
 8009c86:	6019      	str	r1, [r3, #0]
        {
          if((HAL_GetTick() - tickstart ) > HSE_TIMEOUT_VALUE)
 8009c88:	3101      	adds	r1, #1
 8009c8a:	458e      	cmp	lr, r1
 8009c8c:	f000 80ba 	beq.w	8009e04 <HAL_RCC_OscConfig+0x1f4>
 8009c90:	fa9c f2ac 	rbit	r2, ip
        while(__HAL_RCC_GET_FLAG(RCC_FLAG_HSERDY) == RESET)
 8009c94:	683d      	ldr	r5, [r7, #0]
 8009c96:	fa9c f2ac 	rbit	r2, ip
 8009c9a:	fab2 f282 	clz	r2, r2
 8009c9e:	fa06 f202 	lsl.w	r2, r6, r2
 8009ca2:	422a      	tst	r2, r5
 8009ca4:	d0ef      	beq.n	8009c86 <HAL_RCC_OscConfig+0x76>
        }
      }
    }
  }
  /*----------------------------- HSI Configuration --------------------------*/ 
  if(((RCC_OscInitStruct->OscillatorType) & RCC_OSCILLATORTYPE_HSI) == RCC_OSCILLATORTYPE_HSI)
 8009ca6:	07a1      	lsls	r1, r4, #30
 8009ca8:	d567      	bpl.n	8009d7a <HAL_RCC_OscConfig+0x16a>
    /* Check the parameters */
    assert_param(IS_RCC_HSI(RCC_OscInitStruct->HSIState));
    assert_param(IS_RCC_CALIBRATION_VALUE(RCC_OscInitStruct->HSICalibrationValue));
    
    /* Check if HSI is used as system clock or as PLL source when PLL is selected as system clock */ 
    if((__HAL_RCC_GET_SYSCLK_SOURCE() == RCC_SYSCLKSOURCE_STATUS_HSI) 
 8009caa:	4b89      	ldr	r3, [pc, #548]	@ (8009ed0 <HAL_RCC_OscConfig+0x2c0>)
 8009cac:	685a      	ldr	r2, [r3, #4]
 8009cae:	f012 0f0c 	tst.w	r2, #12
 8009cb2:	d046      	beq.n	8009d42 <HAL_RCC_OscConfig+0x132>
       || ((__HAL_RCC_GET_SYSCLK_SOURCE() == RCC_SYSCLKSOURCE_STATUS_PLLCLK) && (__HAL_RCC_GET_PLL_OSCSOURCE() == RCC_PLLSOURCE_HSI)))
 8009cb4:	685a      	ldr	r2, [r3, #4]
 8009cb6:	f002 020c 	and.w	r2, r2, #12
 8009cba:	2a08      	cmp	r2, #8
 8009cbc:	d03e      	beq.n	8009d3c <HAL_RCC_OscConfig+0x12c>
      }
    }
    else
    {
      /* Check the HSI State */
      if(RCC_OscInitStruct->HSIState != RCC_HSI_OFF)
 8009cbe:	6901      	ldr	r1, [r0, #16]
 8009cc0:	2201      	movs	r2, #1
 8009cc2:	2900      	cmp	r1, #0
 8009cc4:	f000 81eb 	beq.w	800a09e <HAL_RCC_OscConfig+0x48e>
 8009cc8:	fa92 f3a2 	rbit	r3, r2
      {
       /* Enable the Internal High Speed oscillator (HSI). */
        __HAL_RCC_HSI_ENABLE();
 8009ccc:	fab3 f383 	clz	r3, r3
 8009cd0:	f103 5384 	add.w	r3, r3, #276824064	@ 0x10800000
 8009cd4:	f503 1384 	add.w	r3, r3, #1081344	@ 0x108000
 8009cd8:	009b      	lsls	r3, r3, #2
	return hal_sys_tick++;
 8009cda:	4d7e      	ldr	r5, [pc, #504]	@ (8009ed4 <HAL_RCC_OscConfig+0x2c4>)
        __HAL_RCC_HSI_ENABLE();
 8009cdc:	601a      	str	r2, [r3, #0]
	return hal_sys_tick++;
 8009cde:	6829      	ldr	r1, [r5, #0]
 8009ce0:	188b      	adds	r3, r1, r2
 8009ce2:	602b      	str	r3, [r5, #0]
 8009ce4:	2302      	movs	r3, #2
 8009ce6:	fa93 f4a3 	rbit	r4, r3
        
        /* Get Start Tick */
        tickstart = HAL_GetTick();
        
        /* Wait till HSI is ready */
        while(__HAL_RCC_GET_FLAG(RCC_FLAG_HSIRDY) == RESET)
 8009cea:	4e79      	ldr	r6, [pc, #484]	@ (8009ed0 <HAL_RCC_OscConfig+0x2c0>)
 8009cec:	6837      	ldr	r7, [r6, #0]
 8009cee:	fa93 f4a3 	rbit	r4, r3
 8009cf2:	fab4 f484 	clz	r4, r4
 8009cf6:	fa02 f404 	lsl.w	r4, r2, r4
 8009cfa:	423c      	tst	r4, r7
 8009cfc:	f040 82a9 	bne.w	800a252 <HAL_RCC_OscConfig+0x642>
	return hal_sys_tick++;
 8009d00:	18cc      	adds	r4, r1, r3
 8009d02:	602c      	str	r4, [r5, #0]
 8009d04:	fa93 f4a3 	rbit	r4, r3
        while(__HAL_RCC_GET_FLAG(RCC_FLAG_HSIRDY) == RESET)
 8009d08:	6837      	ldr	r7, [r6, #0]
 8009d0a:	fa93 f4a3 	rbit	r4, r3
 8009d0e:	fab4 f484 	clz	r4, r4
 8009d12:	fa02 f404 	lsl.w	r4, r2, r4
 8009d16:	423c      	tst	r4, r7
 8009d18:	f040 829b 	bne.w	800a252 <HAL_RCC_OscConfig+0x642>
	return hal_sys_tick++;
 8009d1c:	1ccc      	adds	r4, r1, #3
 8009d1e:	602c      	str	r4, [r5, #0]
 8009d20:	fa93 f4a3 	rbit	r4, r3
        while(__HAL_RCC_GET_FLAG(RCC_FLAG_HSIRDY) == RESET)
 8009d24:	6834      	ldr	r4, [r6, #0]
 8009d26:	fa93 f3a3 	rbit	r3, r3
 8009d2a:	fab3 f383 	clz	r3, r3
 8009d2e:	409a      	lsls	r2, r3
 8009d30:	4222      	tst	r2, r4
 8009d32:	f040 828e 	bne.w	800a252 <HAL_RCC_OscConfig+0x642>
	return hal_sys_tick++;
 8009d36:	3104      	adds	r1, #4
 8009d38:	6029      	str	r1, [r5, #0]
 8009d3a:	e063      	b.n	8009e04 <HAL_RCC_OscConfig+0x1f4>
       || ((__HAL_RCC_GET_SYSCLK_SOURCE() == RCC_SYSCLKSOURCE_STATUS_PLLCLK) && (__HAL_RCC_GET_PLL_OSCSOURCE() == RCC_PLLSOURCE_HSI)))
 8009d3c:	685b      	ldr	r3, [r3, #4]
 8009d3e:	03db      	lsls	r3, r3, #15
 8009d40:	d4bd      	bmi.n	8009cbe <HAL_RCC_OscConfig+0xae>
 8009d42:	2302      	movs	r3, #2
 8009d44:	fa93 f2a3 	rbit	r2, r3
      if((__HAL_RCC_GET_FLAG(RCC_FLAG_HSIRDY) != RESET) && (RCC_OscInitStruct->HSIState != RCC_HSI_ON))
 8009d48:	4a61      	ldr	r2, [pc, #388]	@ (8009ed0 <HAL_RCC_OscConfig+0x2c0>)
 8009d4a:	6811      	ldr	r1, [r2, #0]
 8009d4c:	fa93 f3a3 	rbit	r3, r3
 8009d50:	2201      	movs	r2, #1
 8009d52:	fab3 f383 	clz	r3, r3
 8009d56:	fa02 f303 	lsl.w	r3, r2, r3
 8009d5a:	420b      	tst	r3, r1
 8009d5c:	f040 8165 	bne.w	800a02a <HAL_RCC_OscConfig+0x41a>
        __HAL_RCC_HSI_CALIBRATIONVALUE_ADJUST(RCC_OscInitStruct->HSICalibrationValue);
 8009d60:	4d5b      	ldr	r5, [pc, #364]	@ (8009ed0 <HAL_RCC_OscConfig+0x2c0>)
 8009d62:	22f8      	movs	r2, #248	@ 0xf8
 8009d64:	6829      	ldr	r1, [r5, #0]
 8009d66:	fa92 f2a2 	rbit	r2, r2
 8009d6a:	6943      	ldr	r3, [r0, #20]
 8009d6c:	fab2 f282 	clz	r2, r2
 8009d70:	f021 01f8 	bic.w	r1, r1, #248	@ 0xf8
 8009d74:	4093      	lsls	r3, r2
 8009d76:	430b      	orrs	r3, r1
 8009d78:	602b      	str	r3, [r5, #0]
        }
      }
    }
  }
  /*------------------------------ LSI Configuration -------------------------*/ 
  if(((RCC_OscInitStruct->OscillatorType) & RCC_OSCILLATORTYPE_LSI) == RCC_OSCILLATORTYPE_LSI)
 8009d7a:	0727      	lsls	r7, r4, #28
 8009d7c:	f140 8083 	bpl.w	8009e86 <HAL_RCC_OscConfig+0x276>
  {
    /* Check the parameters */
    assert_param(IS_RCC_LSI(RCC_OscInitStruct->LSIState));
    
    /* Check the LSI State */
    if(RCC_OscInitStruct->LSIState != RCC_LSI_OFF)
 8009d80:	6984      	ldr	r4, [r0, #24]
 8009d82:	2101      	movs	r1, #1
 8009d84:	2c00      	cmp	r4, #0
 8009d86:	d13f      	bne.n	8009e08 <HAL_RCC_OscConfig+0x1f8>
 8009d88:	fa91 f2a1 	rbit	r2, r1
      }
    }
    else
    {
      /* Disable the Internal Low Speed oscillator (LSI). */
      __HAL_RCC_LSI_DISABLE();
 8009d8c:	4b52      	ldr	r3, [pc, #328]	@ (8009ed8 <HAL_RCC_OscConfig+0x2c8>)
 8009d8e:	fab2 f282 	clz	r2, r2
 8009d92:	4413      	add	r3, r2
 8009d94:	009a      	lsls	r2, r3, #2
	return hal_sys_tick++;
 8009d96:	4b4f      	ldr	r3, [pc, #316]	@ (8009ed4 <HAL_RCC_OscConfig+0x2c4>)
      __HAL_RCC_LSI_DISABLE();
 8009d98:	6014      	str	r4, [r2, #0]
	return hal_sys_tick++;
 8009d9a:	681d      	ldr	r5, [r3, #0]
 8009d9c:	186a      	adds	r2, r5, r1
 8009d9e:	601a      	str	r2, [r3, #0]
 8009da0:	2202      	movs	r2, #2
 8009da2:	fa92 f4a2 	rbit	r4, r2
 8009da6:	fa92 f4a2 	rbit	r4, r2
 8009daa:	fa92 f4a2 	rbit	r4, r2
      
      /* Get Start Tick */
      tickstart = HAL_GetTick();
      
      /* Wait till LSI is disabled */  
      while(__HAL_RCC_GET_FLAG(RCC_FLAG_LSIRDY) != RESET)
 8009dae:	4e48      	ldr	r6, [pc, #288]	@ (8009ed0 <HAL_RCC_OscConfig+0x2c0>)
 8009db0:	6a77      	ldr	r7, [r6, #36]	@ 0x24
 8009db2:	fa92 f4a2 	rbit	r4, r2
 8009db6:	fab4 f484 	clz	r4, r4
 8009dba:	fa01 f404 	lsl.w	r4, r1, r4
 8009dbe:	423c      	tst	r4, r7
 8009dc0:	f000 81d0 	beq.w	800a164 <HAL_RCC_OscConfig+0x554>
 8009dc4:	fa92 f4a2 	rbit	r4, r2
 8009dc8:	fa92 f4a2 	rbit	r4, r2
 8009dcc:	fa92 f4a2 	rbit	r4, r2
 8009dd0:	6a77      	ldr	r7, [r6, #36]	@ 0x24
 8009dd2:	fa92 f4a2 	rbit	r4, r2
 8009dd6:	fab4 f484 	clz	r4, r4
 8009dda:	fa01 f404 	lsl.w	r4, r1, r4
 8009dde:	423c      	tst	r4, r7
 8009de0:	f000 8252 	beq.w	800a288 <HAL_RCC_OscConfig+0x678>
 8009de4:	fa92 f4a2 	rbit	r4, r2
 8009de8:	fa92 f4a2 	rbit	r4, r2
 8009dec:	fa92 f4a2 	rbit	r4, r2
 8009df0:	6a74      	ldr	r4, [r6, #36]	@ 0x24
 8009df2:	fa92 f2a2 	rbit	r2, r2
 8009df6:	fab2 f282 	clz	r2, r2
 8009dfa:	4091      	lsls	r1, r2
 8009dfc:	4221      	tst	r1, r4
 8009dfe:	d03f      	beq.n	8009e80 <HAL_RCC_OscConfig+0x270>
	return hal_sys_tick++;
 8009e00:	3504      	adds	r5, #4
 8009e02:	601d      	str	r5, [r3, #0]
            return HAL_TIMEOUT;
 8009e04:	2003      	movs	r0, #3
 8009e06:	e0f2      	b.n	8009fee <HAL_RCC_OscConfig+0x3de>
 8009e08:	fa91 f2a1 	rbit	r2, r1
      __HAL_RCC_LSI_ENABLE();
 8009e0c:	4b32      	ldr	r3, [pc, #200]	@ (8009ed8 <HAL_RCC_OscConfig+0x2c8>)
 8009e0e:	fab2 f282 	clz	r2, r2
 8009e12:	4413      	add	r3, r2
 8009e14:	009a      	lsls	r2, r3, #2
	return hal_sys_tick++;
 8009e16:	4b2f      	ldr	r3, [pc, #188]	@ (8009ed4 <HAL_RCC_OscConfig+0x2c4>)
      __HAL_RCC_LSI_ENABLE();
 8009e18:	6011      	str	r1, [r2, #0]
	return hal_sys_tick++;
 8009e1a:	681d      	ldr	r5, [r3, #0]
 8009e1c:	186a      	adds	r2, r5, r1
 8009e1e:	601a      	str	r2, [r3, #0]
 8009e20:	2202      	movs	r2, #2
 8009e22:	fa92 f4a2 	rbit	r4, r2
 8009e26:	fa92 f4a2 	rbit	r4, r2
 8009e2a:	fa92 f4a2 	rbit	r4, r2
      while(__HAL_RCC_GET_FLAG(RCC_FLAG_LSIRDY) == RESET)
 8009e2e:	4e28      	ldr	r6, [pc, #160]	@ (8009ed0 <HAL_RCC_OscConfig+0x2c0>)
 8009e30:	6a77      	ldr	r7, [r6, #36]	@ 0x24
 8009e32:	fa92 f4a2 	rbit	r4, r2
 8009e36:	fab4 f484 	clz	r4, r4
 8009e3a:	fa01 f404 	lsl.w	r4, r1, r4
 8009e3e:	423c      	tst	r4, r7
 8009e40:	f040 8190 	bne.w	800a164 <HAL_RCC_OscConfig+0x554>
 8009e44:	fa92 f4a2 	rbit	r4, r2
 8009e48:	fa92 f4a2 	rbit	r4, r2
 8009e4c:	fa92 f4a2 	rbit	r4, r2
 8009e50:	6a77      	ldr	r7, [r6, #36]	@ 0x24
 8009e52:	fa92 f4a2 	rbit	r4, r2
 8009e56:	fab4 f484 	clz	r4, r4
 8009e5a:	fa01 f404 	lsl.w	r4, r1, r4
 8009e5e:	423c      	tst	r4, r7
 8009e60:	f040 8212 	bne.w	800a288 <HAL_RCC_OscConfig+0x678>
 8009e64:	fa92 f4a2 	rbit	r4, r2
 8009e68:	fa92 f4a2 	rbit	r4, r2
 8009e6c:	fa92 f4a2 	rbit	r4, r2
 8009e70:	6a74      	ldr	r4, [r6, #36]	@ 0x24
 8009e72:	fa92 f2a2 	rbit	r2, r2
 8009e76:	fab2 f282 	clz	r2, r2
 8009e7a:	4091      	lsls	r1, r2
 8009e7c:	4221      	tst	r1, r4
 8009e7e:	d0bf      	beq.n	8009e00 <HAL_RCC_OscConfig+0x1f0>
	return hal_sys_tick++;
 8009e80:	3503      	adds	r5, #3
        }
      }
    }
  }
  /*------------------------------ LSE Configuration -------------------------*/ 
  if(((RCC_OscInitStruct->OscillatorType) & RCC_OSCILLATORTYPE_LSE) == RCC_OSCILLATORTYPE_LSE)
 8009e82:	6804      	ldr	r4, [r0, #0]
 8009e84:	601d      	str	r5, [r3, #0]
 8009e86:	0766      	lsls	r6, r4, #29
 8009e88:	d57b      	bpl.n	8009f82 <HAL_RCC_OscConfig+0x372>
    /* Check the parameters */
    assert_param(IS_RCC_LSE(RCC_OscInitStruct->LSEState));

    /* Update LSE configuration in Backup Domain control register    */
    /* Requires to enable write access to Backup Domain of necessary */
    if(__HAL_RCC_PWR_IS_CLK_DISABLED())
 8009e8a:	4b11      	ldr	r3, [pc, #68]	@ (8009ed0 <HAL_RCC_OscConfig+0x2c0>)
 8009e8c:	69da      	ldr	r2, [r3, #28]
 8009e8e:	00d5      	lsls	r5, r2, #3
 8009e90:	f100 80c9 	bmi.w	800a026 <HAL_RCC_OscConfig+0x416>
    {
      __HAL_RCC_PWR_CLK_ENABLE();
 8009e94:	69da      	ldr	r2, [r3, #28]
 8009e96:	f042 5280 	orr.w	r2, r2, #268435456	@ 0x10000000
 8009e9a:	61da      	str	r2, [r3, #28]
 8009e9c:	69db      	ldr	r3, [r3, #28]
 8009e9e:	f003 5380 	and.w	r3, r3, #268435456	@ 0x10000000
 8009ea2:	9301      	str	r3, [sp, #4]
 8009ea4:	9b01      	ldr	r3, [sp, #4]
      pwrclkchanged = SET;
 8009ea6:	2501      	movs	r5, #1
    }
    
    if(HAL_IS_BIT_CLR(PWR->CR, PWR_CR_DBP))
 8009ea8:	4e0c      	ldr	r6, [pc, #48]	@ (8009edc <HAL_RCC_OscConfig+0x2cc>)
	return hal_sys_tick++;
 8009eaa:	4b0a      	ldr	r3, [pc, #40]	@ (8009ed4 <HAL_RCC_OscConfig+0x2c4>)
    if(HAL_IS_BIT_CLR(PWR->CR, PWR_CR_DBP))
 8009eac:	6831      	ldr	r1, [r6, #0]
	return hal_sys_tick++;
 8009eae:	681a      	ldr	r2, [r3, #0]
    if(HAL_IS_BIT_CLR(PWR->CR, PWR_CR_DBP))
 8009eb0:	f411 7180 	ands.w	r1, r1, #256	@ 0x100
 8009eb4:	d121      	bne.n	8009efa <HAL_RCC_OscConfig+0x2ea>
    {
      /* Enable write access to Backup domain */
      SET_BIT(PWR->CR, PWR_CR_DBP);
 8009eb6:	6834      	ldr	r4, [r6, #0]
	return hal_sys_tick++;
 8009eb8:	f102 0c01 	add.w	ip, r2, #1
      SET_BIT(PWR->CR, PWR_CR_DBP);
 8009ebc:	f444 7480 	orr.w	r4, r4, #256	@ 0x100
 8009ec0:	6034      	str	r4, [r6, #0]
 8009ec2:	f102 0766 	add.w	r7, r2, #102	@ 0x66
	return hal_sys_tick++;
 8009ec6:	f8c3 c000 	str.w	ip, [r3]
      
      /* Wait for Backup domain Write protection disable */
      tickstart = HAL_GetTick();

      while(HAL_IS_BIT_CLR(PWR->CR, PWR_CR_DBP))
 8009eca:	4662      	mov	r2, ip
 8009ecc:	e00e      	b.n	8009eec <HAL_RCC_OscConfig+0x2dc>
 8009ece:	bf00      	nop
 8009ed0:	40021000 	.word	0x40021000
 8009ed4:	20001348 	.word	0x20001348
 8009ed8:	10908120 	.word	0x10908120
 8009edc:	40007000 	.word	0x40007000
	return hal_sys_tick++;
 8009ee0:	3201      	adds	r2, #1
      {
        if((HAL_GetTick() - tickstart) > RCC_DBP_TIMEOUT_VALUE)
 8009ee2:	4297      	cmp	r7, r2
 8009ee4:	f04f 0101 	mov.w	r1, #1
 8009ee8:	f000 813a 	beq.w	800a160 <HAL_RCC_OscConfig+0x550>
      while(HAL_IS_BIT_CLR(PWR->CR, PWR_CR_DBP))
 8009eec:	6834      	ldr	r4, [r6, #0]
 8009eee:	05e4      	lsls	r4, r4, #23
 8009ef0:	d5f6      	bpl.n	8009ee0 <HAL_RCC_OscConfig+0x2d0>
 8009ef2:	2900      	cmp	r1, #0
 8009ef4:	f000 813e 	beq.w	800a174 <HAL_RCC_OscConfig+0x564>
 8009ef8:	601a      	str	r2, [r3, #0]
        }
      }
    }

    /* Set the new LSE configuration -----------------------------------------*/
    __HAL_RCC_LSE_CONFIG(RCC_OscInitStruct->LSEState);
 8009efa:	68c7      	ldr	r7, [r0, #12]
 8009efc:	2f01      	cmp	r7, #1
	return hal_sys_tick++;
 8009efe:	f102 0401 	add.w	r4, r2, #1
    __HAL_RCC_LSE_CONFIG(RCC_OscInitStruct->LSEState);
 8009f02:	f000 8103 	beq.w	800a10c <HAL_RCC_OscConfig+0x4fc>
 8009f06:	b167      	cbz	r7, 8009f22 <HAL_RCC_OscConfig+0x312>
 8009f08:	49ac      	ldr	r1, [pc, #688]	@ (800a1bc <HAL_RCC_OscConfig+0x5ac>)
 8009f0a:	2f05      	cmp	r7, #5
 8009f0c:	6a0e      	ldr	r6, [r1, #32]
 8009f0e:	f000 8133 	beq.w	800a178 <HAL_RCC_OscConfig+0x568>
 8009f12:	f026 0601 	bic.w	r6, r6, #1
 8009f16:	620e      	str	r6, [r1, #32]
 8009f18:	6a0e      	ldr	r6, [r1, #32]
 8009f1a:	f026 0604 	bic.w	r6, r6, #4
 8009f1e:	620e      	str	r6, [r1, #32]
    /* Check the LSE State */
    if(RCC_OscInitStruct->LSEState != RCC_LSE_OFF)
 8009f20:	e0f9      	b.n	800a116 <HAL_RCC_OscConfig+0x506>
    __HAL_RCC_LSE_CONFIG(RCC_OscInitStruct->LSEState);
 8009f22:	f8df e298 	ldr.w	lr, [pc, #664]	@ 800a1bc <HAL_RCC_OscConfig+0x5ac>
 8009f26:	f502 519c 	add.w	r1, r2, #4992	@ 0x1380
 8009f2a:	f8de 2020 	ldr.w	r2, [lr, #32]
 8009f2e:	f022 0201 	bic.w	r2, r2, #1
 8009f32:	f8ce 2020 	str.w	r2, [lr, #32]
 8009f36:	f8de 2020 	ldr.w	r2, [lr, #32]
 8009f3a:	f022 0204 	bic.w	r2, r2, #4
 8009f3e:	f8ce 2020 	str.w	r2, [lr, #32]
	return hal_sys_tick++;
 8009f42:	310a      	adds	r1, #10
 8009f44:	f04f 0c02 	mov.w	ip, #2
 8009f48:	601c      	str	r4, [r3, #0]
    {
      /* Get Start Tick */
      tickstart = HAL_GetTick();
      
      /* Wait till LSE is disabled */  
      while(__HAL_RCC_GET_FLAG(RCC_FLAG_LSERDY) != RESET)
 8009f4a:	f04f 0801 	mov.w	r8, #1
 8009f4e:	e005      	b.n	8009f5c <HAL_RCC_OscConfig+0x34c>
	return hal_sys_tick++;
 8009f50:	3401      	adds	r4, #1
      {
        if((HAL_GetTick() - tickstart ) > RCC_LSE_TIMEOUT_VALUE)
 8009f52:	428c      	cmp	r4, r1
 8009f54:	f04f 0701 	mov.w	r7, #1
 8009f58:	f000 8177 	beq.w	800a24a <HAL_RCC_OscConfig+0x63a>
 8009f5c:	fa9c f2ac 	rbit	r2, ip
 8009f60:	fa9c f2ac 	rbit	r2, ip
      while(__HAL_RCC_GET_FLAG(RCC_FLAG_LSERDY) != RESET)
 8009f64:	f8de 6020 	ldr.w	r6, [lr, #32]
 8009f68:	fa9c f2ac 	rbit	r2, ip
 8009f6c:	fab2 f282 	clz	r2, r2
 8009f70:	fa08 f202 	lsl.w	r2, r8, r2
 8009f74:	4232      	tst	r2, r6
 8009f76:	d1eb      	bne.n	8009f50 <HAL_RCC_OscConfig+0x340>
 8009f78:	b107      	cbz	r7, 8009f7c <HAL_RCC_OscConfig+0x36c>
 8009f7a:	601c      	str	r4, [r3, #0]
        }
      }
    }

    /* Require to disable power clock if necessary */
    if(pwrclkchanged == SET)
 8009f7c:	2d00      	cmp	r5, #0
 8009f7e:	f040 80f3 	bne.w	800a168 <HAL_RCC_OscConfig+0x558>
  }

  /*-------------------------------- PLL Configuration -----------------------*/
  /* Check the parameters */
  assert_param(IS_RCC_PLL(RCC_OscInitStruct->PLL.PLLState));
  if ((RCC_OscInitStruct->PLL.PLLState) != RCC_PLL_NONE)
 8009f82:	69c3      	ldr	r3, [r0, #28]
 8009f84:	b393      	cbz	r3, 8009fec <HAL_RCC_OscConfig+0x3dc>
  {
    /* Check if the PLL is used as system clock or not */
    if(__HAL_RCC_GET_SYSCLK_SOURCE() != RCC_SYSCLKSOURCE_STATUS_PLLCLK)
 8009f86:	4d8d      	ldr	r5, [pc, #564]	@ (800a1bc <HAL_RCC_OscConfig+0x5ac>)
 8009f88:	686a      	ldr	r2, [r5, #4]
 8009f8a:	f002 020c 	and.w	r2, r2, #12
 8009f8e:	2a08      	cmp	r2, #8
 8009f90:	d04f      	beq.n	800a032 <HAL_RCC_OscConfig+0x422>
    { 
      if((RCC_OscInitStruct->PLL.PLLState) == RCC_PLL_ON)
 8009f92:	2b02      	cmp	r3, #2
 8009f94:	f04f 7380 	mov.w	r3, #16777216	@ 0x1000000
 8009f98:	f000 80f6 	beq.w	800a188 <HAL_RCC_OscConfig+0x578>
 8009f9c:	fa93 f3a3 	rbit	r3, r3
        }
      }
      else
      {
        /* Disable the main PLL. */
        __HAL_RCC_PLL_DISABLE();
 8009fa0:	fab3 f383 	clz	r3, r3
 8009fa4:	f103 5384 	add.w	r3, r3, #276824064	@ 0x10800000
 8009fa8:	f503 1384 	add.w	r3, r3, #1081344	@ 0x108000
 8009fac:	009a      	lsls	r2, r3, #2
 8009fae:	2100      	movs	r1, #0
	return hal_sys_tick++;
 8009fb0:	4b83      	ldr	r3, [pc, #524]	@ (800a1c0 <HAL_RCC_OscConfig+0x5b0>)
        __HAL_RCC_PLL_DISABLE();
 8009fb2:	6011      	str	r1, [r2, #0]
	return hal_sys_tick++;
 8009fb4:	6819      	ldr	r1, [r3, #0]
 8009fb6:	1c4a      	adds	r2, r1, #1
 8009fb8:	f501 3643 	add.w	r6, r1, #199680	@ 0x30c00
 8009fbc:	601a      	str	r2, [r3, #0]
 
        /* Get Start Tick */
        tickstart = HAL_GetTick();
        
        /* Wait till PLL is disabled */  
        while(__HAL_RCC_GET_FLAG(RCC_FLAG_PLLRDY)  != RESET)
 8009fbe:	3102      	adds	r1, #2
 8009fc0:	f206 1643 	addw	r6, r6, #323	@ 0x143
 8009fc4:	f04f 7000 	mov.w	r0, #33554432	@ 0x2000000
 8009fc8:	2701      	movs	r7, #1
 8009fca:	e004      	b.n	8009fd6 <HAL_RCC_OscConfig+0x3c6>
	return hal_sys_tick++;
 8009fcc:	6019      	str	r1, [r3, #0]
        {
          if((HAL_GetTick() - tickstart ) > PLL_TIMEOUT_VALUE)
 8009fce:	3101      	adds	r1, #1
 8009fd0:	42b1      	cmp	r1, r6
 8009fd2:	f43f af17 	beq.w	8009e04 <HAL_RCC_OscConfig+0x1f4>
 8009fd6:	fa90 f2a0 	rbit	r2, r0
        while(__HAL_RCC_GET_FLAG(RCC_FLAG_PLLRDY)  != RESET)
 8009fda:	682c      	ldr	r4, [r5, #0]
 8009fdc:	fa90 f2a0 	rbit	r2, r0
 8009fe0:	fab2 f282 	clz	r2, r2
 8009fe4:	fa07 f202 	lsl.w	r2, r7, r2
 8009fe8:	4222      	tst	r2, r4
 8009fea:	d1ef      	bne.n	8009fcc <HAL_RCC_OscConfig+0x3bc>
    {
      return HAL_ERROR;
    }
  }
  
  return HAL_OK;
 8009fec:	2000      	movs	r0, #0
}
 8009fee:	b002      	add	sp, #8
 8009ff0:	e8bd 81f0 	ldmia.w	sp!, {r4, r5, r6, r7, r8, pc}
       || ((__HAL_RCC_GET_SYSCLK_SOURCE() == RCC_SYSCLKSOURCE_STATUS_PLLCLK) && (__HAL_RCC_GET_PLL_OSCSOURCE() == RCC_PLLSOURCE_HSE)))
 8009ff4:	6853      	ldr	r3, [r2, #4]
 8009ff6:	03da      	lsls	r2, r3, #15
 8009ff8:	f57f ae1d 	bpl.w	8009c36 <HAL_RCC_OscConfig+0x26>
 8009ffc:	f44f 3300 	mov.w	r3, #131072	@ 0x20000
 800a000:	fa93 f2a3 	rbit	r2, r3
      if((__HAL_RCC_GET_FLAG(RCC_FLAG_HSERDY) != RESET) && (RCC_OscInitStruct->HSEState == RCC_HSE_OFF))
 800a004:	4a6d      	ldr	r2, [pc, #436]	@ (800a1bc <HAL_RCC_OscConfig+0x5ac>)
 800a006:	6811      	ldr	r1, [r2, #0]
 800a008:	fa93 f3a3 	rbit	r3, r3
 800a00c:	2201      	movs	r2, #1
 800a00e:	fab3 f383 	clz	r3, r3
 800a012:	fa02 f303 	lsl.w	r3, r2, r3
 800a016:	420b      	tst	r3, r1
 800a018:	f43f ae45 	beq.w	8009ca6 <HAL_RCC_OscConfig+0x96>
 800a01c:	6843      	ldr	r3, [r0, #4]
 800a01e:	2b00      	cmp	r3, #0
 800a020:	f47f ae41 	bne.w	8009ca6 <HAL_RCC_OscConfig+0x96>
 800a024:	e005      	b.n	800a032 <HAL_RCC_OscConfig+0x422>
    FlagStatus       pwrclkchanged = RESET;
 800a026:	2500      	movs	r5, #0
 800a028:	e73e      	b.n	8009ea8 <HAL_RCC_OscConfig+0x298>
      if((__HAL_RCC_GET_FLAG(RCC_FLAG_HSIRDY) != RESET) && (RCC_OscInitStruct->HSIState != RCC_HSI_ON))
 800a02a:	6903      	ldr	r3, [r0, #16]
 800a02c:	4293      	cmp	r3, r2
 800a02e:	f43f ae97 	beq.w	8009d60 <HAL_RCC_OscConfig+0x150>
        return HAL_ERROR;
 800a032:	2001      	movs	r0, #1
}
 800a034:	b002      	add	sp, #8
 800a036:	e8bd 81f0 	ldmia.w	sp!, {r4, r5, r6, r7, r8, pc}
      __HAL_RCC_HSE_CONFIG(RCC_OscInitStruct->HSEState);
 800a03a:	4e60      	ldr	r6, [pc, #384]	@ (800a1bc <HAL_RCC_OscConfig+0x5ac>)
 800a03c:	6831      	ldr	r1, [r6, #0]
 800a03e:	f441 3180 	orr.w	r1, r1, #65536	@ 0x10000
 800a042:	6031      	str	r1, [r6, #0]
      __HAL_RCC_HSE_PREDIV_CONFIG(RCC_OscInitStruct->HSEPredivValue);
 800a044:	6af1      	ldr	r1, [r6, #44]	@ 0x2c
 800a046:	f021 010f 	bic.w	r1, r1, #15
 800a04a:	4329      	orrs	r1, r5
 800a04c:	62f1      	str	r1, [r6, #44]	@ 0x2c
      if(RCC_OscInitStruct->HSEState != RCC_HSE_OFF)
 800a04e:	e611      	b.n	8009c74 <HAL_RCC_OscConfig+0x64>
      __HAL_RCC_HSE_CONFIG(RCC_OscInitStruct->HSEState);
 800a050:	4e5a      	ldr	r6, [pc, #360]	@ (800a1bc <HAL_RCC_OscConfig+0x5ac>)
 800a052:	1c91      	adds	r1, r2, #2
 800a054:	f102 0e67 	add.w	lr, r2, #103	@ 0x67
 800a058:	6832      	ldr	r2, [r6, #0]
 800a05a:	f422 3280 	bic.w	r2, r2, #65536	@ 0x10000
 800a05e:	6032      	str	r2, [r6, #0]
 800a060:	6832      	ldr	r2, [r6, #0]
 800a062:	f422 2280 	bic.w	r2, r2, #262144	@ 0x40000
 800a066:	6032      	str	r2, [r6, #0]
      __HAL_RCC_HSE_PREDIV_CONFIG(RCC_OscInitStruct->HSEPredivValue);
 800a068:	6af2      	ldr	r2, [r6, #44]	@ 0x2c
 800a06a:	f022 020f 	bic.w	r2, r2, #15
 800a06e:	432a      	orrs	r2, r5
 800a070:	62f2      	str	r2, [r6, #44]	@ 0x2c
 800a072:	f44f 3c00 	mov.w	ip, #131072	@ 0x20000
	return hal_sys_tick++;
 800a076:	601f      	str	r7, [r3, #0]
        while(__HAL_RCC_GET_FLAG(RCC_FLAG_HSERDY) != RESET)
 800a078:	2701      	movs	r7, #1
 800a07a:	e004      	b.n	800a086 <HAL_RCC_OscConfig+0x476>
	return hal_sys_tick++;
 800a07c:	6019      	str	r1, [r3, #0]
           if((HAL_GetTick() - tickstart ) > HSE_TIMEOUT_VALUE)
 800a07e:	3101      	adds	r1, #1
 800a080:	4571      	cmp	r1, lr
 800a082:	f43f aebf 	beq.w	8009e04 <HAL_RCC_OscConfig+0x1f4>
 800a086:	fa9c f2ac 	rbit	r2, ip
        while(__HAL_RCC_GET_FLAG(RCC_FLAG_HSERDY) != RESET)
 800a08a:	6835      	ldr	r5, [r6, #0]
 800a08c:	fa9c f2ac 	rbit	r2, ip
 800a090:	fab2 f282 	clz	r2, r2
 800a094:	fa07 f202 	lsl.w	r2, r7, r2
 800a098:	422a      	tst	r2, r5
 800a09a:	d1ef      	bne.n	800a07c <HAL_RCC_OscConfig+0x46c>
 800a09c:	e603      	b.n	8009ca6 <HAL_RCC_OscConfig+0x96>
 800a09e:	fa92 f3a2 	rbit	r3, r2
        __HAL_RCC_HSI_DISABLE();
 800a0a2:	fab3 f383 	clz	r3, r3
 800a0a6:	f103 5384 	add.w	r3, r3, #276824064	@ 0x10800000
 800a0aa:	f503 1384 	add.w	r3, r3, #1081344	@ 0x108000
 800a0ae:	009b      	lsls	r3, r3, #2
	return hal_sys_tick++;
 800a0b0:	4d43      	ldr	r5, [pc, #268]	@ (800a1c0 <HAL_RCC_OscConfig+0x5b0>)
        __HAL_RCC_HSI_DISABLE();
 800a0b2:	6019      	str	r1, [r3, #0]
	return hal_sys_tick++;
 800a0b4:	6829      	ldr	r1, [r5, #0]
 800a0b6:	188b      	adds	r3, r1, r2
 800a0b8:	602b      	str	r3, [r5, #0]
 800a0ba:	2302      	movs	r3, #2
 800a0bc:	fa93 f4a3 	rbit	r4, r3
        while(__HAL_RCC_GET_FLAG(RCC_FLAG_HSIRDY) != RESET)
 800a0c0:	4e3e      	ldr	r6, [pc, #248]	@ (800a1bc <HAL_RCC_OscConfig+0x5ac>)
 800a0c2:	6837      	ldr	r7, [r6, #0]
 800a0c4:	fa93 f4a3 	rbit	r4, r3
 800a0c8:	fab4 f484 	clz	r4, r4
 800a0cc:	fa02 f404 	lsl.w	r4, r2, r4
 800a0d0:	423c      	tst	r4, r7
 800a0d2:	d019      	beq.n	800a108 <HAL_RCC_OscConfig+0x4f8>
	return hal_sys_tick++;
 800a0d4:	18cc      	adds	r4, r1, r3
 800a0d6:	602c      	str	r4, [r5, #0]
 800a0d8:	fa93 f4a3 	rbit	r4, r3
        while(__HAL_RCC_GET_FLAG(RCC_FLAG_HSIRDY) != RESET)
 800a0dc:	6837      	ldr	r7, [r6, #0]
 800a0de:	fa93 f4a3 	rbit	r4, r3
 800a0e2:	fab4 f484 	clz	r4, r4
 800a0e6:	fa02 f404 	lsl.w	r4, r2, r4
 800a0ea:	423c      	tst	r4, r7
 800a0ec:	d00c      	beq.n	800a108 <HAL_RCC_OscConfig+0x4f8>
	return hal_sys_tick++;
 800a0ee:	1ccc      	adds	r4, r1, #3
 800a0f0:	602c      	str	r4, [r5, #0]
 800a0f2:	fa93 f4a3 	rbit	r4, r3
        while(__HAL_RCC_GET_FLAG(RCC_FLAG_HSIRDY) != RESET)
 800a0f6:	6834      	ldr	r4, [r6, #0]
 800a0f8:	fa93 f3a3 	rbit	r3, r3
 800a0fc:	fab3 f383 	clz	r3, r3
 800a100:	409a      	lsls	r2, r3
 800a102:	4222      	tst	r2, r4
 800a104:	f47f ae17 	bne.w	8009d36 <HAL_RCC_OscConfig+0x126>
  if(((RCC_OscInitStruct->OscillatorType) & RCC_OSCILLATORTYPE_LSI) == RCC_OSCILLATORTYPE_LSI)
 800a108:	6804      	ldr	r4, [r0, #0]
 800a10a:	e636      	b.n	8009d7a <HAL_RCC_OscConfig+0x16a>
    __HAL_RCC_LSE_CONFIG(RCC_OscInitStruct->LSEState);
 800a10c:	4e2b      	ldr	r6, [pc, #172]	@ (800a1bc <HAL_RCC_OscConfig+0x5ac>)
 800a10e:	6a31      	ldr	r1, [r6, #32]
 800a110:	f041 0101 	orr.w	r1, r1, #1
 800a114:	6231      	str	r1, [r6, #32]
	return hal_sys_tick++;
 800a116:	f502 519c 	add.w	r1, r2, #4992	@ 0x1380
      while(__HAL_RCC_GET_FLAG(RCC_FLAG_LSERDY) == RESET)
 800a11a:	f8df e0a0 	ldr.w	lr, [pc, #160]	@ 800a1bc <HAL_RCC_OscConfig+0x5ac>
	return hal_sys_tick++;
 800a11e:	601c      	str	r4, [r3, #0]
      while(__HAL_RCC_GET_FLAG(RCC_FLAG_LSERDY) == RESET)
 800a120:	310a      	adds	r1, #10
 800a122:	f04f 0800 	mov.w	r8, #0
 800a126:	f04f 0c02 	mov.w	ip, #2
 800a12a:	2701      	movs	r7, #1
 800a12c:	e005      	b.n	800a13a <HAL_RCC_OscConfig+0x52a>
	return hal_sys_tick++;
 800a12e:	3401      	adds	r4, #1
        if((HAL_GetTick() - tickstart ) > RCC_LSE_TIMEOUT_VALUE)
 800a130:	42a1      	cmp	r1, r4
 800a132:	f04f 0801 	mov.w	r8, #1
 800a136:	f000 808a 	beq.w	800a24e <HAL_RCC_OscConfig+0x63e>
 800a13a:	fa9c f2ac 	rbit	r2, ip
 800a13e:	fa9c f2ac 	rbit	r2, ip
      while(__HAL_RCC_GET_FLAG(RCC_FLAG_LSERDY) == RESET)
 800a142:	f8de 6020 	ldr.w	r6, [lr, #32]
 800a146:	fa9c f2ac 	rbit	r2, ip
 800a14a:	fab2 f282 	clz	r2, r2
 800a14e:	fa07 f202 	lsl.w	r2, r7, r2
 800a152:	4232      	tst	r2, r6
 800a154:	d0eb      	beq.n	800a12e <HAL_RCC_OscConfig+0x51e>
 800a156:	f1b8 0f00 	cmp.w	r8, #0
 800a15a:	f47f af0e 	bne.w	8009f7a <HAL_RCC_OscConfig+0x36a>
 800a15e:	e70d      	b.n	8009f7c <HAL_RCC_OscConfig+0x36c>
 800a160:	601f      	str	r7, [r3, #0]
 800a162:	e64f      	b.n	8009e04 <HAL_RCC_OscConfig+0x1f4>
  if(((RCC_OscInitStruct->OscillatorType) & RCC_OSCILLATORTYPE_LSE) == RCC_OSCILLATORTYPE_LSE)
 800a164:	6804      	ldr	r4, [r0, #0]
 800a166:	e68e      	b.n	8009e86 <HAL_RCC_OscConfig+0x276>
      __HAL_RCC_PWR_CLK_DISABLE();
 800a168:	4a14      	ldr	r2, [pc, #80]	@ (800a1bc <HAL_RCC_OscConfig+0x5ac>)
 800a16a:	69d3      	ldr	r3, [r2, #28]
 800a16c:	f023 5380 	bic.w	r3, r3, #268435456	@ 0x10000000
 800a170:	61d3      	str	r3, [r2, #28]
 800a172:	e706      	b.n	8009f82 <HAL_RCC_OscConfig+0x372>
      while(HAL_IS_BIT_CLR(PWR->CR, PWR_CR_DBP))
 800a174:	4662      	mov	r2, ip
 800a176:	e6c0      	b.n	8009efa <HAL_RCC_OscConfig+0x2ea>
    __HAL_RCC_LSE_CONFIG(RCC_OscInitStruct->LSEState);
 800a178:	f046 0604 	orr.w	r6, r6, #4
 800a17c:	620e      	str	r6, [r1, #32]
 800a17e:	6a0e      	ldr	r6, [r1, #32]
 800a180:	f046 0601 	orr.w	r6, r6, #1
 800a184:	620e      	str	r6, [r1, #32]
    if(RCC_OscInitStruct->LSEState != RCC_LSE_OFF)
 800a186:	e7c6      	b.n	800a116 <HAL_RCC_OscConfig+0x506>
 800a188:	fa93 f3a3 	rbit	r3, r3
        __HAL_RCC_PLL_DISABLE();
 800a18c:	fab3 f383 	clz	r3, r3
 800a190:	f103 5384 	add.w	r3, r3, #276824064	@ 0x10800000
 800a194:	f503 1384 	add.w	r3, r3, #1081344	@ 0x108000
 800a198:	009a      	lsls	r2, r3, #2
 800a19a:	2100      	movs	r1, #0
	return hal_sys_tick++;
 800a19c:	4b08      	ldr	r3, [pc, #32]	@ (800a1c0 <HAL_RCC_OscConfig+0x5b0>)
        __HAL_RCC_PLL_DISABLE();
 800a19e:	6011      	str	r1, [r2, #0]
	return hal_sys_tick++;
 800a1a0:	681f      	ldr	r7, [r3, #0]
 800a1a2:	1c7a      	adds	r2, r7, #1
 800a1a4:	1cb9      	adds	r1, r7, #2
 800a1a6:	f507 3743 	add.w	r7, r7, #199680	@ 0x30c00
 800a1aa:	601a      	str	r2, [r3, #0]
        while(__HAL_RCC_GET_FLAG(RCC_FLAG_PLLRDY)  != RESET)
 800a1ac:	f207 1743 	addw	r7, r7, #323	@ 0x143
 800a1b0:	f04f 7400 	mov.w	r4, #33554432	@ 0x2000000
 800a1b4:	f04f 0c01 	mov.w	ip, #1
 800a1b8:	e009      	b.n	800a1ce <HAL_RCC_OscConfig+0x5be>
 800a1ba:	bf00      	nop
 800a1bc:	40021000 	.word	0x40021000
 800a1c0:	20001348 	.word	0x20001348
	return hal_sys_tick++;
 800a1c4:	6019      	str	r1, [r3, #0]
          if((HAL_GetTick() - tickstart ) > PLL_TIMEOUT_VALUE)
 800a1c6:	3101      	adds	r1, #1
 800a1c8:	428f      	cmp	r7, r1
 800a1ca:	f43f ae1b 	beq.w	8009e04 <HAL_RCC_OscConfig+0x1f4>
 800a1ce:	fa94 f2a4 	rbit	r2, r4
        while(__HAL_RCC_GET_FLAG(RCC_FLAG_PLLRDY)  != RESET)
 800a1d2:	682e      	ldr	r6, [r5, #0]
 800a1d4:	fa94 f2a4 	rbit	r2, r4
 800a1d8:	fab2 f282 	clz	r2, r2
 800a1dc:	fa0c f202 	lsl.w	r2, ip, r2
 800a1e0:	4232      	tst	r2, r6
 800a1e2:	d1ef      	bne.n	800a1c4 <HAL_RCC_OscConfig+0x5b4>
      __HAL_RCC_PLL_CONFIG(RCC_OscInitStruct->PLL.PLLSource,
 800a1e4:	e9d0 0208 	ldrd	r0, r2, [r0, #32]
 800a1e8:	6869      	ldr	r1, [r5, #4]
 800a1ea:	4302      	orrs	r2, r0
 800a1ec:	f421 1174 	bic.w	r1, r1, #3997696	@ 0x3d0000
 800a1f0:	430a      	orrs	r2, r1
 800a1f2:	606a      	str	r2, [r5, #4]
 800a1f4:	f04f 7280 	mov.w	r2, #16777216	@ 0x1000000
 800a1f8:	fa92 f2a2 	rbit	r2, r2
        __HAL_RCC_PLL_ENABLE();
 800a1fc:	fab2 f282 	clz	r2, r2
 800a200:	f102 5284 	add.w	r2, r2, #276824064	@ 0x10800000
 800a204:	f502 1284 	add.w	r2, r2, #1081344	@ 0x108000
 800a208:	0092      	lsls	r2, r2, #2
        while(__HAL_RCC_GET_FLAG(RCC_FLAG_PLLRDY)  == RESET)
 800a20a:	4f20      	ldr	r7, [pc, #128]	@ (800a28c <HAL_RCC_OscConfig+0x67c>)
        __HAL_RCC_PLL_ENABLE();
 800a20c:	f8c2 c000 	str.w	ip, [r2]
	return hal_sys_tick++;
 800a210:	681d      	ldr	r5, [r3, #0]
 800a212:	1c6a      	adds	r2, r5, #1
 800a214:	1ca9      	adds	r1, r5, #2
 800a216:	f505 3543 	add.w	r5, r5, #199680	@ 0x30c00
 800a21a:	f04f 7000 	mov.w	r0, #33554432	@ 0x2000000
 800a21e:	601a      	str	r2, [r3, #0]
        while(__HAL_RCC_GET_FLAG(RCC_FLAG_PLLRDY)  == RESET)
 800a220:	f205 1543 	addw	r5, r5, #323	@ 0x143
 800a224:	2601      	movs	r6, #1
 800a226:	e004      	b.n	800a232 <HAL_RCC_OscConfig+0x622>
	return hal_sys_tick++;
 800a228:	6019      	str	r1, [r3, #0]
          if((HAL_GetTick() - tickstart ) > PLL_TIMEOUT_VALUE)
 800a22a:	3101      	adds	r1, #1
 800a22c:	42a9      	cmp	r1, r5
 800a22e:	f43f ade9 	beq.w	8009e04 <HAL_RCC_OscConfig+0x1f4>
 800a232:	fa90 f2a0 	rbit	r2, r0
        while(__HAL_RCC_GET_FLAG(RCC_FLAG_PLLRDY)  == RESET)
 800a236:	683c      	ldr	r4, [r7, #0]
 800a238:	fa90 f2a0 	rbit	r2, r0
 800a23c:	fab2 f282 	clz	r2, r2
 800a240:	fa06 f202 	lsl.w	r2, r6, r2
 800a244:	4222      	tst	r2, r4
 800a246:	d0ef      	beq.n	800a228 <HAL_RCC_OscConfig+0x618>
 800a248:	e6d0      	b.n	8009fec <HAL_RCC_OscConfig+0x3dc>
 800a24a:	601c      	str	r4, [r3, #0]
 800a24c:	e5da      	b.n	8009e04 <HAL_RCC_OscConfig+0x1f4>
 800a24e:	6019      	str	r1, [r3, #0]
 800a250:	e5d8      	b.n	8009e04 <HAL_RCC_OscConfig+0x1f4>
        __HAL_RCC_HSI_CALIBRATIONVALUE_ADJUST(RCC_OscInitStruct->HSICalibrationValue);
 800a252:	4c0e      	ldr	r4, [pc, #56]	@ (800a28c <HAL_RCC_OscConfig+0x67c>)
 800a254:	22f8      	movs	r2, #248	@ 0xf8
 800a256:	6821      	ldr	r1, [r4, #0]
 800a258:	fa92 f2a2 	rbit	r2, r2
 800a25c:	6943      	ldr	r3, [r0, #20]
 800a25e:	fab2 f282 	clz	r2, r2
 800a262:	4093      	lsls	r3, r2
 800a264:	f021 02f8 	bic.w	r2, r1, #248	@ 0xf8
 800a268:	4313      	orrs	r3, r2
 800a26a:	6023      	str	r3, [r4, #0]
  if(((RCC_OscInitStruct->OscillatorType) & RCC_OSCILLATORTYPE_LSI) == RCC_OSCILLATORTYPE_LSI)
 800a26c:	6804      	ldr	r4, [r0, #0]
 800a26e:	e584      	b.n	8009d7a <HAL_RCC_OscConfig+0x16a>
      __HAL_RCC_HSE_CONFIG(RCC_OscInitStruct->HSEState);
 800a270:	f101 4180 	add.w	r1, r1, #1073741824	@ 0x40000000
 800a274:	f5a1 313c 	sub.w	r1, r1, #192512	@ 0x2f000
 800a278:	680e      	ldr	r6, [r1, #0]
 800a27a:	f446 2680 	orr.w	r6, r6, #262144	@ 0x40000
 800a27e:	600e      	str	r6, [r1, #0]
 800a280:	680e      	ldr	r6, [r1, #0]
 800a282:	f446 3680 	orr.w	r6, r6, #65536	@ 0x10000
 800a286:	e4ef      	b.n	8009c68 <HAL_RCC_OscConfig+0x58>
	return hal_sys_tick++;
 800a288:	3502      	adds	r5, #2
 800a28a:	e5fa      	b.n	8009e82 <HAL_RCC_OscConfig+0x272>
 800a28c:	40021000 	.word	0x40021000

0800a290 <HAL_RCC_ClockConfig>:
  /* To correctly read data from FLASH memory, the number of wait states (LATENCY) 
  must be correctly programmed according to the frequency of the CPU clock 
    (HCLK) of the device. */

  /* Increasing the number of wait states because of higher CPU frequency */
  if(FLatency > (FLASH->ACR & FLASH_ACR_LATENCY))
 800a290:	4a66      	ldr	r2, [pc, #408]	@ (800a42c <HAL_RCC_ClockConfig+0x19c>)
 800a292:	6813      	ldr	r3, [r2, #0]
 800a294:	f003 0307 	and.w	r3, r3, #7
 800a298:	428b      	cmp	r3, r1
 800a29a:	d20b      	bcs.n	800a2b4 <HAL_RCC_ClockConfig+0x24>
  {    
    /* Program the new number of wait states to the LATENCY bits in the FLASH_ACR register */
    __HAL_FLASH_SET_LATENCY(FLatency);
 800a29c:	6813      	ldr	r3, [r2, #0]
 800a29e:	f023 0307 	bic.w	r3, r3, #7
 800a2a2:	430b      	orrs	r3, r1
 800a2a4:	6013      	str	r3, [r2, #0]
    
    /* Check that the new number of wait states is taken into account to access the Flash
    memory by reading the FLASH_ACR register */
    if((FLASH->ACR & FLASH_ACR_LATENCY) != FLatency)
 800a2a6:	6813      	ldr	r3, [r2, #0]
 800a2a8:	f003 0307 	and.w	r3, r3, #7
 800a2ac:	428b      	cmp	r3, r1
 800a2ae:	d001      	beq.n	800a2b4 <HAL_RCC_ClockConfig+0x24>
    {
      return HAL_ERROR;
 800a2b0:	2001      	movs	r0, #1

  /* Configure the source of time base considering new system clocks settings*/
  //HAL_InitTick (TICK_INT_PRIORITY);
  
  return HAL_OK;
}
 800a2b2:	4770      	bx	lr
{
 800a2b4:	b5f0      	push	{r4, r5, r6, r7, lr}
  if(((RCC_ClkInitStruct->ClockType) & RCC_CLOCKTYPE_HCLK) == RCC_CLOCKTYPE_HCLK)
 800a2b6:	6804      	ldr	r4, [r0, #0]
 800a2b8:	07a6      	lsls	r6, r4, #30
 800a2ba:	d506      	bpl.n	800a2ca <HAL_RCC_ClockConfig+0x3a>
    MODIFY_REG(RCC->CFGR, RCC_CFGR_HPRE, RCC_ClkInitStruct->AHBCLKDivider);
 800a2bc:	4a5c      	ldr	r2, [pc, #368]	@ (800a430 <HAL_RCC_ClockConfig+0x1a0>)
 800a2be:	6885      	ldr	r5, [r0, #8]
 800a2c0:	6853      	ldr	r3, [r2, #4]
 800a2c2:	f023 03f0 	bic.w	r3, r3, #240	@ 0xf0
 800a2c6:	432b      	orrs	r3, r5
 800a2c8:	6053      	str	r3, [r2, #4]
  if(((RCC_ClkInitStruct->ClockType) & RCC_CLOCKTYPE_SYSCLK) == RCC_CLOCKTYPE_SYSCLK)
 800a2ca:	07e5      	lsls	r5, r4, #31
 800a2cc:	d530      	bpl.n	800a330 <HAL_RCC_ClockConfig+0xa0>
    if(RCC_ClkInitStruct->SYSCLKSource == RCC_SYSCLKSOURCE_HSE)
 800a2ce:	6843      	ldr	r3, [r0, #4]
 800a2d0:	2b01      	cmp	r3, #1
 800a2d2:	d07f      	beq.n	800a3d4 <HAL_RCC_ClockConfig+0x144>
    else if(RCC_ClkInitStruct->SYSCLKSource == RCC_SYSCLKSOURCE_PLLCLK)
 800a2d4:	2b02      	cmp	r3, #2
 800a2d6:	d052      	beq.n	800a37e <HAL_RCC_ClockConfig+0xee>
 800a2d8:	2202      	movs	r2, #2
 800a2da:	fa92 f5a2 	rbit	r5, r2
      if(__HAL_RCC_GET_FLAG(RCC_FLAG_HSIRDY) == RESET)
 800a2de:	4e54      	ldr	r6, [pc, #336]	@ (800a430 <HAL_RCC_ClockConfig+0x1a0>)
 800a2e0:	6837      	ldr	r7, [r6, #0]
 800a2e2:	fa92 f2a2 	rbit	r2, r2
 800a2e6:	2501      	movs	r5, #1
 800a2e8:	fab2 f282 	clz	r2, r2
 800a2ec:	fa05 f202 	lsl.w	r2, r5, r2
 800a2f0:	423a      	tst	r2, r7
 800a2f2:	d02d      	beq.n	800a350 <HAL_RCC_ClockConfig+0xc0>
    __HAL_RCC_SYSCLK_CONFIG(RCC_ClkInitStruct->SYSCLKSource);
 800a2f4:	6872      	ldr	r2, [r6, #4]
	return hal_sys_tick++;
 800a2f6:	4d4f      	ldr	r5, [pc, #316]	@ (800a434 <HAL_RCC_ClockConfig+0x1a4>)
    __HAL_RCC_SYSCLK_CONFIG(RCC_ClkInitStruct->SYSCLKSource);
 800a2f8:	f022 0203 	bic.w	r2, r2, #3
 800a2fc:	4313      	orrs	r3, r2
 800a2fe:	6073      	str	r3, [r6, #4]
	return hal_sys_tick++;
 800a300:	682f      	ldr	r7, [r5, #0]
 800a302:	1c7b      	adds	r3, r7, #1
 800a304:	f04f 0c00 	mov.w	ip, #0
        if((HAL_GetTick() - tickstart ) > CLOCKSWITCH_TIMEOUT_VALUE)
 800a308:	f241 3e88 	movw	lr, #5000	@ 0x1388
	return hal_sys_tick++;
 800a30c:	602b      	str	r3, [r5, #0]
    else if(RCC_ClkInitStruct->SYSCLKSource == RCC_SYSCLKSOURCE_PLLCLK)
 800a30e:	e007      	b.n	800a320 <HAL_RCC_ClockConfig+0x90>
	return hal_sys_tick++;
 800a310:	3301      	adds	r3, #1
        if((HAL_GetTick() - tickstart ) > CLOCKSWITCH_TIMEOUT_VALUE)
 800a312:	1bda      	subs	r2, r3, r7
 800a314:	3a01      	subs	r2, #1
 800a316:	4572      	cmp	r2, lr
 800a318:	f04f 0c01 	mov.w	ip, #1
 800a31c:	f200 8083 	bhi.w	800a426 <HAL_RCC_ClockConfig+0x196>
      while (__HAL_RCC_GET_SYSCLK_SOURCE() != RCC_SYSCLKSOURCE_STATUS_HSI)
 800a320:	6872      	ldr	r2, [r6, #4]
 800a322:	f012 0f0c 	tst.w	r2, #12
 800a326:	d1f3      	bne.n	800a310 <HAL_RCC_ClockConfig+0x80>
 800a328:	f1bc 0f00 	cmp.w	ip, #0
 800a32c:	d000      	beq.n	800a330 <HAL_RCC_ClockConfig+0xa0>
 800a32e:	602b      	str	r3, [r5, #0]
  if(FLatency < (FLASH->ACR & FLASH_ACR_LATENCY))
 800a330:	4a3e      	ldr	r2, [pc, #248]	@ (800a42c <HAL_RCC_ClockConfig+0x19c>)
 800a332:	6813      	ldr	r3, [r2, #0]
 800a334:	f003 0307 	and.w	r3, r3, #7
 800a338:	428b      	cmp	r3, r1
 800a33a:	d90b      	bls.n	800a354 <HAL_RCC_ClockConfig+0xc4>
    __HAL_FLASH_SET_LATENCY(FLatency);
 800a33c:	6813      	ldr	r3, [r2, #0]
 800a33e:	f023 0307 	bic.w	r3, r3, #7
 800a342:	430b      	orrs	r3, r1
 800a344:	6013      	str	r3, [r2, #0]
    if((FLASH->ACR & FLASH_ACR_LATENCY) != FLatency)
 800a346:	6813      	ldr	r3, [r2, #0]
 800a348:	f003 0307 	and.w	r3, r3, #7
 800a34c:	428b      	cmp	r3, r1
 800a34e:	d001      	beq.n	800a354 <HAL_RCC_ClockConfig+0xc4>
      return HAL_ERROR;
 800a350:	2001      	movs	r0, #1
}
 800a352:	bdf0      	pop	{r4, r5, r6, r7, pc}
  if(((RCC_ClkInitStruct->ClockType) & RCC_CLOCKTYPE_PCLK1) == RCC_CLOCKTYPE_PCLK1)
 800a354:	0762      	lsls	r2, r4, #29
 800a356:	d506      	bpl.n	800a366 <HAL_RCC_ClockConfig+0xd6>
    MODIFY_REG(RCC->CFGR, RCC_CFGR_PPRE1, RCC_ClkInitStruct->APB1CLKDivider);
 800a358:	4a35      	ldr	r2, [pc, #212]	@ (800a430 <HAL_RCC_ClockConfig+0x1a0>)
 800a35a:	68c1      	ldr	r1, [r0, #12]
 800a35c:	6853      	ldr	r3, [r2, #4]
 800a35e:	f423 63e0 	bic.w	r3, r3, #1792	@ 0x700
 800a362:	430b      	orrs	r3, r1
 800a364:	6053      	str	r3, [r2, #4]
  if(((RCC_ClkInitStruct->ClockType) & RCC_CLOCKTYPE_PCLK2) == RCC_CLOCKTYPE_PCLK2)
 800a366:	0723      	lsls	r3, r4, #28
 800a368:	d507      	bpl.n	800a37a <HAL_RCC_ClockConfig+0xea>
    MODIFY_REG(RCC->CFGR, RCC_CFGR_PPRE2, ((RCC_ClkInitStruct->APB2CLKDivider) << 3U));
 800a36a:	4a31      	ldr	r2, [pc, #196]	@ (800a430 <HAL_RCC_ClockConfig+0x1a0>)
 800a36c:	6901      	ldr	r1, [r0, #16]
 800a36e:	6853      	ldr	r3, [r2, #4]
 800a370:	f423 5360 	bic.w	r3, r3, #14336	@ 0x3800
 800a374:	ea43 03c1 	orr.w	r3, r3, r1, lsl #3
 800a378:	6053      	str	r3, [r2, #4]
  return HAL_OK;
 800a37a:	2000      	movs	r0, #0
}
 800a37c:	bdf0      	pop	{r4, r5, r6, r7, pc}
 800a37e:	f04f 7300 	mov.w	r3, #33554432	@ 0x2000000
 800a382:	fa93 f2a3 	rbit	r2, r3
      if(__HAL_RCC_GET_FLAG(RCC_FLAG_PLLRDY) == RESET)
 800a386:	4e2a      	ldr	r6, [pc, #168]	@ (800a430 <HAL_RCC_ClockConfig+0x1a0>)
 800a388:	6835      	ldr	r5, [r6, #0]
 800a38a:	fa93 f3a3 	rbit	r3, r3
 800a38e:	2201      	movs	r2, #1
 800a390:	fab3 f383 	clz	r3, r3
 800a394:	fa02 f303 	lsl.w	r3, r2, r3
 800a398:	422b      	tst	r3, r5
 800a39a:	d0d9      	beq.n	800a350 <HAL_RCC_ClockConfig+0xc0>
    __HAL_RCC_SYSCLK_CONFIG(RCC_ClkInitStruct->SYSCLKSource);
 800a39c:	6873      	ldr	r3, [r6, #4]
	return hal_sys_tick++;
 800a39e:	4d25      	ldr	r5, [pc, #148]	@ (800a434 <HAL_RCC_ClockConfig+0x1a4>)
    __HAL_RCC_SYSCLK_CONFIG(RCC_ClkInitStruct->SYSCLKSource);
 800a3a0:	f023 0303 	bic.w	r3, r3, #3
 800a3a4:	f043 0302 	orr.w	r3, r3, #2
 800a3a8:	6073      	str	r3, [r6, #4]
	return hal_sys_tick++;
 800a3aa:	682f      	ldr	r7, [r5, #0]
 800a3ac:	1c7b      	adds	r3, r7, #1
 800a3ae:	f04f 0c00 	mov.w	ip, #0
        if((HAL_GetTick() - tickstart ) > CLOCKSWITCH_TIMEOUT_VALUE)
 800a3b2:	f241 3e88 	movw	lr, #5000	@ 0x1388
	return hal_sys_tick++;
 800a3b6:	602b      	str	r3, [r5, #0]
    else if(RCC_ClkInitStruct->SYSCLKSource == RCC_SYSCLKSOURCE_PLLCLK)
 800a3b8:	e006      	b.n	800a3c8 <HAL_RCC_ClockConfig+0x138>
	return hal_sys_tick++;
 800a3ba:	3301      	adds	r3, #1
        if((HAL_GetTick() - tickstart ) > CLOCKSWITCH_TIMEOUT_VALUE)
 800a3bc:	1bda      	subs	r2, r3, r7
 800a3be:	3a01      	subs	r2, #1
 800a3c0:	4572      	cmp	r2, lr
 800a3c2:	f04f 0c01 	mov.w	ip, #1
 800a3c6:	d82e      	bhi.n	800a426 <HAL_RCC_ClockConfig+0x196>
      while (__HAL_RCC_GET_SYSCLK_SOURCE() != RCC_SYSCLKSOURCE_STATUS_PLLCLK)
 800a3c8:	6872      	ldr	r2, [r6, #4]
 800a3ca:	f002 020c 	and.w	r2, r2, #12
 800a3ce:	2a08      	cmp	r2, #8
 800a3d0:	d1f3      	bne.n	800a3ba <HAL_RCC_ClockConfig+0x12a>
 800a3d2:	e7a9      	b.n	800a328 <HAL_RCC_ClockConfig+0x98>
 800a3d4:	f44f 3200 	mov.w	r2, #131072	@ 0x20000
 800a3d8:	fa92 f5a2 	rbit	r5, r2
      if(__HAL_RCC_GET_FLAG(RCC_FLAG_HSERDY) == RESET)
 800a3dc:	4f14      	ldr	r7, [pc, #80]	@ (800a430 <HAL_RCC_ClockConfig+0x1a0>)
 800a3de:	683d      	ldr	r5, [r7, #0]
 800a3e0:	fa92 f2a2 	rbit	r2, r2
 800a3e4:	fab2 f282 	clz	r2, r2
 800a3e8:	fa03 f202 	lsl.w	r2, r3, r2
 800a3ec:	422a      	tst	r2, r5
 800a3ee:	d0af      	beq.n	800a350 <HAL_RCC_ClockConfig+0xc0>
    __HAL_RCC_SYSCLK_CONFIG(RCC_ClkInitStruct->SYSCLKSource);
 800a3f0:	687b      	ldr	r3, [r7, #4]
	return hal_sys_tick++;
 800a3f2:	4d10      	ldr	r5, [pc, #64]	@ (800a434 <HAL_RCC_ClockConfig+0x1a4>)
    __HAL_RCC_SYSCLK_CONFIG(RCC_ClkInitStruct->SYSCLKSource);
 800a3f4:	f023 0303 	bic.w	r3, r3, #3
 800a3f8:	f043 0301 	orr.w	r3, r3, #1
 800a3fc:	607b      	str	r3, [r7, #4]
	return hal_sys_tick++;
 800a3fe:	682e      	ldr	r6, [r5, #0]
 800a400:	1c73      	adds	r3, r6, #1
 800a402:	f506 569c 	add.w	r6, r6, #4992	@ 0x1380
 800a406:	f04f 0c00 	mov.w	ip, #0
 800a40a:	602b      	str	r3, [r5, #0]
    if(RCC_ClkInitStruct->SYSCLKSource == RCC_SYSCLKSOURCE_HSE)
 800a40c:	360a      	adds	r6, #10
 800a40e:	e004      	b.n	800a41a <HAL_RCC_ClockConfig+0x18a>
	return hal_sys_tick++;
 800a410:	3301      	adds	r3, #1
        if((HAL_GetTick() - tickstart ) > CLOCKSWITCH_TIMEOUT_VALUE)
 800a412:	429e      	cmp	r6, r3
 800a414:	f04f 0c01 	mov.w	ip, #1
 800a418:	d005      	beq.n	800a426 <HAL_RCC_ClockConfig+0x196>
      while (__HAL_RCC_GET_SYSCLK_SOURCE() != RCC_SYSCLKSOURCE_STATUS_HSE)
 800a41a:	687a      	ldr	r2, [r7, #4]
 800a41c:	f002 020c 	and.w	r2, r2, #12
 800a420:	2a04      	cmp	r2, #4
 800a422:	d1f5      	bne.n	800a410 <HAL_RCC_ClockConfig+0x180>
 800a424:	e780      	b.n	800a328 <HAL_RCC_ClockConfig+0x98>
 800a426:	602b      	str	r3, [r5, #0]
          return HAL_TIMEOUT;
 800a428:	2003      	movs	r0, #3
}
 800a42a:	bdf0      	pop	{r4, r5, r6, r7, pc}
 800a42c:	40022000 	.word	0x40022000
 800a430:	40021000 	.word	0x40021000
 800a434:	20001348 	.word	0x20001348

0800a438 <HAL_GPIO_Init>:
  * @param  GPIO_Init: pointer to a GPIO_InitTypeDef structure that contains
  *         the configuration information for the specified GPIO peripheral.
  * @retval None
  */
void HAL_GPIO_Init(GPIO_TypeDef  *GPIOx, GPIO_InitTypeDef *GPIO_Init)
{
 800a438:	e92d 4ff0 	stmdb	sp!, {r4, r5, r6, r7, r8, r9, sl, fp, lr}
  assert_param(IS_GPIO_PIN(GPIO_Init->Pin));
  assert_param(IS_GPIO_MODE(GPIO_Init->Mode));
  assert_param(IS_GPIO_PULL(GPIO_Init->Pull));

  /* Configure the port pins */
  while (((GPIO_Init->Pin) >> position) != RESET)
 800a43c:	f8d1 a000 	ldr.w	sl, [r1]
{
 800a440:	b087      	sub	sp, #28
  while (((GPIO_Init->Pin) >> position) != RESET)
 800a442:	f1ba 0f00 	cmp.w	sl, #0
 800a446:	f000 808d 	beq.w	800a564 <HAL_GPIO_Init+0x12c>
 800a44a:	f1b0 4f90 	cmp.w	r0, #1207959552	@ 0x48000000
  uint32_t position = 0x00U;
 800a44e:	f04f 0300 	mov.w	r3, #0
 800a452:	f000 80d0 	beq.w	800a5f6 <HAL_GPIO_Init+0x1be>
        temp &= ~((0x0FU) << (4U * (position & 0x03U)));
        temp |= (GPIO_GET_INDEX(GPIOx) << (4U * (position & 0x03U)));
        SYSCFG->EXTICR[position >> 2] = temp;

        /* Clear EXTI line configuration */
        temp = EXTI->IMR;
 800a456:	f8df b308 	ldr.w	fp, [pc, #776]	@ 800a760 <HAL_GPIO_Init+0x328>
    iocurrent = (GPIO_Init->Pin) & (1U << position);
 800a45a:	2201      	movs	r2, #1
 800a45c:	fa02 f403 	lsl.w	r4, r2, r3
    if(iocurrent)
 800a460:	ea14 070a 	ands.w	r7, r4, sl
 800a464:	d079      	beq.n	800a55a <HAL_GPIO_Init+0x122>
      if((GPIO_Init->Mode == GPIO_MODE_AF_PP) || (GPIO_Init->Mode == GPIO_MODE_AF_OD))
 800a466:	684a      	ldr	r2, [r1, #4]
      temp |= ((GPIO_Init->Pull) << (position * 2U));
 800a468:	688d      	ldr	r5, [r1, #8]
 800a46a:	005e      	lsls	r6, r3, #1
 800a46c:	fa05 fc06 	lsl.w	ip, r5, r6
      if((GPIO_Init->Mode == GPIO_MODE_AF_PP) || (GPIO_Init->Mode == GPIO_MODE_AF_OD))
 800a470:	f022 0810 	bic.w	r8, r2, #16
      temp &= ~(GPIO_MODER_MODER0 << (position * 2U));
 800a474:	2503      	movs	r5, #3
 800a476:	40b5      	lsls	r5, r6
      temp |= ((GPIO_Init->Mode & GPIO_MODE) << (position * 2U));
 800a478:	f002 0e03 	and.w	lr, r2, #3
      if((GPIO_Init->Mode == GPIO_MODE_AF_PP) || (GPIO_Init->Mode == GPIO_MODE_AF_OD))
 800a47c:	f1b8 0f02 	cmp.w	r8, #2
      temp &= ~(GPIO_MODER_MODER0 << (position * 2U));
 800a480:	ea6f 0505 	mvn.w	r5, r5
      temp |= ((GPIO_Init->Mode & GPIO_MODE) << (position * 2U));
 800a484:	fa0e fe06 	lsl.w	lr, lr, r6
      if((GPIO_Init->Mode == GPIO_MODE_AF_PP) || (GPIO_Init->Mode == GPIO_MODE_AF_OD))
 800a488:	d06f      	beq.n	800a56a <HAL_GPIO_Init+0x132>
      temp = GPIOx->MODER;
 800a48a:	f8d0 9000 	ldr.w	r9, [r0]
      if((GPIO_Init->Mode == GPIO_MODE_OUTPUT_PP) || (GPIO_Init->Mode == GPIO_MODE_AF_PP) ||
 800a48e:	f108 38ff 	add.w	r8, r8, #4294967295	@ 0xffffffff
      temp &= ~(GPIO_MODER_MODER0 << (position * 2U));
 800a492:	ea09 0905 	and.w	r9, r9, r5
      temp |= ((GPIO_Init->Mode & GPIO_MODE) << (position * 2U));
 800a496:	ea49 0e0e 	orr.w	lr, r9, lr
      if((GPIO_Init->Mode == GPIO_MODE_OUTPUT_PP) || (GPIO_Init->Mode == GPIO_MODE_AF_PP) ||
 800a49a:	f1b8 0f01 	cmp.w	r8, #1
      GPIOx->MODER = temp;
 800a49e:	f8c0 e000 	str.w	lr, [r0]
      if((GPIO_Init->Mode == GPIO_MODE_OUTPUT_PP) || (GPIO_Init->Mode == GPIO_MODE_AF_PP) ||
 800a4a2:	f240 8081 	bls.w	800a5a8 <HAL_GPIO_Init+0x170>
      temp = GPIOx->PUPDR;
 800a4a6:	68c4      	ldr	r4, [r0, #12]
      temp &= ~(GPIO_PUPDR_PUPDR0 << (position * 2U));
 800a4a8:	402c      	ands	r4, r5
      temp |= ((GPIO_Init->Pull) << (position * 2U));
 800a4aa:	ea44 040c 	orr.w	r4, r4, ip
      GPIOx->PUPDR = temp;
 800a4ae:	60c4      	str	r4, [r0, #12]
      if((GPIO_Init->Mode & EXTI_MODE) == EXTI_MODE)
 800a4b0:	00d4      	lsls	r4, r2, #3
 800a4b2:	d552      	bpl.n	800a55a <HAL_GPIO_Init+0x122>
        __HAL_RCC_SYSCFG_CLK_ENABLE();
 800a4b4:	4da7      	ldr	r5, [pc, #668]	@ (800a754 <HAL_GPIO_Init+0x31c>)
 800a4b6:	69ac      	ldr	r4, [r5, #24]
 800a4b8:	f044 0401 	orr.w	r4, r4, #1
 800a4bc:	61ac      	str	r4, [r5, #24]
 800a4be:	69ac      	ldr	r4, [r5, #24]
 800a4c0:	f004 0401 	and.w	r4, r4, #1
 800a4c4:	9405      	str	r4, [sp, #20]
 800a4c6:	9c05      	ldr	r4, [sp, #20]
        temp = SYSCFG->EXTICR[position >> 2];
 800a4c8:	f023 0403 	bic.w	r4, r3, #3
 800a4cc:	f104 4480 	add.w	r4, r4, #1073741824	@ 0x40000000
 800a4d0:	f504 3480 	add.w	r4, r4, #65536	@ 0x10000
        temp &= ~((0x0FU) << (4U * (position & 0x03U)));
 800a4d4:	f003 0603 	and.w	r6, r3, #3
        temp = SYSCFG->EXTICR[position >> 2];
 800a4d8:	68a5      	ldr	r5, [r4, #8]
        temp &= ~((0x0FU) << (4U * (position & 0x03U)));
 800a4da:	00b6      	lsls	r6, r6, #2
 800a4dc:	f04f 0c0f 	mov.w	ip, #15
 800a4e0:	fa0c fc06 	lsl.w	ip, ip, r6
 800a4e4:	ea25 0e0c 	bic.w	lr, r5, ip
        temp |= (GPIO_GET_INDEX(GPIOx) << (4U * (position & 0x03U)));
 800a4e8:	4d9b      	ldr	r5, [pc, #620]	@ (800a758 <HAL_GPIO_Init+0x320>)
 800a4ea:	42a8      	cmp	r0, r5
 800a4ec:	d07d      	beq.n	800a5ea <HAL_GPIO_Init+0x1b2>
 800a4ee:	4d9b      	ldr	r5, [pc, #620]	@ (800a75c <HAL_GPIO_Init+0x324>)
 800a4f0:	42a8      	cmp	r0, r5
 800a4f2:	d073      	beq.n	800a5dc <HAL_GPIO_Init+0x1a4>
 800a4f4:	f8df c26c 	ldr.w	ip, [pc, #620]	@ 800a764 <HAL_GPIO_Init+0x32c>
 800a4f8:	4560      	cmp	r0, ip
 800a4fa:	f000 8125 	beq.w	800a748 <HAL_GPIO_Init+0x310>
 800a4fe:	f8df c268 	ldr.w	ip, [pc, #616]	@ 800a768 <HAL_GPIO_Init+0x330>
 800a502:	4560      	cmp	r0, ip
 800a504:	bf0c      	ite	eq
 800a506:	f04f 0c04 	moveq.w	ip, #4
 800a50a:	f04f 0c05 	movne.w	ip, #5
 800a50e:	fa0c f606 	lsl.w	r6, ip, r6
 800a512:	ea4e 0506 	orr.w	r5, lr, r6
        SYSCFG->EXTICR[position >> 2] = temp;
 800a516:	60a5      	str	r5, [r4, #8]
        temp = EXTI->IMR;
 800a518:	f8db 4000 	ldr.w	r4, [fp]
        temp &= ~((uint32_t)iocurrent);
 800a51c:	43fd      	mvns	r5, r7
        if((GPIO_Init->Mode & GPIO_MODE_IT) == GPIO_MODE_IT)
 800a51e:	03d6      	lsls	r6, r2, #15
        temp &= ~((uint32_t)iocurrent);
 800a520:	bf54      	ite	pl
 800a522:	402c      	andpl	r4, r5
        {
          temp |= iocurrent;
 800a524:	433c      	orrmi	r4, r7
        }
        EXTI->IMR = temp;
 800a526:	f8cb 4000 	str.w	r4, [fp]

        temp = EXTI->EMR;
 800a52a:	f8db 4004 	ldr.w	r4, [fp, #4]
        temp &= ~((uint32_t)iocurrent);
        if((GPIO_Init->Mode & GPIO_MODE_EVT) == GPIO_MODE_EVT)
 800a52e:	0396      	lsls	r6, r2, #14
        temp &= ~((uint32_t)iocurrent);
 800a530:	bf54      	ite	pl
 800a532:	402c      	andpl	r4, r5
        {
          temp |= iocurrent;
 800a534:	433c      	orrmi	r4, r7
        }
        EXTI->EMR = temp;
 800a536:	f8cb 4004 	str.w	r4, [fp, #4]

        /* Clear Rising Falling edge configuration */
        temp = EXTI->RTSR;
 800a53a:	f8db 4008 	ldr.w	r4, [fp, #8]
        temp &= ~((uint32_t)iocurrent);
        if((GPIO_Init->Mode & RISING_EDGE) == RISING_EDGE)
 800a53e:	02d6      	lsls	r6, r2, #11
        temp &= ~((uint32_t)iocurrent);
 800a540:	bf54      	ite	pl
 800a542:	402c      	andpl	r4, r5
        {
          temp |= iocurrent;
 800a544:	433c      	orrmi	r4, r7
        }
        EXTI->RTSR = temp;
 800a546:	f8cb 4008 	str.w	r4, [fp, #8]

        temp = EXTI->FTSR;
 800a54a:	f8db 400c 	ldr.w	r4, [fp, #12]
        temp &= ~((uint32_t)iocurrent);
        if((GPIO_Init->Mode & FALLING_EDGE) == FALLING_EDGE)
 800a54e:	0292      	lsls	r2, r2, #10
        temp &= ~((uint32_t)iocurrent);
 800a550:	bf54      	ite	pl
 800a552:	402c      	andpl	r4, r5
        {
          temp |= iocurrent;
 800a554:	433c      	orrmi	r4, r7
        }
        EXTI->FTSR = temp;
 800a556:	f8cb 400c 	str.w	r4, [fp, #12]
      }
    }
    
    position++;
 800a55a:	3301      	adds	r3, #1
  while (((GPIO_Init->Pin) >> position) != RESET)
 800a55c:	fa3a f203 	lsrs.w	r2, sl, r3
 800a560:	f47f af7b 	bne.w	800a45a <HAL_GPIO_Init+0x22>
  }
}
 800a564:	b007      	add	sp, #28
 800a566:	e8bd 8ff0 	ldmia.w	sp!, {r4, r5, r6, r7, r8, r9, sl, fp, pc}
        temp = GPIOx->AFR[position >> 3];
 800a56a:	ea4f 09d3 	mov.w	r9, r3, lsr #3
 800a56e:	eb00 0989 	add.w	r9, r0, r9, lsl #2
        temp &= ~(0xFU << ((uint32_t)(position & 0x07U) * 4U)) ;
 800a572:	f003 0807 	and.w	r8, r3, #7
        temp = GPIOx->AFR[position >> 3];
 800a576:	f8d9 7020 	ldr.w	r7, [r9, #32]
 800a57a:	9701      	str	r7, [sp, #4]
        temp |= ((uint32_t)(GPIO_Init->Alternate) << (((uint32_t)position & 0x07U) * 4U));
 800a57c:	690f      	ldr	r7, [r1, #16]
        temp &= ~(0xFU << ((uint32_t)(position & 0x07U) * 4U)) ;
 800a57e:	ea4f 0888 	mov.w	r8, r8, lsl #2
        temp |= ((uint32_t)(GPIO_Init->Alternate) << (((uint32_t)position & 0x07U) * 4U));
 800a582:	fa07 f708 	lsl.w	r7, r7, r8
 800a586:	9702      	str	r7, [sp, #8]
        temp &= ~(0xFU << ((uint32_t)(position & 0x07U) * 4U)) ;
 800a588:	270f      	movs	r7, #15
 800a58a:	fa07 f808 	lsl.w	r8, r7, r8
 800a58e:	9f01      	ldr	r7, [sp, #4]
 800a590:	ea27 0808 	bic.w	r8, r7, r8
        temp |= ((uint32_t)(GPIO_Init->Alternate) << (((uint32_t)position & 0x07U) * 4U));
 800a594:	9f02      	ldr	r7, [sp, #8]
 800a596:	ea47 0708 	orr.w	r7, r7, r8
        GPIOx->AFR[position >> 3] = temp;
 800a59a:	f8c9 7020 	str.w	r7, [r9, #32]
      temp = GPIOx->MODER;
 800a59e:	6807      	ldr	r7, [r0, #0]
      temp &= ~(GPIO_MODER_MODER0 << (position * 2U));
 800a5a0:	402f      	ands	r7, r5
      temp |= ((GPIO_Init->Mode & GPIO_MODE) << (position * 2U));
 800a5a2:	ea47 070e 	orr.w	r7, r7, lr
      GPIOx->MODER = temp;
 800a5a6:	6007      	str	r7, [r0, #0]
        temp = GPIOx->OSPEEDR;
 800a5a8:	6887      	ldr	r7, [r0, #8]
        temp &= ~(GPIO_OSPEEDER_OSPEEDR0 << (position * 2U));
 800a5aa:	ea07 0e05 	and.w	lr, r7, r5
        temp |= (GPIO_Init->Speed << (position * 2U));
 800a5ae:	68cf      	ldr	r7, [r1, #12]
 800a5b0:	40b7      	lsls	r7, r6
 800a5b2:	ea47 070e 	orr.w	r7, r7, lr
        GPIOx->OSPEEDR = temp;
 800a5b6:	6087      	str	r7, [r0, #8]
        temp = GPIOx->OTYPER;
 800a5b8:	6846      	ldr	r6, [r0, #4]
        temp |= (((GPIO_Init->Mode & GPIO_OUTPUT_TYPE) >> 4U) << position);
 800a5ba:	0912      	lsrs	r2, r2, #4
 800a5bc:	409a      	lsls	r2, r3
        temp &= ~(GPIO_OTYPER_OT_0 << position) ;
 800a5be:	ea26 0404 	bic.w	r4, r6, r4
        temp |= (((GPIO_Init->Mode & GPIO_OUTPUT_TYPE) >> 4U) << position);
 800a5c2:	4322      	orrs	r2, r4
        GPIOx->OTYPER = temp;
 800a5c4:	6042      	str	r2, [r0, #4]
      temp = GPIOx->PUPDR;
 800a5c6:	68c2      	ldr	r2, [r0, #12]
      temp &= ~(GPIO_PUPDR_PUPDR0 << (position * 2U));
 800a5c8:	402a      	ands	r2, r5
      temp |= ((GPIO_Init->Pull) << (position * 2U));
 800a5ca:	ea42 020c 	orr.w	r2, r2, ip
    position++;
 800a5ce:	3301      	adds	r3, #1
      GPIOx->PUPDR = temp;
 800a5d0:	60c2      	str	r2, [r0, #12]
  while (((GPIO_Init->Pin) >> position) != RESET)
 800a5d2:	fa3a f203 	lsrs.w	r2, sl, r3
 800a5d6:	f47f af40 	bne.w	800a45a <HAL_GPIO_Init+0x22>
 800a5da:	e7c3      	b.n	800a564 <HAL_GPIO_Init+0x12c>
        temp |= (GPIO_GET_INDEX(GPIOx) << (4U * (position & 0x03U)));
 800a5dc:	f04f 0c02 	mov.w	ip, #2
 800a5e0:	fa0c f606 	lsl.w	r6, ip, r6
 800a5e4:	ea4e 0506 	orr.w	r5, lr, r6
 800a5e8:	e795      	b.n	800a516 <HAL_GPIO_Init+0xde>
 800a5ea:	2501      	movs	r5, #1
 800a5ec:	fa05 f606 	lsl.w	r6, r5, r6
 800a5f0:	ea4e 0506 	orr.w	r5, lr, r6
 800a5f4:	e78f      	b.n	800a516 <HAL_GPIO_Init+0xde>
        temp = EXTI->IMR;
 800a5f6:	4f5a      	ldr	r7, [pc, #360]	@ (800a760 <HAL_GPIO_Init+0x328>)
        temp &= ~(0xFU << ((uint32_t)(position & 0x07U) * 4U)) ;
 800a5f8:	9101      	str	r1, [sp, #4]
    iocurrent = (GPIO_Init->Pin) & (1U << position);
 800a5fa:	f04f 0b01 	mov.w	fp, #1
 800a5fe:	e049      	b.n	800a694 <HAL_GPIO_Init+0x25c>
      temp = GPIOx->MODER;
 800a600:	f8d0 8000 	ldr.w	r8, [r0]
      if((GPIO_Init->Mode == GPIO_MODE_OUTPUT_PP) || (GPIO_Init->Mode == GPIO_MODE_AF_PP) ||
 800a604:	f10e 3eff 	add.w	lr, lr, #4294967295	@ 0xffffffff
      temp &= ~(GPIO_MODER_MODER0 << (position * 2U));
 800a608:	ea08 0805 	and.w	r8, r8, r5
      temp |= ((GPIO_Init->Mode & GPIO_MODE) << (position * 2U));
 800a60c:	ea48 0801 	orr.w	r8, r8, r1
      if((GPIO_Init->Mode == GPIO_MODE_OUTPUT_PP) || (GPIO_Init->Mode == GPIO_MODE_AF_PP) ||
 800a610:	f1be 0f01 	cmp.w	lr, #1
      GPIOx->MODER = temp;
 800a614:	f8c0 8000 	str.w	r8, [r0]
      if((GPIO_Init->Mode == GPIO_MODE_OUTPUT_PP) || (GPIO_Init->Mode == GPIO_MODE_AF_PP) ||
 800a618:	d977      	bls.n	800a70a <HAL_GPIO_Init+0x2d2>
      temp = GPIOx->PUPDR;
 800a61a:	68c4      	ldr	r4, [r0, #12]
      temp &= ~(GPIO_PUPDR_PUPDR0 << (position * 2U));
 800a61c:	402c      	ands	r4, r5
      temp |= ((GPIO_Init->Pull) << (position * 2U));
 800a61e:	ea44 0409 	orr.w	r4, r4, r9
      GPIOx->PUPDR = temp;
 800a622:	60c4      	str	r4, [r0, #12]
      if((GPIO_Init->Mode & EXTI_MODE) == EXTI_MODE)
 800a624:	00d4      	lsls	r4, r2, #3
 800a626:	d530      	bpl.n	800a68a <HAL_GPIO_Init+0x252>
        __HAL_RCC_SYSCFG_CLK_ENABLE();
 800a628:	494a      	ldr	r1, [pc, #296]	@ (800a754 <HAL_GPIO_Init+0x31c>)
 800a62a:	698c      	ldr	r4, [r1, #24]
 800a62c:	f044 0401 	orr.w	r4, r4, #1
 800a630:	618c      	str	r4, [r1, #24]
 800a632:	698c      	ldr	r4, [r1, #24]
 800a634:	f004 0401 	and.w	r4, r4, #1
 800a638:	9405      	str	r4, [sp, #20]
 800a63a:	9c05      	ldr	r4, [sp, #20]
        temp = SYSCFG->EXTICR[position >> 2];
 800a63c:	f023 0403 	bic.w	r4, r3, #3
 800a640:	f104 4480 	add.w	r4, r4, #1073741824	@ 0x40000000
 800a644:	f504 3480 	add.w	r4, r4, #65536	@ 0x10000
        temp &= ~((0x0FU) << (4U * (position & 0x03U)));
 800a648:	f003 0503 	and.w	r5, r3, #3
        temp = SYSCFG->EXTICR[position >> 2];
 800a64c:	f8d4 c008 	ldr.w	ip, [r4, #8]
        temp &= ~((0x0FU) << (4U * (position & 0x03U)));
 800a650:	210f      	movs	r1, #15
 800a652:	00ad      	lsls	r5, r5, #2
 800a654:	fa01 f505 	lsl.w	r5, r1, r5
 800a658:	ea2c 0505 	bic.w	r5, ip, r5
        SYSCFG->EXTICR[position >> 2] = temp;
 800a65c:	60a5      	str	r5, [r4, #8]
        if((GPIO_Init->Mode & GPIO_MODE_IT) == GPIO_MODE_IT)
 800a65e:	03d1      	lsls	r1, r2, #15
        temp = EXTI->IMR;
 800a660:	683c      	ldr	r4, [r7, #0]
        temp &= ~((uint32_t)iocurrent);
 800a662:	ea6f 0506 	mvn.w	r5, r6
        if((GPIO_Init->Mode & GPIO_MODE_IT) == GPIO_MODE_IT)
 800a666:	d46d      	bmi.n	800a744 <HAL_GPIO_Init+0x30c>
        temp &= ~((uint32_t)iocurrent);
 800a668:	402c      	ands	r4, r5
        EXTI->IMR = temp;
 800a66a:	603c      	str	r4, [r7, #0]
        if((GPIO_Init->Mode & GPIO_MODE_EVT) == GPIO_MODE_EVT)
 800a66c:	0391      	lsls	r1, r2, #14
        temp = EXTI->EMR;
 800a66e:	687c      	ldr	r4, [r7, #4]
        if((GPIO_Init->Mode & GPIO_MODE_EVT) == GPIO_MODE_EVT)
 800a670:	d466      	bmi.n	800a740 <HAL_GPIO_Init+0x308>
        temp &= ~((uint32_t)iocurrent);
 800a672:	402c      	ands	r4, r5
        EXTI->EMR = temp;
 800a674:	607c      	str	r4, [r7, #4]
        if((GPIO_Init->Mode & RISING_EDGE) == RISING_EDGE)
 800a676:	02d1      	lsls	r1, r2, #11
        temp = EXTI->RTSR;
 800a678:	68bc      	ldr	r4, [r7, #8]
        if((GPIO_Init->Mode & RISING_EDGE) == RISING_EDGE)
 800a67a:	d45f      	bmi.n	800a73c <HAL_GPIO_Init+0x304>
        temp &= ~((uint32_t)iocurrent);
 800a67c:	402c      	ands	r4, r5
        EXTI->RTSR = temp;
 800a67e:	60bc      	str	r4, [r7, #8]
        if((GPIO_Init->Mode & FALLING_EDGE) == FALLING_EDGE)
 800a680:	0292      	lsls	r2, r2, #10
        temp = EXTI->FTSR;
 800a682:	68fc      	ldr	r4, [r7, #12]
        if((GPIO_Init->Mode & FALLING_EDGE) == FALLING_EDGE)
 800a684:	d458      	bmi.n	800a738 <HAL_GPIO_Init+0x300>
        temp &= ~((uint32_t)iocurrent);
 800a686:	402c      	ands	r4, r5
        EXTI->FTSR = temp;
 800a688:	60fc      	str	r4, [r7, #12]
    position++;
 800a68a:	3301      	adds	r3, #1
  while (((GPIO_Init->Pin) >> position) != RESET)
 800a68c:	fa3a f203 	lsrs.w	r2, sl, r3
 800a690:	f43f af68 	beq.w	800a564 <HAL_GPIO_Init+0x12c>
    iocurrent = (GPIO_Init->Pin) & (1U << position);
 800a694:	fa0b f403 	lsl.w	r4, fp, r3
    if(iocurrent)
 800a698:	ea1a 0604 	ands.w	r6, sl, r4
 800a69c:	d0f5      	beq.n	800a68a <HAL_GPIO_Init+0x252>
      if((GPIO_Init->Mode == GPIO_MODE_AF_PP) || (GPIO_Init->Mode == GPIO_MODE_AF_OD))
 800a69e:	9901      	ldr	r1, [sp, #4]
 800a6a0:	684a      	ldr	r2, [r1, #4]
      temp |= ((GPIO_Init->Pull) << (position * 2U));
 800a6a2:	688d      	ldr	r5, [r1, #8]
      temp &= ~(GPIO_MODER_MODER0 << (position * 2U));
 800a6a4:	2103      	movs	r1, #3
 800a6a6:	ea4f 0c43 	mov.w	ip, r3, lsl #1
      temp |= ((GPIO_Init->Mode & GPIO_MODE) << (position * 2U));
 800a6aa:	ea02 0e01 	and.w	lr, r2, r1
      temp |= ((GPIO_Init->Pull) << (position * 2U));
 800a6ae:	fa05 f90c 	lsl.w	r9, r5, ip
      temp &= ~(GPIO_MODER_MODER0 << (position * 2U));
 800a6b2:	fa01 f50c 	lsl.w	r5, r1, ip
      temp |= ((GPIO_Init->Mode & GPIO_MODE) << (position * 2U));
 800a6b6:	fa0e f10c 	lsl.w	r1, lr, ip
      if((GPIO_Init->Mode == GPIO_MODE_AF_PP) || (GPIO_Init->Mode == GPIO_MODE_AF_OD))
 800a6ba:	f022 0e10 	bic.w	lr, r2, #16
 800a6be:	f1be 0f02 	cmp.w	lr, #2
      temp &= ~(GPIO_MODER_MODER0 << (position * 2U));
 800a6c2:	ea6f 0505 	mvn.w	r5, r5
      temp |= ((GPIO_Init->Mode & GPIO_MODE) << (position * 2U));
 800a6c6:	9102      	str	r1, [sp, #8]
      if((GPIO_Init->Mode == GPIO_MODE_AF_PP) || (GPIO_Init->Mode == GPIO_MODE_AF_OD))
 800a6c8:	d19a      	bne.n	800a600 <HAL_GPIO_Init+0x1c8>
        temp = GPIOx->AFR[position >> 3];
 800a6ca:	ea4f 0ed3 	mov.w	lr, r3, lsr #3
 800a6ce:	ea4f 0e8e 	mov.w	lr, lr, lsl #2
 800a6d2:	f10e 4e90 	add.w	lr, lr, #1207959552	@ 0x48000000
        temp &= ~(0xFU << ((uint32_t)(position & 0x07U) * 4U)) ;
 800a6d6:	f003 0807 	and.w	r8, r3, #7
        temp = GPIOx->AFR[position >> 3];
 800a6da:	f8de 1020 	ldr.w	r1, [lr, #32]
 800a6de:	9103      	str	r1, [sp, #12]
        temp |= ((uint32_t)(GPIO_Init->Alternate) << (((uint32_t)position & 0x07U) * 4U));
 800a6e0:	9901      	ldr	r1, [sp, #4]
 800a6e2:	690e      	ldr	r6, [r1, #16]
        temp &= ~(0xFU << ((uint32_t)(position & 0x07U) * 4U)) ;
 800a6e4:	ea4f 0888 	mov.w	r8, r8, lsl #2
 800a6e8:	210f      	movs	r1, #15
        temp |= ((uint32_t)(GPIO_Init->Alternate) << (((uint32_t)position & 0x07U) * 4U));
 800a6ea:	fa06 f608 	lsl.w	r6, r6, r8
        temp &= ~(0xFU << ((uint32_t)(position & 0x07U) * 4U)) ;
 800a6ee:	fa01 f808 	lsl.w	r8, r1, r8
 800a6f2:	9903      	ldr	r1, [sp, #12]
 800a6f4:	ea21 0808 	bic.w	r8, r1, r8
        temp |= ((uint32_t)(GPIO_Init->Alternate) << (((uint32_t)position & 0x07U) * 4U));
 800a6f8:	ea46 0608 	orr.w	r6, r6, r8
        GPIOx->AFR[position >> 3] = temp;
 800a6fc:	f8ce 6020 	str.w	r6, [lr, #32]
      temp = GPIOx->MODER;
 800a700:	6806      	ldr	r6, [r0, #0]
      temp |= ((GPIO_Init->Mode & GPIO_MODE) << (position * 2U));
 800a702:	9902      	ldr	r1, [sp, #8]
      temp &= ~(GPIO_MODER_MODER0 << (position * 2U));
 800a704:	402e      	ands	r6, r5
      temp |= ((GPIO_Init->Mode & GPIO_MODE) << (position * 2U));
 800a706:	4331      	orrs	r1, r6
      GPIOx->MODER = temp;
 800a708:	6001      	str	r1, [r0, #0]
        temp = GPIOx->OSPEEDR;
 800a70a:	6886      	ldr	r6, [r0, #8]
        temp |= (GPIO_Init->Speed << (position * 2U));
 800a70c:	9901      	ldr	r1, [sp, #4]
        temp &= ~(GPIO_OSPEEDER_OSPEEDR0 << (position * 2U));
 800a70e:	ea06 0e05 	and.w	lr, r6, r5
        temp |= (GPIO_Init->Speed << (position * 2U));
 800a712:	68ce      	ldr	r6, [r1, #12]
 800a714:	fa06 f60c 	lsl.w	r6, r6, ip
 800a718:	ea46 060e 	orr.w	r6, r6, lr
        GPIOx->OSPEEDR = temp;
 800a71c:	6086      	str	r6, [r0, #8]
        temp = GPIOx->OTYPER;
 800a71e:	6846      	ldr	r6, [r0, #4]
        temp |= (((GPIO_Init->Mode & GPIO_OUTPUT_TYPE) >> 4U) << position);
 800a720:	0912      	lsrs	r2, r2, #4
 800a722:	409a      	lsls	r2, r3
        temp &= ~(GPIO_OTYPER_OT_0 << position) ;
 800a724:	ea26 0404 	bic.w	r4, r6, r4
        temp |= (((GPIO_Init->Mode & GPIO_OUTPUT_TYPE) >> 4U) << position);
 800a728:	4322      	orrs	r2, r4
        GPIOx->OTYPER = temp;
 800a72a:	6042      	str	r2, [r0, #4]
      temp = GPIOx->PUPDR;
 800a72c:	68c2      	ldr	r2, [r0, #12]
      temp &= ~(GPIO_PUPDR_PUPDR0 << (position * 2U));
 800a72e:	402a      	ands	r2, r5
      temp |= ((GPIO_Init->Pull) << (position * 2U));
 800a730:	ea49 0202 	orr.w	r2, r9, r2
      GPIOx->PUPDR = temp;
 800a734:	60c2      	str	r2, [r0, #12]
      if((GPIO_Init->Mode & EXTI_MODE) == EXTI_MODE)
 800a736:	e7a8      	b.n	800a68a <HAL_GPIO_Init+0x252>
          temp |= iocurrent;
 800a738:	4334      	orrs	r4, r6
 800a73a:	e7a5      	b.n	800a688 <HAL_GPIO_Init+0x250>
          temp |= iocurrent;
 800a73c:	4334      	orrs	r4, r6
 800a73e:	e79e      	b.n	800a67e <HAL_GPIO_Init+0x246>
          temp |= iocurrent;
 800a740:	4334      	orrs	r4, r6
 800a742:	e797      	b.n	800a674 <HAL_GPIO_Init+0x23c>
          temp |= iocurrent;
 800a744:	4334      	orrs	r4, r6
 800a746:	e790      	b.n	800a66a <HAL_GPIO_Init+0x232>
        temp |= (GPIO_GET_INDEX(GPIOx) << (4U * (position & 0x03U)));
 800a748:	2503      	movs	r5, #3
 800a74a:	fa05 f606 	lsl.w	r6, r5, r6
 800a74e:	ea4e 0506 	orr.w	r5, lr, r6
 800a752:	e6e0      	b.n	800a516 <HAL_GPIO_Init+0xde>
 800a754:	40021000 	.word	0x40021000
 800a758:	48000400 	.word	0x48000400
 800a75c:	48000800 	.word	0x48000800
 800a760:	40010400 	.word	0x40010400
 800a764:	48000c00 	.word	0x48000c00
 800a768:	48001000 	.word	0x48001000

0800a76c <HAL_GPIO_WritePin>:
{
  /* Check the parameters */
  assert_param(IS_GPIO_PIN(GPIO_Pin));
  assert_param(IS_GPIO_PIN_ACTION(PinState));

  if(PinState != GPIO_PIN_RESET)
 800a76c:	b10a      	cbz	r2, 800a772 <HAL_GPIO_WritePin+0x6>
  {
    GPIOx->BSRR = (uint32_t)GPIO_Pin;
 800a76e:	6181      	str	r1, [r0, #24]
 800a770:	4770      	bx	lr
  }
  else
  {
    GPIOx->BRR = (uint32_t)GPIO_Pin;
 800a772:	6281      	str	r1, [r0, #40]	@ 0x28
  }
}
 800a774:	4770      	bx	lr
 800a776:	bf00      	nop

0800a778 <UART_CheckIdleState>:
  * @brief Check the UART Idle State.
  * @param huart UART handle.
  * @retval HAL status
  */
HAL_StatusTypeDef UART_CheckIdleState(UART_HandleTypeDef *huart)
{
 800a778:	b4f0      	push	{r4, r5, r6, r7}

  /* Init tickstart for timeout managment*/
  tickstart = HAL_GetTick();

  /* Check if the Transmitter is enabled */
  if((huart->Instance->CR1 & USART_CR1_TE) == USART_CR1_TE)
 800a77a:	6801      	ldr	r1, [r0, #0]
	return hal_sys_tick++;
 800a77c:	4f28      	ldr	r7, [pc, #160]	@ (800a820 <UART_CheckIdleState+0xa8>)
  huart->ErrorCode = HAL_UART_ERROR_NONE;
 800a77e:	2500      	movs	r5, #0
 800a780:	66c5      	str	r5, [r0, #108]	@ 0x6c
	return hal_sys_tick++;
 800a782:	683e      	ldr	r6, [r7, #0]
  if((huart->Instance->CR1 & USART_CR1_TE) == USART_CR1_TE)
 800a784:	680b      	ldr	r3, [r1, #0]
	return hal_sys_tick++;
 800a786:	1c72      	adds	r2, r6, #1
  if((huart->Instance->CR1 & USART_CR1_TE) == USART_CR1_TE)
 800a788:	071b      	lsls	r3, r3, #28
{
 800a78a:	4684      	mov	ip, r0
	return hal_sys_tick++;
 800a78c:	603a      	str	r2, [r7, #0]
  if((huart->Instance->CR1 & USART_CR1_TE) == USART_CR1_TE)
 800a78e:	d50f      	bpl.n	800a7b0 <UART_CheckIdleState+0x38>
 800a790:	f106 7000 	add.w	r0, r6, #33554432	@ 0x2000000
 800a794:	3001      	adds	r0, #1
 800a796:	4613      	mov	r3, r2
 800a798:	e004      	b.n	800a7a4 <UART_CheckIdleState+0x2c>
	return hal_sys_tick++;
 800a79a:	3301      	adds	r3, #1
  while((__HAL_UART_GET_FLAG(huart, Flag) ? SET : RESET) == Status)
  {
    /* Check for the Timeout */
    if(Timeout != HAL_MAX_DELAY)
    {
      if((Timeout == 0U) || ((HAL_GetTick()-Tickstart) > Timeout))
 800a79c:	4283      	cmp	r3, r0
 800a79e:	f04f 0501 	mov.w	r5, #1
 800a7a2:	d022      	beq.n	800a7ea <UART_CheckIdleState+0x72>
  while((__HAL_UART_GET_FLAG(huart, Flag) ? SET : RESET) == Status)
 800a7a4:	69cc      	ldr	r4, [r1, #28]
 800a7a6:	02a4      	lsls	r4, r4, #10
 800a7a8:	d5f7      	bpl.n	800a79a <UART_CheckIdleState+0x22>
 800a7aa:	b10d      	cbz	r5, 800a7b0 <UART_CheckIdleState+0x38>
 800a7ac:	603b      	str	r3, [r7, #0]
 800a7ae:	461a      	mov	r2, r3
  if((huart->Instance->CR1 & USART_CR1_RE) == USART_CR1_RE)
 800a7b0:	680b      	ldr	r3, [r1, #0]
 800a7b2:	0758      	lsls	r0, r3, #29
 800a7b4:	d50e      	bpl.n	800a7d4 <UART_CheckIdleState+0x5c>
 800a7b6:	2000      	movs	r0, #0
 800a7b8:	e007      	b.n	800a7ca <UART_CheckIdleState+0x52>
	return hal_sys_tick++;
 800a7ba:	3201      	adds	r2, #1
      if((Timeout == 0U) || ((HAL_GetTick()-Tickstart) > Timeout))
 800a7bc:	1b93      	subs	r3, r2, r6
 800a7be:	3b01      	subs	r3, #1
 800a7c0:	f1b3 7f00 	cmp.w	r3, #33554432	@ 0x2000000
 800a7c4:	f04f 0001 	mov.w	r0, #1
 800a7c8:	d223      	bcs.n	800a812 <UART_CheckIdleState+0x9a>
  while((__HAL_UART_GET_FLAG(huart, Flag) ? SET : RESET) == Status)
 800a7ca:	69cb      	ldr	r3, [r1, #28]
 800a7cc:	025b      	lsls	r3, r3, #9
 800a7ce:	d5f4      	bpl.n	800a7ba <UART_CheckIdleState+0x42>
 800a7d0:	b100      	cbz	r0, 800a7d4 <UART_CheckIdleState+0x5c>
 800a7d2:	603a      	str	r2, [r7, #0]
  huart->gState  = HAL_UART_STATE_READY;
 800a7d4:	2320      	movs	r3, #32
 800a7d6:	f88c 3069 	strb.w	r3, [ip, #105]	@ 0x69
  huart->RxState = HAL_UART_STATE_READY;
 800a7da:	f88c 306a 	strb.w	r3, [ip, #106]	@ 0x6a

        huart->gState  = HAL_UART_STATE_READY;
        huart->RxState = HAL_UART_STATE_READY;

        /* Process Unlocked */
        __HAL_UNLOCK(huart);
 800a7de:	2300      	movs	r3, #0
 800a7e0:	f88c 3068 	strb.w	r3, [ip, #104]	@ 0x68
  return HAL_OK;
 800a7e4:	2000      	movs	r0, #0
}
 800a7e6:	bcf0      	pop	{r4, r5, r6, r7}
 800a7e8:	4770      	bx	lr
        CLEAR_BIT(huart->Instance->CR1, (USART_CR1_RXNEIE | USART_CR1_PEIE | USART_CR1_TXEIE));
 800a7ea:	680a      	ldr	r2, [r1, #0]
 800a7ec:	603b      	str	r3, [r7, #0]
 800a7ee:	f422 72d0 	bic.w	r2, r2, #416	@ 0x1a0
 800a7f2:	600a      	str	r2, [r1, #0]
        CLEAR_BIT(huart->Instance->CR3, USART_CR3_EIE);
 800a7f4:	688b      	ldr	r3, [r1, #8]
 800a7f6:	f023 0301 	bic.w	r3, r3, #1
 800a7fa:	608b      	str	r3, [r1, #8]
        huart->gState  = HAL_UART_STATE_READY;
 800a7fc:	2220      	movs	r2, #32
        __HAL_UNLOCK(huart);
 800a7fe:	2300      	movs	r3, #0
        huart->gState  = HAL_UART_STATE_READY;
 800a800:	f88c 2069 	strb.w	r2, [ip, #105]	@ 0x69
        __HAL_UNLOCK(huart);
 800a804:	f88c 3068 	strb.w	r3, [ip, #104]	@ 0x68
        huart->RxState = HAL_UART_STATE_READY;
 800a808:	f88c 206a 	strb.w	r2, [ip, #106]	@ 0x6a
      return HAL_TIMEOUT;
 800a80c:	2003      	movs	r0, #3
}
 800a80e:	bcf0      	pop	{r4, r5, r6, r7}
 800a810:	4770      	bx	lr
        CLEAR_BIT(huart->Instance->CR1, (USART_CR1_RXNEIE | USART_CR1_PEIE | USART_CR1_TXEIE));
 800a812:	680b      	ldr	r3, [r1, #0]
 800a814:	603a      	str	r2, [r7, #0]
 800a816:	f423 73d0 	bic.w	r3, r3, #416	@ 0x1a0
 800a81a:	600b      	str	r3, [r1, #0]
 800a81c:	e7ea      	b.n	800a7f4 <UART_CheckIdleState+0x7c>
 800a81e:	bf00      	nop
 800a820:	20001348 	.word	0x20001348

0800a824 <HAL_UART_Init>:
  if(huart == NULL)
 800a824:	2800      	cmp	r0, #0
 800a826:	f000 80cc 	beq.w	800a9c2 <HAL_UART_Init+0x19e>
{
 800a82a:	b430      	push	{r4, r5}
  if(huart->gState == HAL_UART_STATE_RESET)
 800a82c:	f890 3069 	ldrb.w	r3, [r0, #105]	@ 0x69
 800a830:	f003 02ff 	and.w	r2, r3, #255	@ 0xff
 800a834:	2b00      	cmp	r3, #0
 800a836:	d03a      	beq.n	800a8ae <HAL_UART_Init+0x8a>
  __HAL_UART_DISABLE(huart);
 800a838:	6803      	ldr	r3, [r0, #0]
  tmpreg = (uint32_t)huart->Init.WordLength | huart->Init.Parity | huart->Init.Mode | huart->Init.OverSampling ;
 800a83a:	6905      	ldr	r5, [r0, #16]
  huart->gState = HAL_UART_STATE_BUSY;
 800a83c:	2224      	movs	r2, #36	@ 0x24
 800a83e:	f880 2069 	strb.w	r2, [r0, #105]	@ 0x69
  __HAL_UART_DISABLE(huart);
 800a842:	6819      	ldr	r1, [r3, #0]
  tmpreg = (uint32_t)huart->Init.WordLength | huart->Init.Parity | huart->Init.Mode | huart->Init.OverSampling ;
 800a844:	6882      	ldr	r2, [r0, #8]
  __HAL_UART_DISABLE(huart);
 800a846:	f021 0101 	bic.w	r1, r1, #1
 800a84a:	6019      	str	r1, [r3, #0]
  MODIFY_REG(huart->Instance->CR1, UART_CR1_FIELDS, tmpreg);
 800a84c:	681c      	ldr	r4, [r3, #0]
  tmpreg = (uint32_t)huart->Init.WordLength | huart->Init.Parity | huart->Init.Mode | huart->Init.OverSampling ;
 800a84e:	69c1      	ldr	r1, [r0, #28]
  MODIFY_REG(huart->Instance->CR1, UART_CR1_FIELDS, tmpreg);
 800a850:	f424 4c16 	bic.w	ip, r4, #38400	@ 0x9600
  tmpreg = (uint32_t)huart->Init.WordLength | huart->Init.Parity | huart->Init.Mode | huart->Init.OverSampling ;
 800a854:	6944      	ldr	r4, [r0, #20]
 800a856:	432a      	orrs	r2, r5
 800a858:	4322      	orrs	r2, r4
  MODIFY_REG(huart->Instance->CR1, UART_CR1_FIELDS, tmpreg);
 800a85a:	f02c 0c0c 	bic.w	ip, ip, #12
  tmpreg = (uint32_t)huart->Init.WordLength | huart->Init.Parity | huart->Init.Mode | huart->Init.OverSampling ;
 800a85e:	430a      	orrs	r2, r1
  MODIFY_REG(huart->Instance->CR1, UART_CR1_FIELDS, tmpreg);
 800a860:	ea42 020c 	orr.w	r2, r2, ip
 800a864:	601a      	str	r2, [r3, #0]
  MODIFY_REG(huart->Instance->CR2, USART_CR2_STOP, huart->Init.StopBits);
 800a866:	685a      	ldr	r2, [r3, #4]
 800a868:	68c4      	ldr	r4, [r0, #12]
  tmpreg = (uint32_t)huart->Init.HwFlowCtl | huart->Init.OneBitSampling ;
 800a86a:	6a05      	ldr	r5, [r0, #32]
  MODIFY_REG(huart->Instance->CR2, USART_CR2_STOP, huart->Init.StopBits);
 800a86c:	f422 5240 	bic.w	r2, r2, #12288	@ 0x3000
 800a870:	4322      	orrs	r2, r4
 800a872:	605a      	str	r2, [r3, #4]
  MODIFY_REG(huart->Instance->CR3, (USART_CR3_RTSE | USART_CR3_CTSE | USART_CR3_ONEBIT), tmpreg);
 800a874:	689c      	ldr	r4, [r3, #8]
  tmpreg = (uint32_t)huart->Init.HwFlowCtl | huart->Init.OneBitSampling ;
 800a876:	6982      	ldr	r2, [r0, #24]
  MODIFY_REG(huart->Instance->CR3, (USART_CR3_RTSE | USART_CR3_CTSE | USART_CR3_ONEBIT), tmpreg);
 800a878:	f424 6430 	bic.w	r4, r4, #2816	@ 0xb00
  tmpreg = (uint32_t)huart->Init.HwFlowCtl | huart->Init.OneBitSampling ;
 800a87c:	432a      	orrs	r2, r5
  MODIFY_REG(huart->Instance->CR3, (USART_CR3_RTSE | USART_CR3_CTSE | USART_CR3_ONEBIT), tmpreg);
 800a87e:	4322      	orrs	r2, r4
  UART_GETCLOCKSOURCE(huart, clocksource);
 800a880:	4c5c      	ldr	r4, [pc, #368]	@ (800a9f4 <HAL_UART_Init+0x1d0>)
  MODIFY_REG(huart->Instance->CR3, (USART_CR3_RTSE | USART_CR3_CTSE | USART_CR3_ONEBIT), tmpreg);
 800a882:	609a      	str	r2, [r3, #8]
  UART_GETCLOCKSOURCE(huart, clocksource);
 800a884:	42a3      	cmp	r3, r4
 800a886:	d015      	beq.n	800a8b4 <HAL_UART_Init+0x90>
 800a888:	4a5b      	ldr	r2, [pc, #364]	@ (800a9f8 <HAL_UART_Init+0x1d4>)
 800a88a:	4293      	cmp	r3, r2
 800a88c:	d035      	beq.n	800a8fa <HAL_UART_Init+0xd6>
 800a88e:	4a5b      	ldr	r2, [pc, #364]	@ (800a9fc <HAL_UART_Init+0x1d8>)
 800a890:	4293      	cmp	r3, r2
 800a892:	d07d      	beq.n	800a990 <HAL_UART_Init+0x16c>
 800a894:	4a5a      	ldr	r2, [pc, #360]	@ (800aa00 <HAL_UART_Init+0x1dc>)
 800a896:	4293      	cmp	r3, r2
 800a898:	d046      	beq.n	800a928 <HAL_UART_Init+0x104>
 800a89a:	4a5a      	ldr	r2, [pc, #360]	@ (800aa04 <HAL_UART_Init+0x1e0>)
 800a89c:	4293      	cmp	r3, r2
 800a89e:	d05e      	beq.n	800a95e <HAL_UART_Init+0x13a>
  if (huart->Init.OverSampling == UART_OVERSAMPLING_8)
 800a8a0:	f5b1 4f00 	cmp.w	r1, #32768	@ 0x8000
 800a8a4:	f000 80a3 	beq.w	800a9ee <HAL_UART_Init+0x1ca>
}
 800a8a8:	2001      	movs	r0, #1
 800a8aa:	bc30      	pop	{r4, r5}
 800a8ac:	4770      	bx	lr
    huart->Lock = HAL_UNLOCKED;
 800a8ae:	f880 2068 	strb.w	r2, [r0, #104]	@ 0x68
 800a8b2:	e7c1      	b.n	800a838 <HAL_UART_Init+0x14>
  UART_GETCLOCKSOURCE(huart, clocksource);
 800a8b4:	4a54      	ldr	r2, [pc, #336]	@ (800aa08 <HAL_UART_Init+0x1e4>)
 800a8b6:	6b12      	ldr	r2, [r2, #48]	@ 0x30
 800a8b8:	f002 0203 	and.w	r2, r2, #3
 800a8bc:	2a02      	cmp	r2, #2
 800a8be:	d056      	beq.n	800a96e <HAL_UART_Init+0x14a>
 800a8c0:	2a03      	cmp	r2, #3
 800a8c2:	d03d      	beq.n	800a940 <HAL_UART_Init+0x11c>
        usartdiv = (uint16_t)(UART_DIV_SAMPLING8(HAL_RCC_GetPCLK2Freq(), huart->Init.BaudRate));
 800a8c4:	6844      	ldr	r4, [r0, #4]
  if (huart->Init.OverSampling == UART_OVERSAMPLING_8)
 800a8c6:	f5b1 4f00 	cmp.w	r1, #32768	@ 0x8000
        usartdiv = (uint16_t)(UART_DIV_SAMPLING8(HAL_RCC_GetSysClockFreq(), huart->Init.BaudRate));
 800a8ca:	ea4f 0254 	mov.w	r2, r4, lsr #1
  if (huart->Init.OverSampling == UART_OVERSAMPLING_8)
 800a8ce:	d06c      	beq.n	800a9aa <HAL_UART_Init+0x186>
        huart->Instance->BRR = (uint16_t)(UART_DIV_SAMPLING16(HAL_RCC_GetSysClockFreq(), huart->Init.BaudRate));
 800a8d0:	f502 02e1 	add.w	r2, r2, #7372800	@ 0x708000
 800a8d4:	fbb2 f2f4 	udiv	r2, r2, r4
 800a8d8:	b292      	uxth	r2, r2
 800a8da:	60da      	str	r2, [r3, #12]
  CLEAR_BIT(huart->Instance->CR2, (USART_CR2_LINEN | USART_CR2_CLKEN));
 800a8dc:	685a      	ldr	r2, [r3, #4]
 800a8de:	f422 4290 	bic.w	r2, r2, #18432	@ 0x4800
 800a8e2:	605a      	str	r2, [r3, #4]
  CLEAR_BIT(huart->Instance->CR3, (USART_CR3_SCEN | USART_CR3_HDSEL | USART_CR3_IREN));
 800a8e4:	689a      	ldr	r2, [r3, #8]
 800a8e6:	f022 022a 	bic.w	r2, r2, #42	@ 0x2a
 800a8ea:	609a      	str	r2, [r3, #8]
  __HAL_UART_ENABLE(huart);
 800a8ec:	681a      	ldr	r2, [r3, #0]
 800a8ee:	f042 0201 	orr.w	r2, r2, #1
}
 800a8f2:	bc30      	pop	{r4, r5}
  __HAL_UART_ENABLE(huart);
 800a8f4:	601a      	str	r2, [r3, #0]
  return UART_CheckIdleState(huart);
 800a8f6:	f7ff bf3f 	b.w	800a778 <UART_CheckIdleState>
  UART_GETCLOCKSOURCE(huart, clocksource);
 800a8fa:	f502 32e6 	add.w	r2, r2, #117760	@ 0x1cc00
 800a8fe:	6b12      	ldr	r2, [r2, #48]	@ 0x30
 800a900:	f402 3240 	and.w	r2, r2, #196608	@ 0x30000
 800a904:	f5b2 3f00 	cmp.w	r2, #131072	@ 0x20000
 800a908:	d031      	beq.n	800a96e <HAL_UART_Init+0x14a>
 800a90a:	d83d      	bhi.n	800a988 <HAL_UART_Init+0x164>
 800a90c:	2a00      	cmp	r2, #0
 800a90e:	d1d9      	bne.n	800a8c4 <HAL_UART_Init+0xa0>
  if (huart->Init.OverSampling == UART_OVERSAMPLING_8)
 800a910:	f5b1 4f00 	cmp.w	r1, #32768	@ 0x8000
 800a914:	d05c      	beq.n	800a9d0 <HAL_UART_Init+0x1ac>
        huart->Instance->BRR = (uint16_t)(UART_DIV_SAMPLING16(HAL_RCC_GetPCLK1Freq(), huart->Init.BaudRate));
 800a916:	6841      	ldr	r1, [r0, #4]
 800a918:	084a      	lsrs	r2, r1, #1
 800a91a:	f502 02e1 	add.w	r2, r2, #7372800	@ 0x708000
 800a91e:	fbb2 f2f1 	udiv	r2, r2, r1
 800a922:	b292      	uxth	r2, r2
 800a924:	60da      	str	r2, [r3, #12]
  return ret;
 800a926:	e7d9      	b.n	800a8dc <HAL_UART_Init+0xb8>
  UART_GETCLOCKSOURCE(huart, clocksource);
 800a928:	f502 32e2 	add.w	r2, r2, #115712	@ 0x1c400
 800a92c:	6b12      	ldr	r2, [r2, #48]	@ 0x30
 800a92e:	f402 1240 	and.w	r2, r2, #3145728	@ 0x300000
 800a932:	f5b2 1f00 	cmp.w	r2, #2097152	@ 0x200000
 800a936:	d01a      	beq.n	800a96e <HAL_UART_Init+0x14a>
 800a938:	d9e8      	bls.n	800a90c <HAL_UART_Init+0xe8>
 800a93a:	f5b2 1f40 	cmp.w	r2, #3145728	@ 0x300000
 800a93e:	d1af      	bne.n	800a8a0 <HAL_UART_Init+0x7c>
        usartdiv = (uint16_t)(UART_DIV_SAMPLING8(HAL_RCC_GetPCLK2Freq(), huart->Init.BaudRate));
 800a940:	6844      	ldr	r4, [r0, #4]
  if (huart->Init.OverSampling == UART_OVERSAMPLING_8)
 800a942:	f5b1 4f00 	cmp.w	r1, #32768	@ 0x8000
        usartdiv = (uint16_t)(UART_DIV_SAMPLING8(HSI_VALUE, huart->Init.BaudRate));
 800a946:	ea4f 0254 	mov.w	r2, r4, lsr #1
  if (huart->Init.OverSampling == UART_OVERSAMPLING_8)
 800a94a:	d048      	beq.n	800a9de <HAL_UART_Init+0x1ba>
        huart->Instance->BRR = (uint16_t)(UART_DIV_SAMPLING16(HSI_VALUE, huart->Init.BaudRate));
 800a94c:	f502 0274 	add.w	r2, r2, #15990784	@ 0xf40000
 800a950:	f502 5210 	add.w	r2, r2, #9216	@ 0x2400
 800a954:	fbb2 f2f4 	udiv	r2, r2, r4
 800a958:	b292      	uxth	r2, r2
 800a95a:	60da      	str	r2, [r3, #12]
  return ret;
 800a95c:	e7be      	b.n	800a8dc <HAL_UART_Init+0xb8>
  UART_GETCLOCKSOURCE(huart, clocksource);
 800a95e:	f502 32e0 	add.w	r2, r2, #114688	@ 0x1c000
 800a962:	6b12      	ldr	r2, [r2, #48]	@ 0x30
 800a964:	f402 0240 	and.w	r2, r2, #12582912	@ 0xc00000
 800a968:	f5b2 0f00 	cmp.w	r2, #8388608	@ 0x800000
 800a96c:	d12b      	bne.n	800a9c6 <HAL_UART_Init+0x1a2>
        usartdiv = (uint16_t)(UART_DIV_SAMPLING8(HAL_RCC_GetPCLK2Freq(), huart->Init.BaudRate));
 800a96e:	6844      	ldr	r4, [r0, #4]
  if (huart->Init.OverSampling == UART_OVERSAMPLING_8)
 800a970:	f5b1 4f00 	cmp.w	r1, #32768	@ 0x8000
        usartdiv = (uint16_t)(UART_DIV_SAMPLING8(LSE_VALUE, huart->Init.BaudRate));
 800a974:	ea4f 0254 	mov.w	r2, r4, lsr #1
  if (huart->Init.OverSampling == UART_OVERSAMPLING_8)
 800a978:	d036      	beq.n	800a9e8 <HAL_UART_Init+0x1c4>
        huart->Instance->BRR = (uint16_t)(UART_DIV_SAMPLING16(LSE_VALUE, huart->Init.BaudRate));
 800a97a:	f502 4200 	add.w	r2, r2, #32768	@ 0x8000
 800a97e:	fbb2 f2f4 	udiv	r2, r2, r4
 800a982:	b292      	uxth	r2, r2
 800a984:	60da      	str	r2, [r3, #12]
  return ret;
 800a986:	e7a9      	b.n	800a8dc <HAL_UART_Init+0xb8>
  UART_GETCLOCKSOURCE(huart, clocksource);
 800a988:	f5b2 3f40 	cmp.w	r2, #196608	@ 0x30000
 800a98c:	d0d8      	beq.n	800a940 <HAL_UART_Init+0x11c>
 800a98e:	e787      	b.n	800a8a0 <HAL_UART_Init+0x7c>
 800a990:	f502 32e4 	add.w	r2, r2, #116736	@ 0x1c800
 800a994:	6b12      	ldr	r2, [r2, #48]	@ 0x30
 800a996:	f402 2240 	and.w	r2, r2, #786432	@ 0xc0000
 800a99a:	f5b2 2f00 	cmp.w	r2, #524288	@ 0x80000
 800a99e:	d0e6      	beq.n	800a96e <HAL_UART_Init+0x14a>
 800a9a0:	d9b4      	bls.n	800a90c <HAL_UART_Init+0xe8>
 800a9a2:	f5b2 2f40 	cmp.w	r2, #786432	@ 0xc0000
 800a9a6:	d0cb      	beq.n	800a940 <HAL_UART_Init+0x11c>
 800a9a8:	e77a      	b.n	800a8a0 <HAL_UART_Init+0x7c>
        usartdiv = (uint16_t)(UART_DIV_SAMPLING8(HAL_RCC_GetSysClockFreq(), huart->Init.BaudRate));
 800a9aa:	f502 0261 	add.w	r2, r2, #14745600	@ 0xe10000
        usartdiv = (uint16_t)(UART_DIV_SAMPLING8(LSE_VALUE, huart->Init.BaudRate));
 800a9ae:	fbb2 f2f4 	udiv	r2, r2, r4
    brrtemp = usartdiv & 0xFFF0U;
 800a9b2:	f022 010f 	bic.w	r1, r2, #15
 800a9b6:	b289      	uxth	r1, r1
    brrtemp |= (uint16_t)((usartdiv & (uint16_t)0x000FU) >> 1U);
 800a9b8:	f3c2 0242 	ubfx	r2, r2, #1, #3
    huart->Instance->BRR = brrtemp;
 800a9bc:	430a      	orrs	r2, r1
 800a9be:	60da      	str	r2, [r3, #12]
  return ret;
 800a9c0:	e78c      	b.n	800a8dc <HAL_UART_Init+0xb8>
}
 800a9c2:	2001      	movs	r0, #1
 800a9c4:	4770      	bx	lr
  UART_GETCLOCKSOURCE(huart, clocksource);
 800a9c6:	d9a1      	bls.n	800a90c <HAL_UART_Init+0xe8>
 800a9c8:	f5b2 0f40 	cmp.w	r2, #12582912	@ 0xc00000
 800a9cc:	d0b8      	beq.n	800a940 <HAL_UART_Init+0x11c>
 800a9ce:	e767      	b.n	800a8a0 <HAL_UART_Init+0x7c>
        usartdiv = (uint16_t)(UART_DIV_SAMPLING8(HAL_RCC_GetPCLK1Freq(), huart->Init.BaudRate));
 800a9d0:	6841      	ldr	r1, [r0, #4]
 800a9d2:	084a      	lsrs	r2, r1, #1
 800a9d4:	f502 0261 	add.w	r2, r2, #14745600	@ 0xe10000
 800a9d8:	fbb2 f2f1 	udiv	r2, r2, r1
    brrtemp = usartdiv & 0xFFF0U;
 800a9dc:	e7e9      	b.n	800a9b2 <HAL_UART_Init+0x18e>
        usartdiv = (uint16_t)(UART_DIV_SAMPLING8(HSI_VALUE, huart->Init.BaudRate));
 800a9de:	f102 72f4 	add.w	r2, r2, #31981568	@ 0x1e80000
 800a9e2:	f502 4290 	add.w	r2, r2, #18432	@ 0x4800
 800a9e6:	e7e2      	b.n	800a9ae <HAL_UART_Init+0x18a>
        usartdiv = (uint16_t)(UART_DIV_SAMPLING8(LSE_VALUE, huart->Init.BaudRate));
 800a9e8:	f502 3280 	add.w	r2, r2, #65536	@ 0x10000
 800a9ec:	e7df      	b.n	800a9ae <HAL_UART_Init+0x18a>
    huart->Instance->BRR = brrtemp;
 800a9ee:	2200      	movs	r2, #0
 800a9f0:	60da      	str	r2, [r3, #12]
  return ret;
 800a9f2:	e759      	b.n	800a8a8 <HAL_UART_Init+0x84>
 800a9f4:	40013800 	.word	0x40013800
 800a9f8:	40004400 	.word	0x40004400
 800a9fc:	40004800 	.word	0x40004800
 800aa00:	40004c00 	.word	0x40004c00
 800aa04:	40005000 	.word	0x40005000
 800aa08:	40021000 	.word	0x40021000

0800aa0c <HAL_UART_Transmit>:
{
  uint16_t* tmp;
  uint32_t tickstart = 0U;

  /* Check that a Tx process is not already ongoing */
  if(huart->gState == HAL_UART_STATE_READY)
 800aa0c:	f890 c069 	ldrb.w	ip, [r0, #105]	@ 0x69
 800aa10:	f1bc 0f20 	cmp.w	ip, #32
 800aa14:	d14d      	bne.n	800aab2 <HAL_UART_Transmit+0xa6>
  {
    if((pData == NULL ) || (Size == 0U))
 800aa16:	2900      	cmp	r1, #0
 800aa18:	d040      	beq.n	800aa9c <HAL_UART_Transmit+0x90>
 800aa1a:	2a00      	cmp	r2, #0
 800aa1c:	d03e      	beq.n	800aa9c <HAL_UART_Transmit+0x90>
{
 800aa1e:	b5f0      	push	{r4, r5, r6, r7, lr}
    {
      return  HAL_ERROR;
    }

    /* Process Locked */
    __HAL_LOCK(huart);
 800aa20:	f890 4068 	ldrb.w	r4, [r0, #104]	@ 0x68
 800aa24:	2c01      	cmp	r4, #1
 800aa26:	f000 8096 	beq.w	800ab56 <HAL_UART_Transmit+0x14a>
 800aa2a:	2401      	movs	r4, #1
 800aa2c:	f880 4068 	strb.w	r4, [r0, #104]	@ 0x68

    huart->ErrorCode = HAL_UART_ERROR_NONE;
 800aa30:	2400      	movs	r4, #0
 800aa32:	66c4      	str	r4, [r0, #108]	@ 0x6c
	return hal_sys_tick++;
 800aa34:	4e49      	ldr	r6, [pc, #292]	@ (800ab5c <HAL_UART_Transmit+0x150>)
    huart->gState = HAL_UART_STATE_BUSY_TX;

    /* Init tickstart for timeout managment*/
    tickstart = HAL_GetTick();

    huart->TxXferSize = Size;
 800aa36:	f8a0 2050 	strh.w	r2, [r0, #80]	@ 0x50
    huart->gState = HAL_UART_STATE_BUSY_TX;
 800aa3a:	2421      	movs	r4, #33	@ 0x21
 800aa3c:	f880 4069 	strb.w	r4, [r0, #105]	@ 0x69
    huart->TxXferCount = Size;
 800aa40:	f8a0 2052 	strh.w	r2, [r0, #82]	@ 0x52
	return hal_sys_tick++;
 800aa44:	6834      	ldr	r4, [r6, #0]
    while(huart->TxXferCount > 0U)
 800aa46:	f8b0 e052 	ldrh.w	lr, [r0, #82]	@ 0x52
  while((__HAL_UART_GET_FLAG(huart, Flag) ? SET : RESET) == Status)
 800aa4a:	6802      	ldr	r2, [r0, #0]
	return hal_sys_tick++;
 800aa4c:	1c65      	adds	r5, r4, #1
    while(huart->TxXferCount > 0U)
 800aa4e:	fa1f f78e 	uxth.w	r7, lr
	return hal_sys_tick++;
 800aa52:	6035      	str	r5, [r6, #0]
    while(huart->TxXferCount > 0U)
 800aa54:	2f00      	cmp	r7, #0
 800aa56:	d063      	beq.n	800ab20 <HAL_UART_Transmit+0x114>
 800aa58:	1c5d      	adds	r5, r3, #1
 800aa5a:	d141      	bne.n	800aae0 <HAL_UART_Transmit+0xd4>
 800aa5c:	6884      	ldr	r4, [r0, #8]
    {
      huart->TxXferCount--;
 800aa5e:	f8b0 3052 	ldrh.w	r3, [r0, #82]	@ 0x52
 800aa62:	3b01      	subs	r3, #1
 800aa64:	b29b      	uxth	r3, r3
 800aa66:	f8a0 3052 	strh.w	r3, [r0, #82]	@ 0x52
  while((__HAL_UART_GET_FLAG(huart, Flag) ? SET : RESET) == Status)
 800aa6a:	69d3      	ldr	r3, [r2, #28]
 800aa6c:	061b      	lsls	r3, r3, #24
 800aa6e:	d5fc      	bpl.n	800aa6a <HAL_UART_Transmit+0x5e>
      if(UART_WaitOnFlagUntilTimeout(huart, UART_FLAG_TXE, RESET, tickstart, Timeout) != HAL_OK)
      {
        return HAL_TIMEOUT;
      }
      if ((huart->Init.WordLength == UART_WORDLENGTH_9B) && (huart->Init.Parity == UART_PARITY_NONE))
 800aa70:	f5b4 5f80 	cmp.w	r4, #4096	@ 0x1000
 800aa74:	d014      	beq.n	800aaa0 <HAL_UART_Transmit+0x94>
        huart->Instance->TDR = (*tmp & (uint16_t)0x01FFU);
        pData += 2U;
      }
      else
      {
        huart->Instance->TDR = (*pData++ & (uint8_t)0xFFU);
 800aa76:	f811 3b01 	ldrb.w	r3, [r1], #1
 800aa7a:	8513      	strh	r3, [r2, #40]	@ 0x28
    while(huart->TxXferCount > 0U)
 800aa7c:	f8b0 3052 	ldrh.w	r3, [r0, #82]	@ 0x52
 800aa80:	b29b      	uxth	r3, r3
 800aa82:	2b00      	cmp	r3, #0
 800aa84:	d1eb      	bne.n	800aa5e <HAL_UART_Transmit+0x52>
  while((__HAL_UART_GET_FLAG(huart, Flag) ? SET : RESET) == Status)
 800aa86:	69d3      	ldr	r3, [r2, #28]
 800aa88:	065e      	lsls	r6, r3, #25
 800aa8a:	d5fc      	bpl.n	800aa86 <HAL_UART_Transmit+0x7a>

    /* At end of Tx process, restore huart->gState to Ready */
    huart->gState = HAL_UART_STATE_READY;

    /* Process Unlocked */
    __HAL_UNLOCK(huart);
 800aa8c:	2300      	movs	r3, #0
    huart->gState = HAL_UART_STATE_READY;
 800aa8e:	2220      	movs	r2, #32
 800aa90:	f880 2069 	strb.w	r2, [r0, #105]	@ 0x69
    __HAL_UNLOCK(huart);
 800aa94:	f880 3068 	strb.w	r3, [r0, #104]	@ 0x68

    return HAL_OK;
 800aa98:	4618      	mov	r0, r3
  }
  else
  {
    return HAL_BUSY;
  }
}
 800aa9a:	bdf0      	pop	{r4, r5, r6, r7, pc}
      return  HAL_ERROR;
 800aa9c:	2001      	movs	r0, #1
}
 800aa9e:	4770      	bx	lr
      if ((huart->Init.WordLength == UART_WORDLENGTH_9B) && (huart->Init.Parity == UART_PARITY_NONE))
 800aaa0:	6903      	ldr	r3, [r0, #16]
 800aaa2:	2b00      	cmp	r3, #0
 800aaa4:	d1e7      	bne.n	800aa76 <HAL_UART_Transmit+0x6a>
        huart->Instance->TDR = (*tmp & (uint16_t)0x01FFU);
 800aaa6:	f831 3b02 	ldrh.w	r3, [r1], #2
 800aaaa:	f3c3 0308 	ubfx	r3, r3, #0, #9
 800aaae:	8513      	strh	r3, [r2, #40]	@ 0x28
        pData += 2U;
 800aab0:	e7e4      	b.n	800aa7c <HAL_UART_Transmit+0x70>
    __HAL_LOCK(huart);
 800aab2:	2002      	movs	r0, #2
 800aab4:	4770      	bx	lr
      if((Timeout == 0U) || ((HAL_GetTick()-Tickstart) > Timeout))
 800aab6:	eba5 0e04 	sub.w	lr, r5, r4
 800aaba:	4573      	cmp	r3, lr
	return hal_sys_tick++;
 800aabc:	f105 0501 	add.w	r5, r5, #1
 800aac0:	6035      	str	r5, [r6, #0]
      if((Timeout == 0U) || ((HAL_GetTick()-Tickstart) > Timeout))
 800aac2:	d31b      	bcc.n	800aafc <HAL_UART_Transmit+0xf0>
  while((__HAL_UART_GET_FLAG(huart, Flag) ? SET : RESET) == Status)
 800aac4:	69d7      	ldr	r7, [r2, #28]
 800aac6:	063f      	lsls	r7, r7, #24
 800aac8:	d5f5      	bpl.n	800aab6 <HAL_UART_Transmit+0xaa>
      if ((huart->Init.WordLength == UART_WORDLENGTH_9B) && (huart->Init.Parity == UART_PARITY_NONE))
 800aaca:	6885      	ldr	r5, [r0, #8]
 800aacc:	f5b5 5f80 	cmp.w	r5, #4096	@ 0x1000
 800aad0:	d038      	beq.n	800ab44 <HAL_UART_Transmit+0x138>
        huart->Instance->TDR = (*pData++ & (uint8_t)0xFFU);
 800aad2:	f811 5b01 	ldrb.w	r5, [r1], #1
 800aad6:	8515      	strh	r5, [r2, #40]	@ 0x28
    while(huart->TxXferCount > 0U)
 800aad8:	f8b0 5052 	ldrh.w	r5, [r0, #82]	@ 0x52
 800aadc:	b2ad      	uxth	r5, r5
 800aade:	b30d      	cbz	r5, 800ab24 <HAL_UART_Transmit+0x118>
      huart->TxXferCount--;
 800aae0:	f8b0 e052 	ldrh.w	lr, [r0, #82]	@ 0x52
 800aae4:	6835      	ldr	r5, [r6, #0]
 800aae6:	f10e 3eff 	add.w	lr, lr, #4294967295	@ 0xffffffff
 800aaea:	fa1f fe8e 	uxth.w	lr, lr
 800aaee:	f8a0 e052 	strh.w	lr, [r0, #82]	@ 0x52
  while((__HAL_UART_GET_FLAG(huart, Flag) ? SET : RESET) == Status)
 800aaf2:	69d7      	ldr	r7, [r2, #28]
 800aaf4:	063f      	lsls	r7, r7, #24
 800aaf6:	d4e8      	bmi.n	800aaca <HAL_UART_Transmit+0xbe>
      if((Timeout == 0U) || ((HAL_GetTick()-Tickstart) > Timeout))
 800aaf8:	2b00      	cmp	r3, #0
 800aafa:	d1dc      	bne.n	800aab6 <HAL_UART_Transmit+0xaa>
        CLEAR_BIT(huart->Instance->CR1, (USART_CR1_RXNEIE | USART_CR1_PEIE | USART_CR1_TXEIE));
 800aafc:	6813      	ldr	r3, [r2, #0]
 800aafe:	f423 73d0 	bic.w	r3, r3, #416	@ 0x1a0
 800ab02:	6013      	str	r3, [r2, #0]
        CLEAR_BIT(huart->Instance->CR3, USART_CR3_EIE);
 800ab04:	6893      	ldr	r3, [r2, #8]
 800ab06:	f023 0301 	bic.w	r3, r3, #1
 800ab0a:	6093      	str	r3, [r2, #8]
        huart->gState  = HAL_UART_STATE_READY;
 800ab0c:	2120      	movs	r1, #32
        __HAL_UNLOCK(huart);
 800ab0e:	2300      	movs	r3, #0
        huart->gState  = HAL_UART_STATE_READY;
 800ab10:	f880 1069 	strb.w	r1, [r0, #105]	@ 0x69
        __HAL_UNLOCK(huart);
 800ab14:	f880 3068 	strb.w	r3, [r0, #104]	@ 0x68
        huart->RxState = HAL_UART_STATE_READY;
 800ab18:	f880 106a 	strb.w	r1, [r0, #106]	@ 0x6a
        return HAL_TIMEOUT;
 800ab1c:	2003      	movs	r0, #3
}
 800ab1e:	bdf0      	pop	{r4, r5, r6, r7, pc}
 800ab20:	1c5f      	adds	r7, r3, #1
 800ab22:	d0b0      	beq.n	800aa86 <HAL_UART_Transmit+0x7a>
  while((__HAL_UART_GET_FLAG(huart, Flag) ? SET : RESET) == Status)
 800ab24:	69d5      	ldr	r5, [r2, #28]
 800ab26:	6831      	ldr	r1, [r6, #0]
 800ab28:	066d      	lsls	r5, r5, #25
 800ab2a:	d4af      	bmi.n	800aa8c <HAL_UART_Transmit+0x80>
      if((Timeout == 0U) || ((HAL_GetTick()-Tickstart) > Timeout))
 800ab2c:	2b00      	cmp	r3, #0
 800ab2e:	d0e5      	beq.n	800aafc <HAL_UART_Transmit+0xf0>
 800ab30:	1b0d      	subs	r5, r1, r4
 800ab32:	42ab      	cmp	r3, r5
	return hal_sys_tick++;
 800ab34:	f101 0101 	add.w	r1, r1, #1
 800ab38:	6031      	str	r1, [r6, #0]
      if((Timeout == 0U) || ((HAL_GetTick()-Tickstart) > Timeout))
 800ab3a:	d3df      	bcc.n	800aafc <HAL_UART_Transmit+0xf0>
  while((__HAL_UART_GET_FLAG(huart, Flag) ? SET : RESET) == Status)
 800ab3c:	69d5      	ldr	r5, [r2, #28]
 800ab3e:	066d      	lsls	r5, r5, #25
 800ab40:	d5f6      	bpl.n	800ab30 <HAL_UART_Transmit+0x124>
 800ab42:	e7a3      	b.n	800aa8c <HAL_UART_Transmit+0x80>
      if ((huart->Init.WordLength == UART_WORDLENGTH_9B) && (huart->Init.Parity == UART_PARITY_NONE))
 800ab44:	6905      	ldr	r5, [r0, #16]
 800ab46:	2d00      	cmp	r5, #0
 800ab48:	d1c3      	bne.n	800aad2 <HAL_UART_Transmit+0xc6>
        huart->Instance->TDR = (*tmp & (uint16_t)0x01FFU);
 800ab4a:	f831 5b02 	ldrh.w	r5, [r1], #2
 800ab4e:	f3c5 0508 	ubfx	r5, r5, #0, #9
 800ab52:	8515      	strh	r5, [r2, #40]	@ 0x28
        pData += 2U;
 800ab54:	e7c0      	b.n	800aad8 <HAL_UART_Transmit+0xcc>
    __HAL_LOCK(huart);
 800ab56:	2002      	movs	r0, #2
}
 800ab58:	bdf0      	pop	{r4, r5, r6, r7, pc}
 800ab5a:	bf00      	nop
 800ab5c:	20001348 	.word	0x20001348

0800ab60 <HAL_UART_Receive>:
  * @param Size: amount of data to be received.
  * @param Timeout: Timeout duration.
  * @retval HAL status
  */
HAL_StatusTypeDef HAL_UART_Receive(UART_HandleTypeDef *huart, uint8_t *pData, uint16_t Size, uint32_t Timeout)
{
 800ab60:	4684      	mov	ip, r0
  uint16_t* tmp;
  uint16_t uhMask;
  uint32_t tickstart = 0U;

  /* Check that a Rx process is not already ongoing */
  if(huart->RxState == HAL_UART_STATE_READY)
 800ab62:	f890 006a 	ldrb.w	r0, [r0, #106]	@ 0x6a
 800ab66:	2820      	cmp	r0, #32
 800ab68:	d14e      	bne.n	800ac08 <HAL_UART_Receive+0xa8>
  {
    if((pData == NULL ) || (Size == 0U))
 800ab6a:	2900      	cmp	r1, #0
 800ab6c:	f000 80a3 	beq.w	800acb6 <HAL_UART_Receive+0x156>
{
 800ab70:	b5f0      	push	{r4, r5, r6, r7, lr}
 800ab72:	4614      	mov	r4, r2
    if((pData == NULL ) || (Size == 0U))
 800ab74:	2a00      	cmp	r2, #0
 800ab76:	d049      	beq.n	800ac0c <HAL_UART_Receive+0xac>
    {
      return  HAL_ERROR;
    }

    /* Process Locked */
    __HAL_LOCK(huart);
 800ab78:	f89c 2068 	ldrb.w	r2, [ip, #104]	@ 0x68
 800ab7c:	2a01      	cmp	r2, #1
 800ab7e:	f000 80b1 	beq.w	800ace4 <HAL_UART_Receive+0x184>
	return hal_sys_tick++;
 800ab82:	4d59      	ldr	r5, [pc, #356]	@ (800ace8 <HAL_UART_Receive+0x188>)

    huart->RxXferSize = Size;
    huart->RxXferCount = Size;

    /* Computation of UART mask to apply to RDR register */
    UART_MASK_COMPUTATION(huart);
 800ab84:	f8dc 0008 	ldr.w	r0, [ip, #8]
	return hal_sys_tick++;
 800ab88:	682e      	ldr	r6, [r5, #0]
    __HAL_LOCK(huart);
 800ab8a:	2201      	movs	r2, #1
 800ab8c:	f88c 2068 	strb.w	r2, [ip, #104]	@ 0x68
    huart->Instance->ICR = 0xFFFFFFFF;
 800ab90:	f8dc 2000 	ldr.w	r2, [ip]
 800ab94:	f04f 37ff 	mov.w	r7, #4294967295	@ 0xffffffff
 800ab98:	6217      	str	r7, [r2, #32]
    huart->RxState = HAL_UART_STATE_BUSY_RX;
 800ab9a:	f04f 0e22 	mov.w	lr, #34	@ 0x22
    huart->ErrorCode = HAL_UART_ERROR_NONE;
 800ab9e:	2700      	movs	r7, #0
 800aba0:	f8cc 706c 	str.w	r7, [ip, #108]	@ 0x6c
    huart->RxXferSize = Size;
 800aba4:	f8ac 4058 	strh.w	r4, [ip, #88]	@ 0x58
    huart->RxState = HAL_UART_STATE_BUSY_RX;
 800aba8:	f88c e06a 	strb.w	lr, [ip, #106]	@ 0x6a
    UART_MASK_COMPUTATION(huart);
 800abac:	f5b0 5f80 	cmp.w	r0, #4096	@ 0x1000
    huart->RxXferCount = Size;
 800abb0:	f8ac 405a 	strh.w	r4, [ip, #90]	@ 0x5a
	return hal_sys_tick++;
 800abb4:	f106 0401 	add.w	r4, r6, #1
 800abb8:	602c      	str	r4, [r5, #0]
    UART_MASK_COMPUTATION(huart);
 800abba:	d07e      	beq.n	800acba <HAL_UART_Receive+0x15a>
 800abbc:	2800      	cmp	r0, #0
 800abbe:	d05f      	beq.n	800ac80 <HAL_UART_Receive+0x120>
    uhMask = huart->Mask;
 800abc0:	f8bc 405c 	ldrh.w	r4, [ip, #92]	@ 0x5c

    /* as long as data have to be received */
    while(huart->RxXferCount > 0U)
 800abc4:	f8bc e05a 	ldrh.w	lr, [ip, #90]	@ 0x5a
 800abc8:	fa1f f78e 	uxth.w	r7, lr
 800abcc:	2f00      	cmp	r7, #0
 800abce:	d06b      	beq.n	800aca8 <HAL_UART_Receive+0x148>
 800abd0:	1c5f      	adds	r7, r3, #1
 800abd2:	d137      	bne.n	800ac44 <HAL_UART_Receive+0xe4>
    {
      huart->RxXferCount--;
 800abd4:	f8bc 305a 	ldrh.w	r3, [ip, #90]	@ 0x5a
 800abd8:	3b01      	subs	r3, #1
 800abda:	b29b      	uxth	r3, r3
 800abdc:	f8ac 305a 	strh.w	r3, [ip, #90]	@ 0x5a
  while((__HAL_UART_GET_FLAG(huart, Flag) ? SET : RESET) == Status)
 800abe0:	69d3      	ldr	r3, [r2, #28]
 800abe2:	069b      	lsls	r3, r3, #26
 800abe4:	d5fc      	bpl.n	800abe0 <HAL_UART_Receive+0x80>
      if(UART_WaitOnFlagUntilTimeout(huart, UART_FLAG_RXNE, RESET, tickstart, Timeout) != HAL_OK)
      {
        return HAL_TIMEOUT;
      }
      if ((huart->Init.WordLength == UART_WORDLENGTH_9B) && (huart->Init.Parity == UART_PARITY_NONE))
 800abe6:	f5b0 5f80 	cmp.w	r0, #4096	@ 0x1000
 800abea:	d050      	beq.n	800ac8e <HAL_UART_Receive+0x12e>
        *tmp = (uint16_t)(huart->Instance->RDR & uhMask);
        pData +=2U;
      }
      else
      {
        *pData++ = (uint8_t)(huart->Instance->RDR & (uint8_t)uhMask);
 800abec:	8c93      	ldrh	r3, [r2, #36]	@ 0x24
 800abee:	4023      	ands	r3, r4
 800abf0:	f801 3b01 	strb.w	r3, [r1], #1
    while(huart->RxXferCount > 0U)
 800abf4:	f8bc 305a 	ldrh.w	r3, [ip, #90]	@ 0x5a
 800abf8:	b29b      	uxth	r3, r3
 800abfa:	2b00      	cmp	r3, #0
 800abfc:	d054      	beq.n	800aca8 <HAL_UART_Receive+0x148>
  while((__HAL_UART_GET_FLAG(huart, Flag) ? SET : RESET) == Status)
 800abfe:	f8dc 2000 	ldr.w	r2, [ip]
 800ac02:	f8dc 0008 	ldr.w	r0, [ip, #8]
 800ac06:	e7e5      	b.n	800abd4 <HAL_UART_Receive+0x74>
    __HAL_LOCK(huart);
 800ac08:	2002      	movs	r0, #2
 800ac0a:	4770      	bx	lr
      return  HAL_ERROR;
 800ac0c:	2001      	movs	r0, #1
  }
  else
  {
    return HAL_BUSY;
  }
}
 800ac0e:	bdf0      	pop	{r4, r5, r6, r7, pc}
      if((Timeout == 0U) || ((HAL_GetTick()-Tickstart) > Timeout))
 800ac10:	eba0 0e06 	sub.w	lr, r0, r6
 800ac14:	4573      	cmp	r3, lr
	return hal_sys_tick++;
 800ac16:	f100 0001 	add.w	r0, r0, #1
 800ac1a:	6028      	str	r0, [r5, #0]
      if((Timeout == 0U) || ((HAL_GetTick()-Tickstart) > Timeout))
 800ac1c:	d31e      	bcc.n	800ac5c <HAL_UART_Receive+0xfc>
  while((__HAL_UART_GET_FLAG(huart, Flag) ? SET : RESET) == Status)
 800ac1e:	69d7      	ldr	r7, [r2, #28]
 800ac20:	06bf      	lsls	r7, r7, #26
 800ac22:	d5f5      	bpl.n	800ac10 <HAL_UART_Receive+0xb0>
      if ((huart->Init.WordLength == UART_WORDLENGTH_9B) && (huart->Init.Parity == UART_PARITY_NONE))
 800ac24:	f8dc 0008 	ldr.w	r0, [ip, #8]
 800ac28:	f5b0 5f80 	cmp.w	r0, #4096	@ 0x1000
 800ac2c:	d051      	beq.n	800acd2 <HAL_UART_Receive+0x172>
        *pData++ = (uint8_t)(huart->Instance->RDR & (uint8_t)uhMask);
 800ac2e:	8c92      	ldrh	r2, [r2, #36]	@ 0x24
 800ac30:	4022      	ands	r2, r4
 800ac32:	f801 2b01 	strb.w	r2, [r1], #1
    while(huart->RxXferCount > 0U)
 800ac36:	f8bc 205a 	ldrh.w	r2, [ip, #90]	@ 0x5a
 800ac3a:	b292      	uxth	r2, r2
 800ac3c:	2a00      	cmp	r2, #0
 800ac3e:	d033      	beq.n	800aca8 <HAL_UART_Receive+0x148>
  while((__HAL_UART_GET_FLAG(huart, Flag) ? SET : RESET) == Status)
 800ac40:	f8dc 2000 	ldr.w	r2, [ip]
      huart->RxXferCount--;
 800ac44:	f8bc 005a 	ldrh.w	r0, [ip, #90]	@ 0x5a
 800ac48:	3801      	subs	r0, #1
 800ac4a:	b280      	uxth	r0, r0
 800ac4c:	f8ac 005a 	strh.w	r0, [ip, #90]	@ 0x5a
  while((__HAL_UART_GET_FLAG(huart, Flag) ? SET : RESET) == Status)
 800ac50:	69d7      	ldr	r7, [r2, #28]
 800ac52:	6828      	ldr	r0, [r5, #0]
 800ac54:	06bf      	lsls	r7, r7, #26
 800ac56:	d4e5      	bmi.n	800ac24 <HAL_UART_Receive+0xc4>
      if((Timeout == 0U) || ((HAL_GetTick()-Tickstart) > Timeout))
 800ac58:	2b00      	cmp	r3, #0
 800ac5a:	d1d9      	bne.n	800ac10 <HAL_UART_Receive+0xb0>
        CLEAR_BIT(huart->Instance->CR1, (USART_CR1_RXNEIE | USART_CR1_PEIE | USART_CR1_TXEIE));
 800ac5c:	6813      	ldr	r3, [r2, #0]
 800ac5e:	f423 73d0 	bic.w	r3, r3, #416	@ 0x1a0
 800ac62:	6013      	str	r3, [r2, #0]
        CLEAR_BIT(huart->Instance->CR3, USART_CR3_EIE);
 800ac64:	6893      	ldr	r3, [r2, #8]
        huart->gState  = HAL_UART_STATE_READY;
 800ac66:	2120      	movs	r1, #32
        __HAL_UNLOCK(huart);
 800ac68:	2400      	movs	r4, #0
        CLEAR_BIT(huart->Instance->CR3, USART_CR3_EIE);
 800ac6a:	f023 0301 	bic.w	r3, r3, #1
 800ac6e:	6093      	str	r3, [r2, #8]
        huart->gState  = HAL_UART_STATE_READY;
 800ac70:	f88c 1069 	strb.w	r1, [ip, #105]	@ 0x69
        __HAL_UNLOCK(huart);
 800ac74:	f88c 4068 	strb.w	r4, [ip, #104]	@ 0x68
        huart->RxState = HAL_UART_STATE_READY;
 800ac78:	f88c 106a 	strb.w	r1, [ip, #106]	@ 0x6a
        return HAL_TIMEOUT;
 800ac7c:	2003      	movs	r0, #3
}
 800ac7e:	bdf0      	pop	{r4, r5, r6, r7, pc}
    UART_MASK_COMPUTATION(huart);
 800ac80:	f8dc 4010 	ldr.w	r4, [ip, #16]
 800ac84:	b30c      	cbz	r4, 800acca <HAL_UART_Receive+0x16a>
 800ac86:	247f      	movs	r4, #127	@ 0x7f
 800ac88:	f8ac 405c 	strh.w	r4, [ip, #92]	@ 0x5c
 800ac8c:	e79a      	b.n	800abc4 <HAL_UART_Receive+0x64>
      if ((huart->Init.WordLength == UART_WORDLENGTH_9B) && (huart->Init.Parity == UART_PARITY_NONE))
 800ac8e:	f8dc 3010 	ldr.w	r3, [ip, #16]
 800ac92:	2b00      	cmp	r3, #0
 800ac94:	d1aa      	bne.n	800abec <HAL_UART_Receive+0x8c>
        *tmp = (uint16_t)(huart->Instance->RDR & uhMask);
 800ac96:	8c93      	ldrh	r3, [r2, #36]	@ 0x24
 800ac98:	4023      	ands	r3, r4
 800ac9a:	f821 3b02 	strh.w	r3, [r1], #2
    while(huart->RxXferCount > 0U)
 800ac9e:	f8bc 305a 	ldrh.w	r3, [ip, #90]	@ 0x5a
 800aca2:	b29b      	uxth	r3, r3
 800aca4:	2b00      	cmp	r3, #0
 800aca6:	d1aa      	bne.n	800abfe <HAL_UART_Receive+0x9e>
    __HAL_UNLOCK(huart);
 800aca8:	2000      	movs	r0, #0
    huart->RxState = HAL_UART_STATE_READY;
 800acaa:	2320      	movs	r3, #32
 800acac:	f88c 306a 	strb.w	r3, [ip, #106]	@ 0x6a
    __HAL_UNLOCK(huart);
 800acb0:	f88c 0068 	strb.w	r0, [ip, #104]	@ 0x68
}
 800acb4:	bdf0      	pop	{r4, r5, r6, r7, pc}
      return  HAL_ERROR;
 800acb6:	2001      	movs	r0, #1
}
 800acb8:	4770      	bx	lr
    UART_MASK_COMPUTATION(huart);
 800acba:	f8dc 4010 	ldr.w	r4, [ip, #16]
 800acbe:	b924      	cbnz	r4, 800acca <HAL_UART_Receive+0x16a>
 800acc0:	f240 14ff 	movw	r4, #511	@ 0x1ff
 800acc4:	f8ac 405c 	strh.w	r4, [ip, #92]	@ 0x5c
 800acc8:	e77c      	b.n	800abc4 <HAL_UART_Receive+0x64>
 800acca:	24ff      	movs	r4, #255	@ 0xff
 800accc:	f8ac 405c 	strh.w	r4, [ip, #92]	@ 0x5c
 800acd0:	e778      	b.n	800abc4 <HAL_UART_Receive+0x64>
      if ((huart->Init.WordLength == UART_WORDLENGTH_9B) && (huart->Init.Parity == UART_PARITY_NONE))
 800acd2:	f8dc 0010 	ldr.w	r0, [ip, #16]
 800acd6:	2800      	cmp	r0, #0
 800acd8:	d1a9      	bne.n	800ac2e <HAL_UART_Receive+0xce>
        *tmp = (uint16_t)(huart->Instance->RDR & uhMask);
 800acda:	8c92      	ldrh	r2, [r2, #36]	@ 0x24
 800acdc:	4022      	ands	r2, r4
 800acde:	f821 2b02 	strh.w	r2, [r1], #2
        pData +=2U;
 800ace2:	e7a8      	b.n	800ac36 <HAL_UART_Receive+0xd6>
    __HAL_LOCK(huart);
 800ace4:	2002      	movs	r0, #2
}
 800ace6:	bdf0      	pop	{r4, r5, r6, r7, pc}
 800ace8:	20001348 	.word	0x20001348

0800acec <Reset_Handler>:
 800acec:	2100      	movs	r1, #0
 800acee:	e003      	b.n	800acf8 <LoopCopyDataInit>

0800acf0 <CopyDataInit>:
 800acf0:	4b0b      	ldr	r3, [pc, #44]	@ (800ad20 <LoopForever+0x2>)
 800acf2:	585b      	ldr	r3, [r3, r1]
 800acf4:	5043      	str	r3, [r0, r1]
 800acf6:	3104      	adds	r1, #4

0800acf8 <LoopCopyDataInit>:
 800acf8:	480a      	ldr	r0, [pc, #40]	@ (800ad24 <LoopForever+0x6>)
 800acfa:	4b0b      	ldr	r3, [pc, #44]	@ (800ad28 <LoopForever+0xa>)
 800acfc:	1842      	adds	r2, r0, r1
 800acfe:	429a      	cmp	r2, r3
 800ad00:	d3f6      	bcc.n	800acf0 <CopyDataInit>
 800ad02:	4a0a      	ldr	r2, [pc, #40]	@ (800ad2c <LoopForever+0xe>)
 800ad04:	e002      	b.n	800ad0c <LoopFillZerobss>

0800ad06 <FillZerobss>:
 800ad06:	2300      	movs	r3, #0
 800ad08:	6013      	str	r3, [r2, #0]
 800ad0a:	3204      	adds	r2, #4

0800ad0c <LoopFillZerobss>:
 800ad0c:	4b08      	ldr	r3, [pc, #32]	@ (800ad30 <LoopForever+0x12>)
 800ad0e:	429a      	cmp	r2, r3
 800ad10:	d3f9      	bcc.n	800ad06 <FillZerobss>
 800ad12:	f3af 8000 	nop.w
 800ad16:	f7fa fb9b 	bl	8005450 <__libc_init_array>
 800ad1a:	f7fa fe49 	bl	80059b0 <main>

0800ad1e <LoopForever>:
 800ad1e:	e7fe      	b.n	800ad1e <LoopForever>
 800ad20:	0800c450 	.word	0x0800c450
 800ad24:	20000000 	.word	0x20000000
 800ad28:	20000400 	.word	0x20000400
 800ad2c:	20000400 	.word	0x20000400
 800ad30:	20001350 	.word	0x20001350

0800ad34 <DebugMon_Handler>:
 800ad34:	e7fe      	b.n	800ad34 <DebugMon_Handler>
	...

0800ad38 <aes256_keyexp_publicinputs_asm>:
 800ad38:	e92d 5ff0 	stmdb	sp!, {r4, r5, r6, r7, r8, r9, sl, fp, ip, lr}
 800ad3c:	6802      	ldr	r2, [r0, #0]
 800ad3e:	6843      	ldr	r3, [r0, #4]
 800ad40:	6884      	ldr	r4, [r0, #8]
 800ad42:	68c5      	ldr	r5, [r0, #12]
 800ad44:	6906      	ldr	r6, [r0, #16]
 800ad46:	6947      	ldr	r7, [r0, #20]
 800ad48:	f8d0 8018 	ldr.w	r8, [r0, #24]
 800ad4c:	f8d0 901c 	ldr.w	r9, [r0, #28]
 800ad50:	48ec      	ldr	r0, [pc, #944]	@ (800b104 <aes256_keyexp_publicinputs_asm+0x3cc>)
 800ad52:	fa5f fa99 	uxtb.w	sl, r9, ror #8
 800ad56:	fa5f fba9 	uxtb.w	fp, r9, ror #16
 800ad5a:	fa5f fcb9 	uxtb.w	ip, r9, ror #24
 800ad5e:	fa5f fe89 	uxtb.w	lr, r9
 800ad62:	f810 a02a 	ldrb.w	sl, [r0, sl, lsl #2]
 800ad66:	f810 b02b 	ldrb.w	fp, [r0, fp, lsl #2]
 800ad6a:	f810 c02c 	ldrb.w	ip, [r0, ip, lsl #2]
 800ad6e:	f810 e02e 	ldrb.w	lr, [r0, lr, lsl #2]
 800ad72:	f082 0201 	eor.w	r2, r2, #1
 800ad76:	ea82 020a 	eor.w	r2, r2, sl
 800ad7a:	ea82 220b 	eor.w	r2, r2, fp, lsl #8
 800ad7e:	ea82 420c 	eor.w	r2, r2, ip, lsl #16
 800ad82:	ea82 620e 	eor.w	r2, r2, lr, lsl #24
 800ad86:	ea83 0302 	eor.w	r3, r3, r2
 800ad8a:	ea84 0403 	eor.w	r4, r4, r3
 800ad8e:	ea85 0504 	eor.w	r5, r5, r4
 800ad92:	fa5f faa5 	uxtb.w	sl, r5, ror #16
 800ad96:	fa5f fb95 	uxtb.w	fp, r5, ror #8
 800ad9a:	fa5f fc85 	uxtb.w	ip, r5
 800ad9e:	fa5f feb5 	uxtb.w	lr, r5, ror #24
 800ada2:	f810 a02a 	ldrb.w	sl, [r0, sl, lsl #2]
 800ada6:	f810 b02b 	ldrb.w	fp, [r0, fp, lsl #2]
 800adaa:	f810 c02c 	ldrb.w	ip, [r0, ip, lsl #2]
 800adae:	f810 e02e 	ldrb.w	lr, [r0, lr, lsl #2]
 800adb2:	ea86 460a 	eor.w	r6, r6, sl, lsl #16
 800adb6:	ea86 260b 	eor.w	r6, r6, fp, lsl #8
 800adba:	ea86 060c 	eor.w	r6, r6, ip
 800adbe:	ea86 660e 	eor.w	r6, r6, lr, lsl #24
 800adc2:	ea87 0706 	eor.w	r7, r7, r6
 800adc6:	ea88 0807 	eor.w	r8, r8, r7
 800adca:	ea89 0908 	eor.w	r9, r9, r8
 800adce:	600a      	str	r2, [r1, #0]
 800add0:	604b      	str	r3, [r1, #4]
 800add2:	608c      	str	r4, [r1, #8]
 800add4:	60cd      	str	r5, [r1, #12]
 800add6:	610e      	str	r6, [r1, #16]
 800add8:	614f      	str	r7, [r1, #20]
 800adda:	f8c1 8018 	str.w	r8, [r1, #24]
 800adde:	f8c1 901c 	str.w	r9, [r1, #28]
 800ade2:	fa5f fa99 	uxtb.w	sl, r9, ror #8
 800ade6:	fa5f fba9 	uxtb.w	fp, r9, ror #16
 800adea:	fa5f fcb9 	uxtb.w	ip, r9, ror #24
 800adee:	fa5f fe89 	uxtb.w	lr, r9
 800adf2:	f810 a02a 	ldrb.w	sl, [r0, sl, lsl #2]
 800adf6:	f810 b02b 	ldrb.w	fp, [r0, fp, lsl #2]
 800adfa:	f810 c02c 	ldrb.w	ip, [r0, ip, lsl #2]
 800adfe:	f810 e02e 	ldrb.w	lr, [r0, lr, lsl #2]
 800ae02:	f082 0202 	eor.w	r2, r2, #2
 800ae06:	ea82 020a 	eor.w	r2, r2, sl
 800ae0a:	ea82 220b 	eor.w	r2, r2, fp, lsl #8
 800ae0e:	ea82 420c 	eor.w	r2, r2, ip, lsl #16
 800ae12:	ea82 620e 	eor.w	r2, r2, lr, lsl #24
 800ae16:	ea83 0302 	eor.w	r3, r3, r2
 800ae1a:	ea84 0403 	eor.w	r4, r4, r3
 800ae1e:	ea85 0504 	eor.w	r5, r5, r4
 800ae22:	fa5f faa5 	uxtb.w	sl, r5, ror #16
 800ae26:	fa5f fb95 	uxtb.w	fp, r5, ror #8
 800ae2a:	fa5f fc85 	uxtb.w	ip, r5
 800ae2e:	fa5f feb5 	uxtb.w	lr, r5, ror #24
 800ae32:	f810 a02a 	ldrb.w	sl, [r0, sl, lsl #2]
 800ae36:	f810 b02b 	ldrb.w	fp, [r0, fp, lsl #2]
 800ae3a:	f810 c02c 	ldrb.w	ip, [r0, ip, lsl #2]
 800ae3e:	f810 e02e 	ldrb.w	lr, [r0, lr, lsl #2]
 800ae42:	ea86 460a 	eor.w	r6, r6, sl, lsl #16
 800ae46:	ea86 260b 	eor.w	r6, r6, fp, lsl #8
 800ae4a:	ea86 060c 	eor.w	r6, r6, ip
 800ae4e:	ea86 660e 	eor.w	r6, r6, lr, lsl #24
 800ae52:	ea87 0706 	eor.w	r7, r7, r6
 800ae56:	ea88 0807 	eor.w	r8, r8, r7
 800ae5a:	ea89 0908 	eor.w	r9, r9, r8
 800ae5e:	620a      	str	r2, [r1, #32]
 800ae60:	624b      	str	r3, [r1, #36]	@ 0x24
 800ae62:	628c      	str	r4, [r1, #40]	@ 0x28
 800ae64:	62cd      	str	r5, [r1, #44]	@ 0x2c
 800ae66:	630e      	str	r6, [r1, #48]	@ 0x30
 800ae68:	634f      	str	r7, [r1, #52]	@ 0x34
 800ae6a:	f8c1 8038 	str.w	r8, [r1, #56]	@ 0x38
 800ae6e:	f8c1 903c 	str.w	r9, [r1, #60]	@ 0x3c
 800ae72:	fa5f fa99 	uxtb.w	sl, r9, ror #8
 800ae76:	fa5f fba9 	uxtb.w	fp, r9, ror #16
 800ae7a:	fa5f fcb9 	uxtb.w	ip, r9, ror #24
 800ae7e:	fa5f fe89 	uxtb.w	lr, r9
 800ae82:	f810 a02a 	ldrb.w	sl, [r0, sl, lsl #2]
 800ae86:	f810 b02b 	ldrb.w	fp, [r0, fp, lsl #2]
 800ae8a:	f810 c02c 	ldrb.w	ip, [r0, ip, lsl #2]
 800ae8e:	f810 e02e 	ldrb.w	lr, [r0, lr, lsl #2]
 800ae92:	f082 0204 	eor.w	r2, r2, #4
 800ae96:	ea82 020a 	eor.w	r2, r2, sl
 800ae9a:	ea82 220b 	eor.w	r2, r2, fp, lsl #8
 800ae9e:	ea82 420c 	eor.w	r2, r2, ip, lsl #16
 800aea2:	ea82 620e 	eor.w	r2, r2, lr, lsl #24
 800aea6:	ea83 0302 	eor.w	r3, r3, r2
 800aeaa:	ea84 0403 	eor.w	r4, r4, r3
 800aeae:	ea85 0504 	eor.w	r5, r5, r4
 800aeb2:	fa5f faa5 	uxtb.w	sl, r5, ror #16
 800aeb6:	fa5f fb95 	uxtb.w	fp, r5, ror #8
 800aeba:	fa5f fc85 	uxtb.w	ip, r5
 800aebe:	fa5f feb5 	uxtb.w	lr, r5, ror #24
 800aec2:	f810 a02a 	ldrb.w	sl, [r0, sl, lsl #2]
 800aec6:	f810 b02b 	ldrb.w	fp, [r0, fp, lsl #2]
 800aeca:	f810 c02c 	ldrb.w	ip, [r0, ip, lsl #2]
 800aece:	f810 e02e 	ldrb.w	lr, [r0, lr, lsl #2]
 800aed2:	ea86 460a 	eor.w	r6, r6, sl, lsl #16
 800aed6:	ea86 260b 	eor.w	r6, r6, fp, lsl #8
 800aeda:	ea86 060c 	eor.w	r6, r6, ip
 800aede:	ea86 660e 	eor.w	r6, r6, lr, lsl #24
 800aee2:	ea87 0706 	eor.w	r7, r7, r6
 800aee6:	ea88 0807 	eor.w	r8, r8, r7
 800aeea:	ea89 0908 	eor.w	r9, r9, r8
 800aeee:	640a      	str	r2, [r1, #64]	@ 0x40
 800aef0:	644b      	str	r3, [r1, #68]	@ 0x44
 800aef2:	648c      	str	r4, [r1, #72]	@ 0x48
 800aef4:	64cd      	str	r5, [r1, #76]	@ 0x4c
 800aef6:	650e      	str	r6, [r1, #80]	@ 0x50
 800aef8:	654f      	str	r7, [r1, #84]	@ 0x54
 800aefa:	f8c1 8058 	str.w	r8, [r1, #88]	@ 0x58
 800aefe:	f8c1 905c 	str.w	r9, [r1, #92]	@ 0x5c
 800af02:	fa5f fa99 	uxtb.w	sl, r9, ror #8
 800af06:	fa5f fba9 	uxtb.w	fp, r9, ror #16
 800af0a:	fa5f fcb9 	uxtb.w	ip, r9, ror #24
 800af0e:	fa5f fe89 	uxtb.w	lr, r9
 800af12:	f810 a02a 	ldrb.w	sl, [r0, sl, lsl #2]
 800af16:	f810 b02b 	ldrb.w	fp, [r0, fp, lsl #2]
 800af1a:	f810 c02c 	ldrb.w	ip, [r0, ip, lsl #2]
 800af1e:	f810 e02e 	ldrb.w	lr, [r0, lr, lsl #2]
 800af22:	f082 0208 	eor.w	r2, r2, #8
 800af26:	ea82 020a 	eor.w	r2, r2, sl
 800af2a:	ea82 220b 	eor.w	r2, r2, fp, lsl #8
 800af2e:	ea82 420c 	eor.w	r2, r2, ip, lsl #16
 800af32:	ea82 620e 	eor.w	r2, r2, lr, lsl #24
 800af36:	ea83 0302 	eor.w	r3, r3, r2
 800af3a:	ea84 0403 	eor.w	r4, r4, r3
 800af3e:	ea85 0504 	eor.w	r5, r5, r4
 800af42:	fa5f faa5 	uxtb.w	sl, r5, ror #16
 800af46:	fa5f fb95 	uxtb.w	fp, r5, ror #8
 800af4a:	fa5f fc85 	uxtb.w	ip, r5
 800af4e:	fa5f feb5 	uxtb.w	lr, r5, ror #24
 800af52:	f810 a02a 	ldrb.w	sl, [r0, sl, lsl #2]
 800af56:	f810 b02b 	ldrb.w	fp, [r0, fp, lsl #2]
 800af5a:	f810 c02c 	ldrb.w	ip, [r0, ip, lsl #2]
 800af5e:	f810 e02e 	ldrb.w	lr, [r0, lr, lsl #2]
 800af62:	ea86 460a 	eor.w	r6, r6, sl, lsl #16
 800af66:	ea86 260b 	eor.w	r6, r6, fp, lsl #8
 800af6a:	ea86 060c 	eor.w	r6, r6, ip
 800af6e:	ea86 660e 	eor.w	r6, r6, lr, lsl #24
 800af72:	ea87 0706 	eor.w	r7, r7, r6
 800af76:	ea88 0807 	eor.w	r8, r8, r7
 800af7a:	ea89 0908 	eor.w	r9, r9, r8
 800af7e:	660a      	str	r2, [r1, #96]	@ 0x60
 800af80:	664b      	str	r3, [r1, #100]	@ 0x64
 800af82:	668c      	str	r4, [r1, #104]	@ 0x68
 800af84:	66cd      	str	r5, [r1, #108]	@ 0x6c
 800af86:	670e      	str	r6, [r1, #112]	@ 0x70
 800af88:	674f      	str	r7, [r1, #116]	@ 0x74
 800af8a:	f8c1 8078 	str.w	r8, [r1, #120]	@ 0x78
 800af8e:	f8c1 907c 	str.w	r9, [r1, #124]	@ 0x7c
 800af92:	f101 0180 	add.w	r1, r1, #128	@ 0x80
 800af96:	fa5f fa99 	uxtb.w	sl, r9, ror #8
 800af9a:	fa5f fba9 	uxtb.w	fp, r9, ror #16
 800af9e:	fa5f fcb9 	uxtb.w	ip, r9, ror #24
 800afa2:	fa5f fe89 	uxtb.w	lr, r9
 800afa6:	f810 a02a 	ldrb.w	sl, [r0, sl, lsl #2]
 800afaa:	f810 b02b 	ldrb.w	fp, [r0, fp, lsl #2]
 800afae:	f810 c02c 	ldrb.w	ip, [r0, ip, lsl #2]
 800afb2:	f810 e02e 	ldrb.w	lr, [r0, lr, lsl #2]
 800afb6:	f082 0210 	eor.w	r2, r2, #16
 800afba:	ea82 020a 	eor.w	r2, r2, sl
 800afbe:	ea82 220b 	eor.w	r2, r2, fp, lsl #8
 800afc2:	ea82 420c 	eor.w	r2, r2, ip, lsl #16
 800afc6:	ea82 620e 	eor.w	r2, r2, lr, lsl #24
 800afca:	ea83 0302 	eor.w	r3, r3, r2
 800afce:	ea84 0403 	eor.w	r4, r4, r3
 800afd2:	ea85 0504 	eor.w	r5, r5, r4
 800afd6:	fa5f faa5 	uxtb.w	sl, r5, ror #16
 800afda:	fa5f fb95 	uxtb.w	fp, r5, ror #8
 800afde:	fa5f fc85 	uxtb.w	ip, r5
 800afe2:	fa5f feb5 	uxtb.w	lr, r5, ror #24
 800afe6:	f810 a02a 	ldrb.w	sl, [r0, sl, lsl #2]
 800afea:	f810 b02b 	ldrb.w	fp, [r0, fp, lsl #2]
 800afee:	f810 c02c 	ldrb.w	ip, [r0, ip, lsl #2]
 800aff2:	f810 e02e 	ldrb.w	lr, [r0, lr, lsl #2]
 800aff6:	ea86 460a 	eor.w	r6, r6, sl, lsl #16
 800affa:	ea86 260b 	eor.w	r6, r6, fp, lsl #8
 800affe:	ea86 060c 	eor.w	r6, r6, ip
 800b002:	ea86 660e 	eor.w	r6, r6, lr, lsl #24
 800b006:	ea87 0706 	eor.w	r7, r7, r6
 800b00a:	ea88 0807 	eor.w	r8, r8, r7
 800b00e:	ea89 0908 	eor.w	r9, r9, r8
 800b012:	600a      	str	r2, [r1, #0]
 800b014:	604b      	str	r3, [r1, #4]
 800b016:	608c      	str	r4, [r1, #8]
 800b018:	60cd      	str	r5, [r1, #12]
 800b01a:	610e      	str	r6, [r1, #16]
 800b01c:	614f      	str	r7, [r1, #20]
 800b01e:	f8c1 8018 	str.w	r8, [r1, #24]
 800b022:	f8c1 901c 	str.w	r9, [r1, #28]
 800b026:	fa5f fa99 	uxtb.w	sl, r9, ror #8
 800b02a:	fa5f fba9 	uxtb.w	fp, r9, ror #16
 800b02e:	fa5f fcb9 	uxtb.w	ip, r9, ror #24
 800b032:	fa5f fe89 	uxtb.w	lr, r9
 800b036:	f810 a02a 	ldrb.w	sl, [r0, sl, lsl #2]
 800b03a:	f810 b02b 	ldrb.w	fp, [r0, fp, lsl #2]
 800b03e:	f810 c02c 	ldrb.w	ip, [r0, ip, lsl #2]
 800b042:	f810 e02e 	ldrb.w	lr, [r0, lr, lsl #2]
 800b046:	f082 0220 	eor.w	r2, r2, #32
 800b04a:	ea82 020a 	eor.w	r2, r2, sl
 800b04e:	ea82 220b 	eor.w	r2, r2, fp, lsl #8
 800b052:	ea82 420c 	eor.w	r2, r2, ip, lsl #16
 800b056:	ea82 620e 	eor.w	r2, r2, lr, lsl #24
 800b05a:	ea83 0302 	eor.w	r3, r3, r2
 800b05e:	ea84 0403 	eor.w	r4, r4, r3
 800b062:	ea85 0504 	eor.w	r5, r5, r4
 800b066:	fa5f faa5 	uxtb.w	sl, r5, ror #16
 800b06a:	fa5f fb95 	uxtb.w	fp, r5, ror #8
 800b06e:	fa5f fc85 	uxtb.w	ip, r5
 800b072:	fa5f feb5 	uxtb.w	lr, r5, ror #24
 800b076:	f810 a02a 	ldrb.w	sl, [r0, sl, lsl #2]
 800b07a:	f810 b02b 	ldrb.w	fp, [r0, fp, lsl #2]
 800b07e:	f810 c02c 	ldrb.w	ip, [r0, ip, lsl #2]
 800b082:	f810 e02e 	ldrb.w	lr, [r0, lr, lsl #2]
 800b086:	ea86 460a 	eor.w	r6, r6, sl, lsl #16
 800b08a:	ea86 260b 	eor.w	r6, r6, fp, lsl #8
 800b08e:	ea86 060c 	eor.w	r6, r6, ip
 800b092:	ea86 660e 	eor.w	r6, r6, lr, lsl #24
 800b096:	ea87 0706 	eor.w	r7, r7, r6
 800b09a:	ea88 0807 	eor.w	r8, r8, r7
 800b09e:	ea89 0908 	eor.w	r9, r9, r8
 800b0a2:	620a      	str	r2, [r1, #32]
 800b0a4:	624b      	str	r3, [r1, #36]	@ 0x24
 800b0a6:	628c      	str	r4, [r1, #40]	@ 0x28
 800b0a8:	62cd      	str	r5, [r1, #44]	@ 0x2c
 800b0aa:	630e      	str	r6, [r1, #48]	@ 0x30
 800b0ac:	634f      	str	r7, [r1, #52]	@ 0x34
 800b0ae:	f8c1 8038 	str.w	r8, [r1, #56]	@ 0x38
 800b0b2:	f8c1 903c 	str.w	r9, [r1, #60]	@ 0x3c
 800b0b6:	fa5f fa99 	uxtb.w	sl, r9, ror #8
 800b0ba:	fa5f fba9 	uxtb.w	fp, r9, ror #16
 800b0be:	fa5f fcb9 	uxtb.w	ip, r9, ror #24
 800b0c2:	fa5f fe89 	uxtb.w	lr, r9
 800b0c6:	f810 a02a 	ldrb.w	sl, [r0, sl, lsl #2]
 800b0ca:	f810 b02b 	ldrb.w	fp, [r0, fp, lsl #2]
 800b0ce:	f810 c02c 	ldrb.w	ip, [r0, ip, lsl #2]
 800b0d2:	f810 e02e 	ldrb.w	lr, [r0, lr, lsl #2]
 800b0d6:	f082 0240 	eor.w	r2, r2, #64	@ 0x40
 800b0da:	ea82 020a 	eor.w	r2, r2, sl
 800b0de:	ea82 220b 	eor.w	r2, r2, fp, lsl #8
 800b0e2:	ea82 420c 	eor.w	r2, r2, ip, lsl #16
 800b0e6:	ea82 620e 	eor.w	r2, r2, lr, lsl #24
 800b0ea:	ea83 0302 	eor.w	r3, r3, r2
 800b0ee:	ea84 0403 	eor.w	r4, r4, r3
 800b0f2:	ea85 0504 	eor.w	r5, r5, r4
 800b0f6:	640a      	str	r2, [r1, #64]	@ 0x40
 800b0f8:	644b      	str	r3, [r1, #68]	@ 0x44
 800b0fa:	648c      	str	r4, [r1, #72]	@ 0x48
 800b0fc:	64cd      	str	r5, [r1, #76]	@ 0x4c
 800b0fe:	e8bd 5ff0 	ldmia.w	sp!, {r4, r5, r6, r7, r8, r9, sl, fp, ip, lr}
 800b102:	4770      	bx	lr
 800b104:	20000000 	.word	0x20000000

0800b108 <aes256_encrypt_publicinputs_asm>:
 800b108:	e92d 5ff4 	stmdb	sp!, {r2, r4, r5, r6, r7, r8, r9, sl, fp, ip, lr}
 800b10c:	680c      	ldr	r4, [r1, #0]
 800b10e:	684d      	ldr	r5, [r1, #4]
 800b110:	688e      	ldr	r6, [r1, #8]
 800b112:	68cf      	ldr	r7, [r1, #12]
 800b114:	f850 8b04 	ldr.w	r8, [r0], #4
 800b118:	f850 9b04 	ldr.w	r9, [r0], #4
 800b11c:	f850 ab04 	ldr.w	sl, [r0], #4
 800b120:	f850 bb04 	ldr.w	fp, [r0], #4
 800b124:	ea4f 0e00 	mov.w	lr, r0
 800b128:	f8df cb4c 	ldr.w	ip, [pc, #2892]	@ 800bc78 <aes256_encrypt_publicinputs_asm+0xb70>
 800b12c:	ea84 0408 	eor.w	r4, r4, r8
 800b130:	ea85 0509 	eor.w	r5, r5, r9
 800b134:	ea86 060a 	eor.w	r6, r6, sl
 800b138:	ea87 070b 	eor.w	r7, r7, fp
 800b13c:	f85e 8b04 	ldr.w	r8, [lr], #4
 800b140:	f85e 9b04 	ldr.w	r9, [lr], #4
 800b144:	f85e ab04 	ldr.w	sl, [lr], #4
 800b148:	f85e bb04 	ldr.w	fp, [lr], #4
 800b14c:	b2e0      	uxtb	r0, r4
 800b14e:	b2e9      	uxtb	r1, r5
 800b150:	b2f2      	uxtb	r2, r6
 800b152:	b2fb      	uxtb	r3, r7
 800b154:	f85c 0020 	ldr.w	r0, [ip, r0, lsl #2]
 800b158:	f85c 1021 	ldr.w	r1, [ip, r1, lsl #2]
 800b15c:	f85c 2022 	ldr.w	r2, [ip, r2, lsl #2]
 800b160:	f85c 3023 	ldr.w	r3, [ip, r3, lsl #2]
 800b164:	ea88 4830 	eor.w	r8, r8, r0, ror #16
 800b168:	ea89 4931 	eor.w	r9, r9, r1, ror #16
 800b16c:	ea8a 4a32 	eor.w	sl, sl, r2, ror #16
 800b170:	ea8b 4b33 	eor.w	fp, fp, r3, ror #16
 800b174:	fa5f f095 	uxtb.w	r0, r5, ror #8
 800b178:	fa5f f196 	uxtb.w	r1, r6, ror #8
 800b17c:	fa5f f297 	uxtb.w	r2, r7, ror #8
 800b180:	fa5f f394 	uxtb.w	r3, r4, ror #8
 800b184:	f85c 0020 	ldr.w	r0, [ip, r0, lsl #2]
 800b188:	f85c 1021 	ldr.w	r1, [ip, r1, lsl #2]
 800b18c:	f85c 2022 	ldr.w	r2, [ip, r2, lsl #2]
 800b190:	f85c 3023 	ldr.w	r3, [ip, r3, lsl #2]
 800b194:	ea88 2830 	eor.w	r8, r8, r0, ror #8
 800b198:	ea89 2931 	eor.w	r9, r9, r1, ror #8
 800b19c:	ea8a 2a32 	eor.w	sl, sl, r2, ror #8
 800b1a0:	ea8b 2b33 	eor.w	fp, fp, r3, ror #8
 800b1a4:	fa5f f0a6 	uxtb.w	r0, r6, ror #16
 800b1a8:	fa5f f1a7 	uxtb.w	r1, r7, ror #16
 800b1ac:	fa5f f2a4 	uxtb.w	r2, r4, ror #16
 800b1b0:	fa5f f3a5 	uxtb.w	r3, r5, ror #16
 800b1b4:	f85c 0020 	ldr.w	r0, [ip, r0, lsl #2]
 800b1b8:	f85c 1021 	ldr.w	r1, [ip, r1, lsl #2]
 800b1bc:	f85c 2022 	ldr.w	r2, [ip, r2, lsl #2]
 800b1c0:	f85c 3023 	ldr.w	r3, [ip, r3, lsl #2]
 800b1c4:	ea88 0800 	eor.w	r8, r8, r0
 800b1c8:	ea89 0901 	eor.w	r9, r9, r1
 800b1cc:	ea8a 0a02 	eor.w	sl, sl, r2
 800b1d0:	ea8b 0b03 	eor.w	fp, fp, r3
 800b1d4:	fa5f f0b7 	uxtb.w	r0, r7, ror #24
 800b1d8:	fa5f f1b4 	uxtb.w	r1, r4, ror #24
 800b1dc:	fa5f f2b5 	uxtb.w	r2, r5, ror #24
 800b1e0:	fa5f f3b6 	uxtb.w	r3, r6, ror #24
 800b1e4:	f85c 0020 	ldr.w	r0, [ip, r0, lsl #2]
 800b1e8:	f85c 1021 	ldr.w	r1, [ip, r1, lsl #2]
 800b1ec:	f85c 2022 	ldr.w	r2, [ip, r2, lsl #2]
 800b1f0:	f85c 3023 	ldr.w	r3, [ip, r3, lsl #2]
 800b1f4:	ea88 6830 	eor.w	r8, r8, r0, ror #24
 800b1f8:	ea89 6931 	eor.w	r9, r9, r1, ror #24
 800b1fc:	ea8a 6a32 	eor.w	sl, sl, r2, ror #24
 800b200:	ea8b 6b33 	eor.w	fp, fp, r3, ror #24
 800b204:	f85e 4b04 	ldr.w	r4, [lr], #4
 800b208:	f85e 5b04 	ldr.w	r5, [lr], #4
 800b20c:	f85e 6b04 	ldr.w	r6, [lr], #4
 800b210:	f85e 7b04 	ldr.w	r7, [lr], #4
 800b214:	fa5f f088 	uxtb.w	r0, r8
 800b218:	fa5f f189 	uxtb.w	r1, r9
 800b21c:	fa5f f28a 	uxtb.w	r2, sl
 800b220:	fa5f f38b 	uxtb.w	r3, fp
 800b224:	f85c 0020 	ldr.w	r0, [ip, r0, lsl #2]
 800b228:	f85c 1021 	ldr.w	r1, [ip, r1, lsl #2]
 800b22c:	f85c 2022 	ldr.w	r2, [ip, r2, lsl #2]
 800b230:	f85c 3023 	ldr.w	r3, [ip, r3, lsl #2]
 800b234:	ea84 4430 	eor.w	r4, r4, r0, ror #16
 800b238:	ea85 4531 	eor.w	r5, r5, r1, ror #16
 800b23c:	ea86 4632 	eor.w	r6, r6, r2, ror #16
 800b240:	ea87 4733 	eor.w	r7, r7, r3, ror #16
 800b244:	fa5f f099 	uxtb.w	r0, r9, ror #8
 800b248:	fa5f f19a 	uxtb.w	r1, sl, ror #8
 800b24c:	fa5f f29b 	uxtb.w	r2, fp, ror #8
 800b250:	fa5f f398 	uxtb.w	r3, r8, ror #8
 800b254:	f85c 0020 	ldr.w	r0, [ip, r0, lsl #2]
 800b258:	f85c 1021 	ldr.w	r1, [ip, r1, lsl #2]
 800b25c:	f85c 2022 	ldr.w	r2, [ip, r2, lsl #2]
 800b260:	f85c 3023 	ldr.w	r3, [ip, r3, lsl #2]
 800b264:	ea84 2430 	eor.w	r4, r4, r0, ror #8
 800b268:	ea85 2531 	eor.w	r5, r5, r1, ror #8
 800b26c:	ea86 2632 	eor.w	r6, r6, r2, ror #8
 800b270:	ea87 2733 	eor.w	r7, r7, r3, ror #8
 800b274:	fa5f f0aa 	uxtb.w	r0, sl, ror #16
 800b278:	fa5f f1ab 	uxtb.w	r1, fp, ror #16
 800b27c:	fa5f f2a8 	uxtb.w	r2, r8, ror #16
 800b280:	fa5f f3a9 	uxtb.w	r3, r9, ror #16
 800b284:	f85c 0020 	ldr.w	r0, [ip, r0, lsl #2]
 800b288:	f85c 1021 	ldr.w	r1, [ip, r1, lsl #2]
 800b28c:	f85c 2022 	ldr.w	r2, [ip, r2, lsl #2]
 800b290:	f85c 3023 	ldr.w	r3, [ip, r3, lsl #2]
 800b294:	ea84 0400 	eor.w	r4, r4, r0
 800b298:	ea85 0501 	eor.w	r5, r5, r1
 800b29c:	ea86 0602 	eor.w	r6, r6, r2
 800b2a0:	ea87 0703 	eor.w	r7, r7, r3
 800b2a4:	fa5f f0bb 	uxtb.w	r0, fp, ror #24
 800b2a8:	fa5f f1b8 	uxtb.w	r1, r8, ror #24
 800b2ac:	fa5f f2b9 	uxtb.w	r2, r9, ror #24
 800b2b0:	fa5f f3ba 	uxtb.w	r3, sl, ror #24
 800b2b4:	f85c 0020 	ldr.w	r0, [ip, r0, lsl #2]
 800b2b8:	f85c 1021 	ldr.w	r1, [ip, r1, lsl #2]
 800b2bc:	f85c 2022 	ldr.w	r2, [ip, r2, lsl #2]
 800b2c0:	f85c 3023 	ldr.w	r3, [ip, r3, lsl #2]
 800b2c4:	ea84 6430 	eor.w	r4, r4, r0, ror #24
 800b2c8:	ea85 6531 	eor.w	r5, r5, r1, ror #24
 800b2cc:	ea86 6632 	eor.w	r6, r6, r2, ror #24
 800b2d0:	ea87 6733 	eor.w	r7, r7, r3, ror #24
 800b2d4:	f85e 8b04 	ldr.w	r8, [lr], #4
 800b2d8:	f85e 9b04 	ldr.w	r9, [lr], #4
 800b2dc:	f85e ab04 	ldr.w	sl, [lr], #4
 800b2e0:	f85e bb04 	ldr.w	fp, [lr], #4
 800b2e4:	b2e0      	uxtb	r0, r4
 800b2e6:	b2e9      	uxtb	r1, r5
 800b2e8:	b2f2      	uxtb	r2, r6
 800b2ea:	b2fb      	uxtb	r3, r7
 800b2ec:	f85c 0020 	ldr.w	r0, [ip, r0, lsl #2]
 800b2f0:	f85c 1021 	ldr.w	r1, [ip, r1, lsl #2]
 800b2f4:	f85c 2022 	ldr.w	r2, [ip, r2, lsl #2]
 800b2f8:	f85c 3023 	ldr.w	r3, [ip, r3, lsl #2]
 800b2fc:	ea88 4830 	eor.w	r8, r8, r0, ror #16
 800b300:	ea89 4931 	eor.w	r9, r9, r1, ror #16
 800b304:	ea8a 4a32 	eor.w	sl, sl, r2, ror #16
 800b308:	ea8b 4b33 	eor.w	fp, fp, r3, ror #16
 800b30c:	fa5f f095 	uxtb.w	r0, r5, ror #8
 800b310:	fa5f f196 	uxtb.w	r1, r6, ror #8
 800b314:	fa5f f297 	uxtb.w	r2, r7, ror #8
 800b318:	fa5f f394 	uxtb.w	r3, r4, ror #8
 800b31c:	f85c 0020 	ldr.w	r0, [ip, r0, lsl #2]
 800b320:	f85c 1021 	ldr.w	r1, [ip, r1, lsl #2]
 800b324:	f85c 2022 	ldr.w	r2, [ip, r2, lsl #2]
 800b328:	f85c 3023 	ldr.w	r3, [ip, r3, lsl #2]
 800b32c:	ea88 2830 	eor.w	r8, r8, r0, ror #8
 800b330:	ea89 2931 	eor.w	r9, r9, r1, ror #8
 800b334:	ea8a 2a32 	eor.w	sl, sl, r2, ror #8
 800b338:	ea8b 2b33 	eor.w	fp, fp, r3, ror #8
 800b33c:	fa5f f0a6 	uxtb.w	r0, r6, ror #16
 800b340:	fa5f f1a7 	uxtb.w	r1, r7, ror #16
 800b344:	fa5f f2a4 	uxtb.w	r2, r4, ror #16
 800b348:	fa5f f3a5 	uxtb.w	r3, r5, ror #16
 800b34c:	f85c 0020 	ldr.w	r0, [ip, r0, lsl #2]
 800b350:	f85c 1021 	ldr.w	r1, [ip, r1, lsl #2]
 800b354:	f85c 2022 	ldr.w	r2, [ip, r2, lsl #2]
 800b358:	f85c 3023 	ldr.w	r3, [ip, r3, lsl #2]
 800b35c:	ea88 0800 	eor.w	r8, r8, r0
 800b360:	ea89 0901 	eor.w	r9, r9, r1
 800b364:	ea8a 0a02 	eor.w	sl, sl, r2
 800b368:	ea8b 0b03 	eor.w	fp, fp, r3
 800b36c:	fa5f f0b7 	uxtb.w	r0, r7, ror #24
 800b370:	fa5f f1b4 	uxtb.w	r1, r4, ror #24
 800b374:	fa5f f2b5 	uxtb.w	r2, r5, ror #24
 800b378:	fa5f f3b6 	uxtb.w	r3, r6, ror #24
 800b37c:	f85c 0020 	ldr.w	r0, [ip, r0, lsl #2]
 800b380:	f85c 1021 	ldr.w	r1, [ip, r1, lsl #2]
 800b384:	f85c 2022 	ldr.w	r2, [ip, r2, lsl #2]
 800b388:	f85c 3023 	ldr.w	r3, [ip, r3, lsl #2]
 800b38c:	ea88 6830 	eor.w	r8, r8, r0, ror #24
 800b390:	ea89 6931 	eor.w	r9, r9, r1, ror #24
 800b394:	ea8a 6a32 	eor.w	sl, sl, r2, ror #24
 800b398:	ea8b 6b33 	eor.w	fp, fp, r3, ror #24
 800b39c:	f85e 4b04 	ldr.w	r4, [lr], #4
 800b3a0:	f85e 5b04 	ldr.w	r5, [lr], #4
 800b3a4:	f85e 6b04 	ldr.w	r6, [lr], #4
 800b3a8:	f85e 7b04 	ldr.w	r7, [lr], #4
 800b3ac:	fa5f f088 	uxtb.w	r0, r8
 800b3b0:	fa5f f189 	uxtb.w	r1, r9
 800b3b4:	fa5f f28a 	uxtb.w	r2, sl
 800b3b8:	fa5f f38b 	uxtb.w	r3, fp
 800b3bc:	f85c 0020 	ldr.w	r0, [ip, r0, lsl #2]
 800b3c0:	f85c 1021 	ldr.w	r1, [ip, r1, lsl #2]
 800b3c4:	f85c 2022 	ldr.w	r2, [ip, r2, lsl #2]
 800b3c8:	f85c 3023 	ldr.w	r3, [ip, r3, lsl #2]
 800b3cc:	ea84 4430 	eor.w	r4, r4, r0, ror #16
 800b3d0:	ea85 4531 	eor.w	r5, r5, r1, ror #16
 800b3d4:	ea86 4632 	eor.w	r6, r6, r2, ror #16
 800b3d8:	ea87 4733 	eor.w	r7, r7, r3, ror #16
 800b3dc:	fa5f f099 	uxtb.w	r0, r9, ror #8
 800b3e0:	fa5f f19a 	uxtb.w	r1, sl, ror #8
 800b3e4:	fa5f f29b 	uxtb.w	r2, fp, ror #8
 800b3e8:	fa5f f398 	uxtb.w	r3, r8, ror #8
 800b3ec:	f85c 0020 	ldr.w	r0, [ip, r0, lsl #2]
 800b3f0:	f85c 1021 	ldr.w	r1, [ip, r1, lsl #2]
 800b3f4:	f85c 2022 	ldr.w	r2, [ip, r2, lsl #2]
 800b3f8:	f85c 3023 	ldr.w	r3, [ip, r3, lsl #2]
 800b3fc:	ea84 2430 	eor.w	r4, r4, r0, ror #8
 800b400:	ea85 2531 	eor.w	r5, r5, r1, ror #8
 800b404:	ea86 2632 	eor.w	r6, r6, r2, ror #8
 800b408:	ea87 2733 	eor.w	r7, r7, r3, ror #8
 800b40c:	fa5f f0aa 	uxtb.w	r0, sl, ror #16
 800b410:	fa5f f1ab 	uxtb.w	r1, fp, ror #16
 800b414:	fa5f f2a8 	uxtb.w	r2, r8, ror #16
 800b418:	fa5f f3a9 	uxtb.w	r3, r9, ror #16
 800b41c:	f85c 0020 	ldr.w	r0, [ip, r0, lsl #2]
 800b420:	f85c 1021 	ldr.w	r1, [ip, r1, lsl #2]
 800b424:	f85c 2022 	ldr.w	r2, [ip, r2, lsl #2]
 800b428:	f85c 3023 	ldr.w	r3, [ip, r3, lsl #2]
 800b42c:	ea84 0400 	eor.w	r4, r4, r0
 800b430:	ea85 0501 	eor.w	r5, r5, r1
 800b434:	ea86 0602 	eor.w	r6, r6, r2
 800b438:	ea87 0703 	eor.w	r7, r7, r3
 800b43c:	fa5f f0bb 	uxtb.w	r0, fp, ror #24
 800b440:	fa5f f1b8 	uxtb.w	r1, r8, ror #24
 800b444:	fa5f f2b9 	uxtb.w	r2, r9, ror #24
 800b448:	fa5f f3ba 	uxtb.w	r3, sl, ror #24
 800b44c:	f85c 0020 	ldr.w	r0, [ip, r0, lsl #2]
 800b450:	f85c 1021 	ldr.w	r1, [ip, r1, lsl #2]
 800b454:	f85c 2022 	ldr.w	r2, [ip, r2, lsl #2]
 800b458:	f85c 3023 	ldr.w	r3, [ip, r3, lsl #2]
 800b45c:	ea84 6430 	eor.w	r4, r4, r0, ror #24
 800b460:	ea85 6531 	eor.w	r5, r5, r1, ror #24
 800b464:	ea86 6632 	eor.w	r6, r6, r2, ror #24
 800b468:	ea87 6733 	eor.w	r7, r7, r3, ror #24
 800b46c:	f85e 8b04 	ldr.w	r8, [lr], #4
 800b470:	f85e 9b04 	ldr.w	r9, [lr], #4
 800b474:	f85e ab04 	ldr.w	sl, [lr], #4
 800b478:	f85e bb04 	ldr.w	fp, [lr], #4
 800b47c:	b2e0      	uxtb	r0, r4
 800b47e:	b2e9      	uxtb	r1, r5
 800b480:	b2f2      	uxtb	r2, r6
 800b482:	b2fb      	uxtb	r3, r7
 800b484:	f85c 0020 	ldr.w	r0, [ip, r0, lsl #2]
 800b488:	f85c 1021 	ldr.w	r1, [ip, r1, lsl #2]
 800b48c:	f85c 2022 	ldr.w	r2, [ip, r2, lsl #2]
 800b490:	f85c 3023 	ldr.w	r3, [ip, r3, lsl #2]
 800b494:	ea88 4830 	eor.w	r8, r8, r0, ror #16
 800b498:	ea89 4931 	eor.w	r9, r9, r1, ror #16
 800b49c:	ea8a 4a32 	eor.w	sl, sl, r2, ror #16
 800b4a0:	ea8b 4b33 	eor.w	fp, fp, r3, ror #16
 800b4a4:	fa5f f095 	uxtb.w	r0, r5, ror #8
 800b4a8:	fa5f f196 	uxtb.w	r1, r6, ror #8
 800b4ac:	fa5f f297 	uxtb.w	r2, r7, ror #8
 800b4b0:	fa5f f394 	uxtb.w	r3, r4, ror #8
 800b4b4:	f85c 0020 	ldr.w	r0, [ip, r0, lsl #2]
 800b4b8:	f85c 1021 	ldr.w	r1, [ip, r1, lsl #2]
 800b4bc:	f85c 2022 	ldr.w	r2, [ip, r2, lsl #2]
 800b4c0:	f85c 3023 	ldr.w	r3, [ip, r3, lsl #2]
 800b4c4:	ea88 2830 	eor.w	r8, r8, r0, ror #8
 800b4c8:	ea89 2931 	eor.w	r9, r9, r1, ror #8
 800b4cc:	ea8a 2a32 	eor.w	sl, sl, r2, ror #8
 800b4d0:	ea8b 2b33 	eor.w	fp, fp, r3, ror #8
 800b4d4:	fa5f f0a6 	uxtb.w	r0, r6, ror #16
 800b4d8:	fa5f f1a7 	uxtb.w	r1, r7, ror #16
 800b4dc:	fa5f f2a4 	uxtb.w	r2, r4, ror #16
 800b4e0:	fa5f f3a5 	uxtb.w	r3, r5, ror #16
 800b4e4:	f85c 0020 	ldr.w	r0, [ip, r0, lsl #2]
 800b4e8:	f85c 1021 	ldr.w	r1, [ip, r1, lsl #2]
 800b4ec:	f85c 2022 	ldr.w	r2, [ip, r2, lsl #2]
 800b4f0:	f85c 3023 	ldr.w	r3, [ip, r3, lsl #2]
 800b4f4:	ea88 0800 	eor.w	r8, r8, r0
 800b4f8:	ea89 0901 	eor.w	r9, r9, r1
 800b4fc:	ea8a 0a02 	eor.w	sl, sl, r2
 800b500:	ea8b 0b03 	eor.w	fp, fp, r3
 800b504:	fa5f f0b7 	uxtb.w	r0, r7, ror #24
 800b508:	fa5f f1b4 	uxtb.w	r1, r4, ror #24
 800b50c:	fa5f f2b5 	uxtb.w	r2, r5, ror #24
 800b510:	fa5f f3b6 	uxtb.w	r3, r6, ror #24
 800b514:	f85c 0020 	ldr.w	r0, [ip, r0, lsl #2]
 800b518:	f85c 1021 	ldr.w	r1, [ip, r1, lsl #2]
 800b51c:	f85c 2022 	ldr.w	r2, [ip, r2, lsl #2]
 800b520:	f85c 3023 	ldr.w	r3, [ip, r3, lsl #2]
 800b524:	ea88 6830 	eor.w	r8, r8, r0, ror #24
 800b528:	ea89 6931 	eor.w	r9, r9, r1, ror #24
 800b52c:	ea8a 6a32 	eor.w	sl, sl, r2, ror #24
 800b530:	ea8b 6b33 	eor.w	fp, fp, r3, ror #24
 800b534:	f85e 4b04 	ldr.w	r4, [lr], #4
 800b538:	f85e 5b04 	ldr.w	r5, [lr], #4
 800b53c:	f85e 6b04 	ldr.w	r6, [lr], #4
 800b540:	f85e 7b04 	ldr.w	r7, [lr], #4
 800b544:	fa5f f088 	uxtb.w	r0, r8
 800b548:	fa5f f189 	uxtb.w	r1, r9
 800b54c:	fa5f f28a 	uxtb.w	r2, sl
 800b550:	fa5f f38b 	uxtb.w	r3, fp
 800b554:	f85c 0020 	ldr.w	r0, [ip, r0, lsl #2]
 800b558:	f85c 1021 	ldr.w	r1, [ip, r1, lsl #2]
 800b55c:	f85c 2022 	ldr.w	r2, [ip, r2, lsl #2]
 800b560:	f85c 3023 	ldr.w	r3, [ip, r3, lsl #2]
 800b564:	ea84 4430 	eor.w	r4, r4, r0, ror #16
 800b568:	ea85 4531 	eor.w	r5, r5, r1, ror #16
 800b56c:	ea86 4632 	eor.w	r6, r6, r2, ror #16
 800b570:	ea87 4733 	eor.w	r7, r7, r3, ror #16
 800b574:	fa5f f099 	uxtb.w	r0, r9, ror #8
 800b578:	fa5f f19a 	uxtb.w	r1, sl, ror #8
 800b57c:	fa5f f29b 	uxtb.w	r2, fp, ror #8
 800b580:	fa5f f398 	uxtb.w	r3, r8, ror #8
 800b584:	f85c 0020 	ldr.w	r0, [ip, r0, lsl #2]
 800b588:	f85c 1021 	ldr.w	r1, [ip, r1, lsl #2]
 800b58c:	f85c 2022 	ldr.w	r2, [ip, r2, lsl #2]
 800b590:	f85c 3023 	ldr.w	r3, [ip, r3, lsl #2]
 800b594:	ea84 2430 	eor.w	r4, r4, r0, ror #8
 800b598:	ea85 2531 	eor.w	r5, r5, r1, ror #8
 800b59c:	ea86 2632 	eor.w	r6, r6, r2, ror #8
 800b5a0:	ea87 2733 	eor.w	r7, r7, r3, ror #8
 800b5a4:	fa5f f0aa 	uxtb.w	r0, sl, ror #16
 800b5a8:	fa5f f1ab 	uxtb.w	r1, fp, ror #16
 800b5ac:	fa5f f2a8 	uxtb.w	r2, r8, ror #16
 800b5b0:	fa5f f3a9 	uxtb.w	r3, r9, ror #16
 800b5b4:	f85c 0020 	ldr.w	r0, [ip, r0, lsl #2]
 800b5b8:	f85c 1021 	ldr.w	r1, [ip, r1, lsl #2]
 800b5bc:	f85c 2022 	ldr.w	r2, [ip, r2, lsl #2]
 800b5c0:	f85c 3023 	ldr.w	r3, [ip, r3, lsl #2]
 800b5c4:	ea84 0400 	eor.w	r4, r4, r0
 800b5c8:	ea85 0501 	eor.w	r5, r5, r1
 800b5cc:	ea86 0602 	eor.w	r6, r6, r2
 800b5d0:	ea87 0703 	eor.w	r7, r7, r3
 800b5d4:	fa5f f0bb 	uxtb.w	r0, fp, ror #24
 800b5d8:	fa5f f1b8 	uxtb.w	r1, r8, ror #24
 800b5dc:	fa5f f2b9 	uxtb.w	r2, r9, ror #24
 800b5e0:	fa5f f3ba 	uxtb.w	r3, sl, ror #24
 800b5e4:	f85c 0020 	ldr.w	r0, [ip, r0, lsl #2]
 800b5e8:	f85c 1021 	ldr.w	r1, [ip, r1, lsl #2]
 800b5ec:	f85c 2022 	ldr.w	r2, [ip, r2, lsl #2]
 800b5f0:	f85c 3023 	ldr.w	r3, [ip, r3, lsl #2]
 800b5f4:	ea84 6430 	eor.w	r4, r4, r0, ror #24
 800b5f8:	ea85 6531 	eor.w	r5, r5, r1, ror #24
 800b5fc:	ea86 6632 	eor.w	r6, r6, r2, ror #24
 800b600:	ea87 6733 	eor.w	r7, r7, r3, ror #24
 800b604:	f85e 8b04 	ldr.w	r8, [lr], #4
 800b608:	f85e 9b04 	ldr.w	r9, [lr], #4
 800b60c:	f85e ab04 	ldr.w	sl, [lr], #4
 800b610:	f85e bb04 	ldr.w	fp, [lr], #4
 800b614:	b2e0      	uxtb	r0, r4
 800b616:	b2e9      	uxtb	r1, r5
 800b618:	b2f2      	uxtb	r2, r6
 800b61a:	b2fb      	uxtb	r3, r7
 800b61c:	f85c 0020 	ldr.w	r0, [ip, r0, lsl #2]
 800b620:	f85c 1021 	ldr.w	r1, [ip, r1, lsl #2]
 800b624:	f85c 2022 	ldr.w	r2, [ip, r2, lsl #2]
 800b628:	f85c 3023 	ldr.w	r3, [ip, r3, lsl #2]
 800b62c:	ea88 4830 	eor.w	r8, r8, r0, ror #16
 800b630:	ea89 4931 	eor.w	r9, r9, r1, ror #16
 800b634:	ea8a 4a32 	eor.w	sl, sl, r2, ror #16
 800b638:	ea8b 4b33 	eor.w	fp, fp, r3, ror #16
 800b63c:	fa5f f095 	uxtb.w	r0, r5, ror #8
 800b640:	fa5f f196 	uxtb.w	r1, r6, ror #8
 800b644:	fa5f f297 	uxtb.w	r2, r7, ror #8
 800b648:	fa5f f394 	uxtb.w	r3, r4, ror #8
 800b64c:	f85c 0020 	ldr.w	r0, [ip, r0, lsl #2]
 800b650:	f85c 1021 	ldr.w	r1, [ip, r1, lsl #2]
 800b654:	f85c 2022 	ldr.w	r2, [ip, r2, lsl #2]
 800b658:	f85c 3023 	ldr.w	r3, [ip, r3, lsl #2]
 800b65c:	ea88 2830 	eor.w	r8, r8, r0, ror #8
 800b660:	ea89 2931 	eor.w	r9, r9, r1, ror #8
 800b664:	ea8a 2a32 	eor.w	sl, sl, r2, ror #8
 800b668:	ea8b 2b33 	eor.w	fp, fp, r3, ror #8
 800b66c:	fa5f f0a6 	uxtb.w	r0, r6, ror #16
 800b670:	fa5f f1a7 	uxtb.w	r1, r7, ror #16
 800b674:	fa5f f2a4 	uxtb.w	r2, r4, ror #16
 800b678:	fa5f f3a5 	uxtb.w	r3, r5, ror #16
 800b67c:	f85c 0020 	ldr.w	r0, [ip, r0, lsl #2]
 800b680:	f85c 1021 	ldr.w	r1, [ip, r1, lsl #2]
 800b684:	f85c 2022 	ldr.w	r2, [ip, r2, lsl #2]
 800b688:	f85c 3023 	ldr.w	r3, [ip, r3, lsl #2]
 800b68c:	ea88 0800 	eor.w	r8, r8, r0
 800b690:	ea89 0901 	eor.w	r9, r9, r1
 800b694:	ea8a 0a02 	eor.w	sl, sl, r2
 800b698:	ea8b 0b03 	eor.w	fp, fp, r3
 800b69c:	fa5f f0b7 	uxtb.w	r0, r7, ror #24
 800b6a0:	fa5f f1b4 	uxtb.w	r1, r4, ror #24
 800b6a4:	fa5f f2b5 	uxtb.w	r2, r5, ror #24
 800b6a8:	fa5f f3b6 	uxtb.w	r3, r6, ror #24
 800b6ac:	f85c 0020 	ldr.w	r0, [ip, r0, lsl #2]
 800b6b0:	f85c 1021 	ldr.w	r1, [ip, r1, lsl #2]
 800b6b4:	f85c 2022 	ldr.w	r2, [ip, r2, lsl #2]
 800b6b8:	f85c 3023 	ldr.w	r3, [ip, r3, lsl #2]
 800b6bc:	ea88 6830 	eor.w	r8, r8, r0, ror #24
 800b6c0:	ea89 6931 	eor.w	r9, r9, r1, ror #24
 800b6c4:	ea8a 6a32 	eor.w	sl, sl, r2, ror #24
 800b6c8:	ea8b 6b33 	eor.w	fp, fp, r3, ror #24
 800b6cc:	f85e 4b04 	ldr.w	r4, [lr], #4
 800b6d0:	f85e 5b04 	ldr.w	r5, [lr], #4
 800b6d4:	f85e 6b04 	ldr.w	r6, [lr], #4
 800b6d8:	f85e 7b04 	ldr.w	r7, [lr], #4
 800b6dc:	fa5f f088 	uxtb.w	r0, r8
 800b6e0:	fa5f f189 	uxtb.w	r1, r9
 800b6e4:	fa5f f28a 	uxtb.w	r2, sl
 800b6e8:	fa5f f38b 	uxtb.w	r3, fp
 800b6ec:	f85c 0020 	ldr.w	r0, [ip, r0, lsl #2]
 800b6f0:	f85c 1021 	ldr.w	r1, [ip, r1, lsl #2]
 800b6f4:	f85c 2022 	ldr.w	r2, [ip, r2, lsl #2]
 800b6f8:	f85c 3023 	ldr.w	r3, [ip, r3, lsl #2]
 800b6fc:	ea84 4430 	eor.w	r4, r4, r0, ror #16
 800b700:	ea85 4531 	eor.w	r5, r5, r1, ror #16
 800b704:	ea86 4632 	eor.w	r6, r6, r2, ror #16
 800b708:	ea87 4733 	eor.w	r7, r7, r3, ror #16
 800b70c:	fa5f f099 	uxtb.w	r0, r9, ror #8
 800b710:	fa5f f19a 	uxtb.w	r1, sl, ror #8
 800b714:	fa5f f29b 	uxtb.w	r2, fp, ror #8
 800b718:	fa5f f398 	uxtb.w	r3, r8, ror #8
 800b71c:	f85c 0020 	ldr.w	r0, [ip, r0, lsl #2]
 800b720:	f85c 1021 	ldr.w	r1, [ip, r1, lsl #2]
 800b724:	f85c 2022 	ldr.w	r2, [ip, r2, lsl #2]
 800b728:	f85c 3023 	ldr.w	r3, [ip, r3, lsl #2]
 800b72c:	ea84 2430 	eor.w	r4, r4, r0, ror #8
 800b730:	ea85 2531 	eor.w	r5, r5, r1, ror #8
 800b734:	ea86 2632 	eor.w	r6, r6, r2, ror #8
 800b738:	ea87 2733 	eor.w	r7, r7, r3, ror #8
 800b73c:	fa5f f0aa 	uxtb.w	r0, sl, ror #16
 800b740:	fa5f f1ab 	uxtb.w	r1, fp, ror #16
 800b744:	fa5f f2a8 	uxtb.w	r2, r8, ror #16
 800b748:	fa5f f3a9 	uxtb.w	r3, r9, ror #16
 800b74c:	f85c 0020 	ldr.w	r0, [ip, r0, lsl #2]
 800b750:	f85c 1021 	ldr.w	r1, [ip, r1, lsl #2]
 800b754:	f85c 2022 	ldr.w	r2, [ip, r2, lsl #2]
 800b758:	f85c 3023 	ldr.w	r3, [ip, r3, lsl #2]
 800b75c:	ea84 0400 	eor.w	r4, r4, r0
 800b760:	ea85 0501 	eor.w	r5, r5, r1
 800b764:	ea86 0602 	eor.w	r6, r6, r2
 800b768:	ea87 0703 	eor.w	r7, r7, r3
 800b76c:	fa5f f0bb 	uxtb.w	r0, fp, ror #24
 800b770:	fa5f f1b8 	uxtb.w	r1, r8, ror #24
 800b774:	fa5f f2b9 	uxtb.w	r2, r9, ror #24
 800b778:	fa5f f3ba 	uxtb.w	r3, sl, ror #24
 800b77c:	f85c 0020 	ldr.w	r0, [ip, r0, lsl #2]
 800b780:	f85c 1021 	ldr.w	r1, [ip, r1, lsl #2]
 800b784:	f85c 2022 	ldr.w	r2, [ip, r2, lsl #2]
 800b788:	f85c 3023 	ldr.w	r3, [ip, r3, lsl #2]
 800b78c:	ea84 6430 	eor.w	r4, r4, r0, ror #24
 800b790:	ea85 6531 	eor.w	r5, r5, r1, ror #24
 800b794:	ea86 6632 	eor.w	r6, r6, r2, ror #24
 800b798:	ea87 6733 	eor.w	r7, r7, r3, ror #24
 800b79c:	f85e 8b04 	ldr.w	r8, [lr], #4
 800b7a0:	f85e 9b04 	ldr.w	r9, [lr], #4
 800b7a4:	f85e ab04 	ldr.w	sl, [lr], #4
 800b7a8:	f85e bb04 	ldr.w	fp, [lr], #4
 800b7ac:	b2e0      	uxtb	r0, r4
 800b7ae:	b2e9      	uxtb	r1, r5
 800b7b0:	b2f2      	uxtb	r2, r6
 800b7b2:	b2fb      	uxtb	r3, r7
 800b7b4:	f85c 0020 	ldr.w	r0, [ip, r0, lsl #2]
 800b7b8:	f85c 1021 	ldr.w	r1, [ip, r1, lsl #2]
 800b7bc:	f85c 2022 	ldr.w	r2, [ip, r2, lsl #2]
 800b7c0:	f85c 3023 	ldr.w	r3, [ip, r3, lsl #2]
 800b7c4:	ea88 4830 	eor.w	r8, r8, r0, ror #16
 800b7c8:	ea89 4931 	eor.w	r9, r9, r1, ror #16
 800b7cc:	ea8a 4a32 	eor.w	sl, sl, r2, ror #16
 800b7d0:	ea8b 4b33 	eor.w	fp, fp, r3, ror #16
 800b7d4:	fa5f f095 	uxtb.w	r0, r5, ror #8
 800b7d8:	fa5f f196 	uxtb.w	r1, r6, ror #8
 800b7dc:	fa5f f297 	uxtb.w	r2, r7, ror #8
 800b7e0:	fa5f f394 	uxtb.w	r3, r4, ror #8
 800b7e4:	f85c 0020 	ldr.w	r0, [ip, r0, lsl #2]
 800b7e8:	f85c 1021 	ldr.w	r1, [ip, r1, lsl #2]
 800b7ec:	f85c 2022 	ldr.w	r2, [ip, r2, lsl #2]
 800b7f0:	f85c 3023 	ldr.w	r3, [ip, r3, lsl #2]
 800b7f4:	ea88 2830 	eor.w	r8, r8, r0, ror #8
 800b7f8:	ea89 2931 	eor.w	r9, r9, r1, ror #8
 800b7fc:	ea8a 2a32 	eor.w	sl, sl, r2, ror #8
 800b800:	ea8b 2b33 	eor.w	fp, fp, r3, ror #8
 800b804:	fa5f f0a6 	uxtb.w	r0, r6, ror #16
 800b808:	fa5f f1a7 	uxtb.w	r1, r7, ror #16
 800b80c:	fa5f f2a4 	uxtb.w	r2, r4, ror #16
 800b810:	fa5f f3a5 	uxtb.w	r3, r5, ror #16
 800b814:	f85c 0020 	ldr.w	r0, [ip, r0, lsl #2]
 800b818:	f85c 1021 	ldr.w	r1, [ip, r1, lsl #2]
 800b81c:	f85c 2022 	ldr.w	r2, [ip, r2, lsl #2]
 800b820:	f85c 3023 	ldr.w	r3, [ip, r3, lsl #2]
 800b824:	ea88 0800 	eor.w	r8, r8, r0
 800b828:	ea89 0901 	eor.w	r9, r9, r1
 800b82c:	ea8a 0a02 	eor.w	sl, sl, r2
 800b830:	ea8b 0b03 	eor.w	fp, fp, r3
 800b834:	fa5f f0b7 	uxtb.w	r0, r7, ror #24
 800b838:	fa5f f1b4 	uxtb.w	r1, r4, ror #24
 800b83c:	fa5f f2b5 	uxtb.w	r2, r5, ror #24
 800b840:	fa5f f3b6 	uxtb.w	r3, r6, ror #24
 800b844:	f85c 0020 	ldr.w	r0, [ip, r0, lsl #2]
 800b848:	f85c 1021 	ldr.w	r1, [ip, r1, lsl #2]
 800b84c:	f85c 2022 	ldr.w	r2, [ip, r2, lsl #2]
 800b850:	f85c 3023 	ldr.w	r3, [ip, r3, lsl #2]
 800b854:	ea88 6830 	eor.w	r8, r8, r0, ror #24
 800b858:	ea89 6931 	eor.w	r9, r9, r1, ror #24
 800b85c:	ea8a 6a32 	eor.w	sl, sl, r2, ror #24
 800b860:	ea8b 6b33 	eor.w	fp, fp, r3, ror #24
 800b864:	f85e 4b04 	ldr.w	r4, [lr], #4
 800b868:	f85e 5b04 	ldr.w	r5, [lr], #4
 800b86c:	f85e 6b04 	ldr.w	r6, [lr], #4
 800b870:	f85e 7b04 	ldr.w	r7, [lr], #4
 800b874:	fa5f f088 	uxtb.w	r0, r8
 800b878:	fa5f f189 	uxtb.w	r1, r9
 800b87c:	fa5f f28a 	uxtb.w	r2, sl
 800b880:	fa5f f38b 	uxtb.w	r3, fp
 800b884:	f85c 0020 	ldr.w	r0, [ip, r0, lsl #2]
 800b888:	f85c 1021 	ldr.w	r1, [ip, r1, lsl #2]
 800b88c:	f85c 2022 	ldr.w	r2, [ip, r2, lsl #2]
 800b890:	f85c 3023 	ldr.w	r3, [ip, r3, lsl #2]
 800b894:	ea84 4430 	eor.w	r4, r4, r0, ror #16
 800b898:	ea85 4531 	eor.w	r5, r5, r1, ror #16
 800b89c:	ea86 4632 	eor.w	r6, r6, r2, ror #16
 800b8a0:	ea87 4733 	eor.w	r7, r7, r3, ror #16
 800b8a4:	fa5f f099 	uxtb.w	r0, r9, ror #8
 800b8a8:	fa5f f19a 	uxtb.w	r1, sl, ror #8
 800b8ac:	fa5f f29b 	uxtb.w	r2, fp, ror #8
 800b8b0:	fa5f f398 	uxtb.w	r3, r8, ror #8
 800b8b4:	f85c 0020 	ldr.w	r0, [ip, r0, lsl #2]
 800b8b8:	f85c 1021 	ldr.w	r1, [ip, r1, lsl #2]
 800b8bc:	f85c 2022 	ldr.w	r2, [ip, r2, lsl #2]
 800b8c0:	f85c 3023 	ldr.w	r3, [ip, r3, lsl #2]
 800b8c4:	ea84 2430 	eor.w	r4, r4, r0, ror #8
 800b8c8:	ea85 2531 	eor.w	r5, r5, r1, ror #8
 800b8cc:	ea86 2632 	eor.w	r6, r6, r2, ror #8
 800b8d0:	ea87 2733 	eor.w	r7, r7, r3, ror #8
 800b8d4:	fa5f f0aa 	uxtb.w	r0, sl, ror #16
 800b8d8:	fa5f f1ab 	uxtb.w	r1, fp, ror #16
 800b8dc:	fa5f f2a8 	uxtb.w	r2, r8, ror #16
 800b8e0:	fa5f f3a9 	uxtb.w	r3, r9, ror #16
 800b8e4:	f85c 0020 	ldr.w	r0, [ip, r0, lsl #2]
 800b8e8:	f85c 1021 	ldr.w	r1, [ip, r1, lsl #2]
 800b8ec:	f85c 2022 	ldr.w	r2, [ip, r2, lsl #2]
 800b8f0:	f85c 3023 	ldr.w	r3, [ip, r3, lsl #2]
 800b8f4:	ea84 0400 	eor.w	r4, r4, r0
 800b8f8:	ea85 0501 	eor.w	r5, r5, r1
 800b8fc:	ea86 0602 	eor.w	r6, r6, r2
 800b900:	ea87 0703 	eor.w	r7, r7, r3
 800b904:	fa5f f0bb 	uxtb.w	r0, fp, ror #24
 800b908:	fa5f f1b8 	uxtb.w	r1, r8, ror #24
 800b90c:	fa5f f2b9 	uxtb.w	r2, r9, ror #24
 800b910:	fa5f f3ba 	uxtb.w	r3, sl, ror #24
 800b914:	f85c 0020 	ldr.w	r0, [ip, r0, lsl #2]
 800b918:	f85c 1021 	ldr.w	r1, [ip, r1, lsl #2]
 800b91c:	f85c 2022 	ldr.w	r2, [ip, r2, lsl #2]
 800b920:	f85c 3023 	ldr.w	r3, [ip, r3, lsl #2]
 800b924:	ea84 6430 	eor.w	r4, r4, r0, ror #24
 800b928:	ea85 6531 	eor.w	r5, r5, r1, ror #24
 800b92c:	ea86 6632 	eor.w	r6, r6, r2, ror #24
 800b930:	ea87 6733 	eor.w	r7, r7, r3, ror #24
 800b934:	f85e 8b04 	ldr.w	r8, [lr], #4
 800b938:	f85e 9b04 	ldr.w	r9, [lr], #4
 800b93c:	f85e ab04 	ldr.w	sl, [lr], #4
 800b940:	f85e bb04 	ldr.w	fp, [lr], #4
 800b944:	b2e0      	uxtb	r0, r4
 800b946:	b2e9      	uxtb	r1, r5
 800b948:	b2f2      	uxtb	r2, r6
 800b94a:	b2fb      	uxtb	r3, r7
 800b94c:	f85c 0020 	ldr.w	r0, [ip, r0, lsl #2]
 800b950:	f85c 1021 	ldr.w	r1, [ip, r1, lsl #2]
 800b954:	f85c 2022 	ldr.w	r2, [ip, r2, lsl #2]
 800b958:	f85c 3023 	ldr.w	r3, [ip, r3, lsl #2]
 800b95c:	ea88 4830 	eor.w	r8, r8, r0, ror #16
 800b960:	ea89 4931 	eor.w	r9, r9, r1, ror #16
 800b964:	ea8a 4a32 	eor.w	sl, sl, r2, ror #16
 800b968:	ea8b 4b33 	eor.w	fp, fp, r3, ror #16
 800b96c:	fa5f f095 	uxtb.w	r0, r5, ror #8
 800b970:	fa5f f196 	uxtb.w	r1, r6, ror #8
 800b974:	fa5f f297 	uxtb.w	r2, r7, ror #8
 800b978:	fa5f f394 	uxtb.w	r3, r4, ror #8
 800b97c:	f85c 0020 	ldr.w	r0, [ip, r0, lsl #2]
 800b980:	f85c 1021 	ldr.w	r1, [ip, r1, lsl #2]
 800b984:	f85c 2022 	ldr.w	r2, [ip, r2, lsl #2]
 800b988:	f85c 3023 	ldr.w	r3, [ip, r3, lsl #2]
 800b98c:	ea88 2830 	eor.w	r8, r8, r0, ror #8
 800b990:	ea89 2931 	eor.w	r9, r9, r1, ror #8
 800b994:	ea8a 2a32 	eor.w	sl, sl, r2, ror #8
 800b998:	ea8b 2b33 	eor.w	fp, fp, r3, ror #8
 800b99c:	fa5f f0a6 	uxtb.w	r0, r6, ror #16
 800b9a0:	fa5f f1a7 	uxtb.w	r1, r7, ror #16
 800b9a4:	fa5f f2a4 	uxtb.w	r2, r4, ror #16
 800b9a8:	fa5f f3a5 	uxtb.w	r3, r5, ror #16
 800b9ac:	f85c 0020 	ldr.w	r0, [ip, r0, lsl #2]
 800b9b0:	f85c 1021 	ldr.w	r1, [ip, r1, lsl #2]
 800b9b4:	f85c 2022 	ldr.w	r2, [ip, r2, lsl #2]
 800b9b8:	f85c 3023 	ldr.w	r3, [ip, r3, lsl #2]
 800b9bc:	ea88 0800 	eor.w	r8, r8, r0
 800b9c0:	ea89 0901 	eor.w	r9, r9, r1
 800b9c4:	ea8a 0a02 	eor.w	sl, sl, r2
 800b9c8:	ea8b 0b03 	eor.w	fp, fp, r3
 800b9cc:	fa5f f0b7 	uxtb.w	r0, r7, ror #24
 800b9d0:	fa5f f1b4 	uxtb.w	r1, r4, ror #24
 800b9d4:	fa5f f2b5 	uxtb.w	r2, r5, ror #24
 800b9d8:	fa5f f3b6 	uxtb.w	r3, r6, ror #24
 800b9dc:	f85c 0020 	ldr.w	r0, [ip, r0, lsl #2]
 800b9e0:	f85c 1021 	ldr.w	r1, [ip, r1, lsl #2]
 800b9e4:	f85c 2022 	ldr.w	r2, [ip, r2, lsl #2]
 800b9e8:	f85c 3023 	ldr.w	r3, [ip, r3, lsl #2]
 800b9ec:	ea88 6830 	eor.w	r8, r8, r0, ror #24
 800b9f0:	ea89 6931 	eor.w	r9, r9, r1, ror #24
 800b9f4:	ea8a 6a32 	eor.w	sl, sl, r2, ror #24
 800b9f8:	ea8b 6b33 	eor.w	fp, fp, r3, ror #24
 800b9fc:	f85e 4b04 	ldr.w	r4, [lr], #4
 800ba00:	f85e 5b04 	ldr.w	r5, [lr], #4
 800ba04:	f85e 6b04 	ldr.w	r6, [lr], #4
 800ba08:	f85e 7b04 	ldr.w	r7, [lr], #4
 800ba0c:	fa5f f088 	uxtb.w	r0, r8
 800ba10:	fa5f f189 	uxtb.w	r1, r9
 800ba14:	fa5f f28a 	uxtb.w	r2, sl
 800ba18:	fa5f f38b 	uxtb.w	r3, fp
 800ba1c:	f85c 0020 	ldr.w	r0, [ip, r0, lsl #2]
 800ba20:	f85c 1021 	ldr.w	r1, [ip, r1, lsl #2]
 800ba24:	f85c 2022 	ldr.w	r2, [ip, r2, lsl #2]
 800ba28:	f85c 3023 	ldr.w	r3, [ip, r3, lsl #2]
 800ba2c:	ea84 4430 	eor.w	r4, r4, r0, ror #16
 800ba30:	ea85 4531 	eor.w	r5, r5, r1, ror #16
 800ba34:	ea86 4632 	eor.w	r6, r6, r2, ror #16
 800ba38:	ea87 4733 	eor.w	r7, r7, r3, ror #16
 800ba3c:	fa5f f099 	uxtb.w	r0, r9, ror #8
 800ba40:	fa5f f19a 	uxtb.w	r1, sl, ror #8
 800ba44:	fa5f f29b 	uxtb.w	r2, fp, ror #8
 800ba48:	fa5f f398 	uxtb.w	r3, r8, ror #8
 800ba4c:	f85c 0020 	ldr.w	r0, [ip, r0, lsl #2]
 800ba50:	f85c 1021 	ldr.w	r1, [ip, r1, lsl #2]
 800ba54:	f85c 2022 	ldr.w	r2, [ip, r2, lsl #2]
 800ba58:	f85c 3023 	ldr.w	r3, [ip, r3, lsl #2]
 800ba5c:	ea84 2430 	eor.w	r4, r4, r0, ror #8
 800ba60:	ea85 2531 	eor.w	r5, r5, r1, ror #8
 800ba64:	ea86 2632 	eor.w	r6, r6, r2, ror #8
 800ba68:	ea87 2733 	eor.w	r7, r7, r3, ror #8
 800ba6c:	fa5f f0aa 	uxtb.w	r0, sl, ror #16
 800ba70:	fa5f f1ab 	uxtb.w	r1, fp, ror #16
 800ba74:	fa5f f2a8 	uxtb.w	r2, r8, ror #16
 800ba78:	fa5f f3a9 	uxtb.w	r3, r9, ror #16
 800ba7c:	f85c 0020 	ldr.w	r0, [ip, r0, lsl #2]
 800ba80:	f85c 1021 	ldr.w	r1, [ip, r1, lsl #2]
 800ba84:	f85c 2022 	ldr.w	r2, [ip, r2, lsl #2]
 800ba88:	f85c 3023 	ldr.w	r3, [ip, r3, lsl #2]
 800ba8c:	ea84 0400 	eor.w	r4, r4, r0
 800ba90:	ea85 0501 	eor.w	r5, r5, r1
 800ba94:	ea86 0602 	eor.w	r6, r6, r2
 800ba98:	ea87 0703 	eor.w	r7, r7, r3
 800ba9c:	fa5f f0bb 	uxtb.w	r0, fp, ror #24
 800baa0:	fa5f f1b8 	uxtb.w	r1, r8, ror #24
 800baa4:	fa5f f2b9 	uxtb.w	r2, r9, ror #24
 800baa8:	fa5f f3ba 	uxtb.w	r3, sl, ror #24
 800baac:	f85c 0020 	ldr.w	r0, [ip, r0, lsl #2]
 800bab0:	f85c 1021 	ldr.w	r1, [ip, r1, lsl #2]
 800bab4:	f85c 2022 	ldr.w	r2, [ip, r2, lsl #2]
 800bab8:	f85c 3023 	ldr.w	r3, [ip, r3, lsl #2]
 800babc:	ea84 6430 	eor.w	r4, r4, r0, ror #24
 800bac0:	ea85 6531 	eor.w	r5, r5, r1, ror #24
 800bac4:	ea86 6632 	eor.w	r6, r6, r2, ror #24
 800bac8:	ea87 6733 	eor.w	r7, r7, r3, ror #24
 800bacc:	f85e 8b04 	ldr.w	r8, [lr], #4
 800bad0:	f85e 9b04 	ldr.w	r9, [lr], #4
 800bad4:	f85e ab04 	ldr.w	sl, [lr], #4
 800bad8:	f85e bb04 	ldr.w	fp, [lr], #4
 800badc:	b2e0      	uxtb	r0, r4
 800bade:	b2e9      	uxtb	r1, r5
 800bae0:	b2f2      	uxtb	r2, r6
 800bae2:	b2fb      	uxtb	r3, r7
 800bae4:	f85c 0020 	ldr.w	r0, [ip, r0, lsl #2]
 800bae8:	f85c 1021 	ldr.w	r1, [ip, r1, lsl #2]
 800baec:	f85c 2022 	ldr.w	r2, [ip, r2, lsl #2]
 800baf0:	f85c 3023 	ldr.w	r3, [ip, r3, lsl #2]
 800baf4:	ea88 4830 	eor.w	r8, r8, r0, ror #16
 800baf8:	ea89 4931 	eor.w	r9, r9, r1, ror #16
 800bafc:	ea8a 4a32 	eor.w	sl, sl, r2, ror #16
 800bb00:	ea8b 4b33 	eor.w	fp, fp, r3, ror #16
 800bb04:	fa5f f095 	uxtb.w	r0, r5, ror #8
 800bb08:	fa5f f196 	uxtb.w	r1, r6, ror #8
 800bb0c:	fa5f f297 	uxtb.w	r2, r7, ror #8
 800bb10:	fa5f f394 	uxtb.w	r3, r4, ror #8
 800bb14:	f85c 0020 	ldr.w	r0, [ip, r0, lsl #2]
 800bb18:	f85c 1021 	ldr.w	r1, [ip, r1, lsl #2]
 800bb1c:	f85c 2022 	ldr.w	r2, [ip, r2, lsl #2]
 800bb20:	f85c 3023 	ldr.w	r3, [ip, r3, lsl #2]
 800bb24:	ea88 2830 	eor.w	r8, r8, r0, ror #8
 800bb28:	ea89 2931 	eor.w	r9, r9, r1, ror #8
 800bb2c:	ea8a 2a32 	eor.w	sl, sl, r2, ror #8
 800bb30:	ea8b 2b33 	eor.w	fp, fp, r3, ror #8
 800bb34:	fa5f f0a6 	uxtb.w	r0, r6, ror #16
 800bb38:	fa5f f1a7 	uxtb.w	r1, r7, ror #16
 800bb3c:	fa5f f2a4 	uxtb.w	r2, r4, ror #16
 800bb40:	fa5f f3a5 	uxtb.w	r3, r5, ror #16
 800bb44:	f85c 0020 	ldr.w	r0, [ip, r0, lsl #2]
 800bb48:	f85c 1021 	ldr.w	r1, [ip, r1, lsl #2]
 800bb4c:	f85c 2022 	ldr.w	r2, [ip, r2, lsl #2]
 800bb50:	f85c 3023 	ldr.w	r3, [ip, r3, lsl #2]
 800bb54:	ea88 0800 	eor.w	r8, r8, r0
 800bb58:	ea89 0901 	eor.w	r9, r9, r1
 800bb5c:	ea8a 0a02 	eor.w	sl, sl, r2
 800bb60:	ea8b 0b03 	eor.w	fp, fp, r3
 800bb64:	fa5f f0b7 	uxtb.w	r0, r7, ror #24
 800bb68:	fa5f f1b4 	uxtb.w	r1, r4, ror #24
 800bb6c:	fa5f f2b5 	uxtb.w	r2, r5, ror #24
 800bb70:	fa5f f3b6 	uxtb.w	r3, r6, ror #24
 800bb74:	f85c 0020 	ldr.w	r0, [ip, r0, lsl #2]
 800bb78:	f85c 1021 	ldr.w	r1, [ip, r1, lsl #2]
 800bb7c:	f85c 2022 	ldr.w	r2, [ip, r2, lsl #2]
 800bb80:	f85c 3023 	ldr.w	r3, [ip, r3, lsl #2]
 800bb84:	ea88 6830 	eor.w	r8, r8, r0, ror #24
 800bb88:	ea89 6931 	eor.w	r9, r9, r1, ror #24
 800bb8c:	ea8a 6a32 	eor.w	sl, sl, r2, ror #24
 800bb90:	ea8b 6b33 	eor.w	fp, fp, r3, ror #24
 800bb94:	fa5f f0bb 	uxtb.w	r0, fp, ror #24
 800bb98:	fa5f f1b8 	uxtb.w	r1, r8, ror #24
 800bb9c:	fa5f f2b9 	uxtb.w	r2, r9, ror #24
 800bba0:	fa5f f3ba 	uxtb.w	r3, sl, ror #24
 800bba4:	f85c 4020 	ldr.w	r4, [ip, r0, lsl #2]
 800bba8:	f85c 5021 	ldr.w	r5, [ip, r1, lsl #2]
 800bbac:	f85c 6022 	ldr.w	r6, [ip, r2, lsl #2]
 800bbb0:	f85c 7023 	ldr.w	r7, [ip, r3, lsl #2]
 800bbb4:	fa5f f0aa 	uxtb.w	r0, sl, ror #16
 800bbb8:	fa5f f1ab 	uxtb.w	r1, fp, ror #16
 800bbbc:	fa5f f2a8 	uxtb.w	r2, r8, ror #16
 800bbc0:	fa5f f3a9 	uxtb.w	r3, r9, ror #16
 800bbc4:	f85c 0020 	ldr.w	r0, [ip, r0, lsl #2]
 800bbc8:	f85c 1021 	ldr.w	r1, [ip, r1, lsl #2]
 800bbcc:	f85c 2022 	ldr.w	r2, [ip, r2, lsl #2]
 800bbd0:	f85c 3023 	ldr.w	r3, [ip, r3, lsl #2]
 800bbd4:	f360 641f 	bfi	r4, r0, #24, #8
 800bbd8:	f361 651f 	bfi	r5, r1, #24, #8
 800bbdc:	f362 661f 	bfi	r6, r2, #24, #8
 800bbe0:	f363 671f 	bfi	r7, r3, #24, #8
 800bbe4:	fa5f f088 	uxtb.w	r0, r8
 800bbe8:	fa5f f189 	uxtb.w	r1, r9
 800bbec:	fa5f f28a 	uxtb.w	r2, sl
 800bbf0:	fa5f f38b 	uxtb.w	r3, fp
 800bbf4:	f85c 0020 	ldr.w	r0, [ip, r0, lsl #2]
 800bbf8:	f85c 1021 	ldr.w	r1, [ip, r1, lsl #2]
 800bbfc:	f85c 2022 	ldr.w	r2, [ip, r2, lsl #2]
 800bc00:	f85c 3023 	ldr.w	r3, [ip, r3, lsl #2]
 800bc04:	f360 240f 	bfi	r4, r0, #8, #8
 800bc08:	f361 250f 	bfi	r5, r1, #8, #8
 800bc0c:	f362 260f 	bfi	r6, r2, #8, #8
 800bc10:	f363 270f 	bfi	r7, r3, #8, #8
 800bc14:	fa5f f099 	uxtb.w	r0, r9, ror #8
 800bc18:	fa5f f19a 	uxtb.w	r1, sl, ror #8
 800bc1c:	fa5f f29b 	uxtb.w	r2, fp, ror #8
 800bc20:	fa5f f398 	uxtb.w	r3, r8, ror #8
 800bc24:	f85c 0020 	ldr.w	r0, [ip, r0, lsl #2]
 800bc28:	f85c 1021 	ldr.w	r1, [ip, r1, lsl #2]
 800bc2c:	f85c 2022 	ldr.w	r2, [ip, r2, lsl #2]
 800bc30:	f85c 3023 	ldr.w	r3, [ip, r3, lsl #2]
 800bc34:	f360 4417 	bfi	r4, r0, #16, #8
 800bc38:	f361 4517 	bfi	r5, r1, #16, #8
 800bc3c:	f362 4617 	bfi	r6, r2, #16, #8
 800bc40:	f363 4717 	bfi	r7, r3, #16, #8
 800bc44:	f8de 0000 	ldr.w	r0, [lr]
 800bc48:	f8de 1004 	ldr.w	r1, [lr, #4]
 800bc4c:	f8de 2008 	ldr.w	r2, [lr, #8]
 800bc50:	f8de 300c 	ldr.w	r3, [lr, #12]
 800bc54:	ea80 2034 	eor.w	r0, r0, r4, ror #8
 800bc58:	ea81 2135 	eor.w	r1, r1, r5, ror #8
 800bc5c:	ea82 2236 	eor.w	r2, r2, r6, ror #8
 800bc60:	f85d 4b04 	ldr.w	r4, [sp], #4
 800bc64:	ea83 2337 	eor.w	r3, r3, r7, ror #8
 800bc68:	6020      	str	r0, [r4, #0]
 800bc6a:	6061      	str	r1, [r4, #4]
 800bc6c:	60a2      	str	r2, [r4, #8]
 800bc6e:	60e3      	str	r3, [r4, #12]
 800bc70:	e8bd 5ff0 	ldmia.w	sp!, {r4, r5, r6, r7, r8, r9, sl, fp, ip, lr}
 800bc74:	4770      	bx	lr
 800bc76:	0000      	.short	0x0000
 800bc78:	20000000 	.word	0x20000000

0800bc7c <_init>:
 800bc7c:	b5f8      	push	{r3, r4, r5, r6, r7, lr}
 800bc7e:	bf00      	nop
 800bc80:	bcf8      	pop	{r3, r4, r5, r6, r7}
 800bc82:	bc08      	pop	{r3}
 800bc84:	469e      	mov	lr, r3
 800bc86:	4770      	bx	lr

0800bc88 <_fini>:
 800bc88:	b5f8      	push	{r3, r4, r5, r6, r7, lr}
 800bc8a:	bf00      	nop
 800bc8c:	bcf8      	pop	{r3, r4, r5, r6, r7}
 800bc8e:	bc08      	pop	{r3}
 800bc90:	469e      	mov	lr, r3
 800bc92:	4770      	bx	lr
